Copyright 1986-2015 Xilinx, Inc. All Rights Reserved.
-------------------------------------------------------------------------------------------------------------------------------------------------------------
| Tool Version : Vivado v.2015.4 (win64) Build 1412921 Wed Nov 18 09:43:45 MST 2015
| Date         : Wed Dec 17 02:01:07 2025
| Host         : LAPTOP-E1PCNTPB running 64-bit major release  (build 9200)
| Command      : report_timing_summary -warn_on_violation -max_paths 10 -file top_module_timing_summary_routed.rpt -rpx top_module_timing_summary_routed.rpx
| Design       : top_module
| Device       : 7a35t-cpg236
| Speed File   : -1  PRODUCTION 1.14 2014-09-11
-------------------------------------------------------------------------------------------------------------------------------------------------------------

Timing Summary Report

------------------------------------------------------------------------------------------------
| Timer Settings
| --------------
------------------------------------------------------------------------------------------------

  Enable Multi Corner Analysis               :  Yes
  Enable Pessimism Removal                   :  Yes
  Pessimism Removal Resolution               :  Nearest Common Node
  Enable Input Delay Default Clock           :  No
  Enable Preset / Clear Arcs                 :  No
  Disable Flight Delays                      :  No
  Ignore I/O Paths                           :  No
  Timing Early Launch at Borrowing Latches   :  false

  Corner  Analyze    Analyze    
  Name    Max Paths  Min Paths  
  ------  ---------  ---------  
  Slow    Yes        Yes        
  Fast    Yes        Yes        



check_timing report

Table of Contents
-----------------
1. checking no_clock
2. checking constant_clock
3. checking pulse_width_clock
4. checking unconstrained_internal_endpoints
5. checking no_input_delay
6. checking no_output_delay
7. checking multiple_clock
8. checking generated_clocks
9. checking loops
10. checking partial_input_delay
11. checking partial_output_delay
12. checking latch_loops

1. checking no_clock
--------------------
 There are 0 register/latch pins with no clock.


2. checking constant_clock
--------------------------
 There are 0 register/latch pins with constant_clock.


3. checking pulse_width_clock
-----------------------------
 There are 0 register/latch pins which need pulse_width check


4. checking unconstrained_internal_endpoints
--------------------------------------------
 There are 0 pins that are not constrained for maximum delay.

 There are 0 pins that are not constrained for maximum delay due to constant clock.


5. checking no_input_delay
--------------------------
 There are 10 input ports with no input delay specified. (HIGH)

 There are 0 input ports with no input delay but user has a false path constraint.


6. checking no_output_delay
---------------------------
 There are 16 ports with no output delay specified. (HIGH)

 There are 0 ports with no output delay but user has a false path constraint

 There are 0 ports with no output delay but with a timing clock defined on it or propagating through it


7. checking multiple_clock
--------------------------
 There are 0 register/latch pins with multiple clocks.


8. checking generated_clocks
----------------------------
 There are 0 generated clocks that are not connected to a clock source.


9. checking loops
-----------------
 There are 0 combinational loops in the design.


10. checking partial_input_delay
--------------------------------
 There are 0 input ports with partial input delay specified.


11. checking partial_output_delay
---------------------------------
 There are 0 ports with partial output delay specified.


12. checking latch_loops
------------------------
 There are 0 combinational latch loops in the design through latch input



------------------------------------------------------------------------------------------------
| Design Timing Summary
| ---------------------
------------------------------------------------------------------------------------------------

    WNS(ns)      TNS(ns)  TNS Failing Endpoints  TNS Total Endpoints      WHS(ns)      THS(ns)  THS Failing Endpoints  THS Total Endpoints     WPWS(ns)     TPWS(ns)  TPWS Failing Endpoints  TPWS Total Endpoints  
    -------      -------  ---------------------  -------------------      -------      -------  ---------------------  -------------------     --------     --------  ----------------------  --------------------  
    -49.392    -1137.061                     33                  211        0.203        0.000                      0                  211        4.500        0.000                       0                   105  


Timing constraints are not met.


------------------------------------------------------------------------------------------------
| Clock Summary
| -------------
------------------------------------------------------------------------------------------------

Clock        Waveform(ns)       Period(ns)      Frequency(MHz)
-----        ------------       ----------      --------------
sys_clk_pin  {0.000 5.000}      10.000          100.000         


------------------------------------------------------------------------------------------------
| Intra Clock Table
| -----------------
------------------------------------------------------------------------------------------------

Clock             WNS(ns)      TNS(ns)  TNS Failing Endpoints  TNS Total Endpoints      WHS(ns)      THS(ns)  THS Failing Endpoints  THS Total Endpoints     WPWS(ns)     TPWS(ns)  TPWS Failing Endpoints  TPWS Total Endpoints  
-----             -------      -------  ---------------------  -------------------      -------      -------  ---------------------  -------------------     --------     --------  ----------------------  --------------------  
sys_clk_pin       -49.392    -1137.061                     33                  178        0.203        0.000                      0                  178        4.500        0.000                       0                   105  


------------------------------------------------------------------------------------------------
| Inter Clock Table
| -----------------
------------------------------------------------------------------------------------------------

From Clock    To Clock          WNS(ns)      TNS(ns)  TNS Failing Endpoints  TNS Total Endpoints      WHS(ns)      THS(ns)  THS Failing Endpoints  THS Total Endpoints  
----------    --------          -------      -------  ---------------------  -------------------      -------      -------  ---------------------  -------------------  


------------------------------------------------------------------------------------------------
| Other Path Groups Table
| -----------------------
------------------------------------------------------------------------------------------------

Path Group         From Clock         To Clock               WNS(ns)      TNS(ns)  TNS Failing Endpoints  TNS Total Endpoints      WHS(ns)      THS(ns)  THS Failing Endpoints  THS Total Endpoints  
----------         ----------         --------               -------      -------  ---------------------  -------------------      -------      -------  ---------------------  -------------------  
**async_default**  sys_clk_pin        sys_clk_pin              5.569        0.000                      0                   33        0.560        0.000                      0                   33  


------------------------------------------------------------------------------------------------
| Timing Details
| --------------
------------------------------------------------------------------------------------------------


---------------------------------------------------------------------------------------------------
From Clock:  sys_clk_pin
  To Clock:  sys_clk_pin

Setup :           33  Failing Endpoints,  Worst Slack      -49.392ns,  Total Violation    -1137.061ns
Hold  :            0  Failing Endpoints,  Worst Slack        0.203ns,  Total Violation        0.000ns
PW    :            0  Failing Endpoints,  Worst Slack        4.500ns,  Total Violation        0.000ns
---------------------------------------------------------------------------------------------------


Max Delay Paths
--------------------------------------------------------------------------------------
Slack (VIOLATED) :        -49.392ns  (required time - arrival time)
  Source:                 U_core/num_reg[3][0]/C
                            (rising edge-triggered cell FDCE clocked by sys_clk_pin  {rise@0.000ns fall@5.000ns period=10.000ns})
  Destination:            U_core/num_reg[2][1]/D
                            (rising edge-triggered cell FDCE clocked by sys_clk_pin  {rise@0.000ns fall@5.000ns period=10.000ns})
  Path Group:             sys_clk_pin
  Path Type:              Setup (Max at Slow Process Corner)
  Requirement:            10.000ns  (sys_clk_pin rise@10.000ns - sys_clk_pin rise@0.000ns)
  Data Path Delay:        59.275ns  (logic 26.621ns (44.911%)  route 32.654ns (55.089%))
  Logic Levels:           112  (CARRY4=78 LUT2=2 LUT3=10 LUT4=3 LUT5=6 LUT6=13)
  Clock Path Skew:        -0.112ns (DCD - SCD + CPR)
    Destination Clock Delay (DCD):    4.785ns = ( 14.785 - 10.000 ) 
    Source Clock Delay      (SCD):    5.085ns
    Clock Pessimism Removal (CPR):    0.188ns
  Clock Uncertainty:      0.035ns  ((TSJ^2 + TIJ^2)^1/2 + DJ) / 2 + PE
    Total System Jitter     (TSJ):    0.071ns
    Total Input Jitter      (TIJ):    0.000ns
    Discrete Jitter          (DJ):    0.000ns
    Phase Error              (PE):    0.000ns

    Location             Delay type                Incr(ns)  Path(ns)    Netlist Resource(s)
  -------------------------------------------------------------------    -------------------
                         (clock sys_clk_pin rise edge)
                                                      0.000     0.000 r  
    W5                                                0.000     0.000 r  clk (IN)
                         net (fo=0)                   0.000     0.000    clk
    W5                   IBUF (Prop_ibuf_I_O)         1.458     1.458 r  clk_IBUF_inst/O
                         net (fo=1, routed)           1.967     3.425    clk_IBUF
    BUFGCTRL_X0Y0        BUFG (Prop_bufg_I_O)         0.096     3.521 r  clk_IBUF_BUFG_inst/O
                         net (fo=104, routed)         1.564     5.085    U_core/clk_IBUF_BUFG
    SLICE_X37Y8          FDCE                                         r  U_core/num_reg[3][0]/C
  -------------------------------------------------------------------    -------------------
    SLICE_X37Y8          FDCE (Prop_fdce_C_Q)         0.456     5.541 r  U_core/num_reg[3][0]/Q
                         net (fo=8, routed)           0.844     6.386    U_core/num_reg_n_0_[3][0]
    SLICE_X36Y7          LUT4 (Prop_lut4_I0_O)        0.124     6.510 r  U_core/res0_i_151/O
                         net (fo=1, routed)           0.000     6.510    U_core/res0_i_151_n_0
    SLICE_X36Y7          CARRY4 (Prop_carry4_S[1]_CO[3])
                                                      0.550     7.060 r  U_core/res0_i_132/CO[3]
                         net (fo=1, routed)           0.000     7.060    U_core/res0_i_132_n_0
    SLICE_X36Y8          CARRY4 (Prop_carry4_CI_O[1])
                                                      0.334     7.394 r  U_core/res0_i_124/O[1]
                         net (fo=1, routed)           0.588     7.981    value10[10]
    SLICE_X33Y7          LUT2 (Prop_lut2_I1_O)        0.303     8.284 r  res0_i_105/O
                         net (fo=1, routed)           0.000     8.284    U_core/num_reg[2][2]_1[3]
    SLICE_X33Y7          CARRY4 (Prop_carry4_S[3]_CO[3])
                                                      0.401     8.685 r  U_core/res0_i_85/CO[3]
                         net (fo=1, routed)           0.000     8.685    U_core/res0_i_85_n_0
    SLICE_X33Y8          CARRY4 (Prop_carry4_CI_O[0])
                                                      0.222     8.907 r  U_core/res0_i_84/O[0]
                         net (fo=1, routed)           0.432     9.339    U_core/num_reg[2][2]_2[3]
    SLICE_X31Y7          CARRY4 (Prop_carry4_S[3]_CO[3])
                                                      0.700    10.039 r  U_core/res0_i_47/CO[3]
                         net (fo=1, routed)           0.000    10.039    U_core/res0_i_47_n_0
    SLICE_X31Y8          CARRY4 (Prop_carry4_CI_O[0])
                                                      0.222    10.261 r  U_core/res0_i_46/O[0]
                         net (fo=1, routed)           0.440    10.701    U_core/res0_i_46_n_7
    SLICE_X32Y7          CARRY4 (Prop_carry4_S[3]_CO[3])
                                                      0.700    11.401 r  U_core/res0_i_7/CO[3]
                         net (fo=1, routed)           0.000    11.401    U_core/res0_i_7_n_0
    SLICE_X32Y8          CARRY4 (Prop_carry4_CI_O[0])
                                                      0.222    11.623 r  U_core/res0_i_6/O[0]
                         net (fo=193, routed)         0.820    12.443    U_core/res0_0[11]
    SLICE_X42Y7          LUT2 (Prop_lut2_I1_O)        0.299    12.742 r  U_core/isError_i_194/O
                         net (fo=1, routed)           0.000    12.742    U_core/isError_i_194_n_0
    SLICE_X42Y7          CARRY4 (Prop_carry4_S[0]_CO[3])
                                                      0.513    13.255 r  U_core/isError_reg_i_150/CO[3]
                         net (fo=1, routed)           0.000    13.255    U_core/isError_reg_i_150_n_0
    SLICE_X42Y8          CARRY4 (Prop_carry4_CI_CO[3])
                                                      0.117    13.372 r  U_core/isError_reg_i_107/CO[3]
                         net (fo=1, routed)           0.000    13.372    U_core/isError_reg_i_107_n_0
    SLICE_X42Y9          CARRY4 (Prop_carry4_CI_CO[3])
                                                      0.117    13.489 r  U_core/isError_reg_i_63/CO[3]
                         net (fo=1, routed)           0.000    13.489    U_core/isError_reg_i_63_n_0
    SLICE_X42Y10         CARRY4 (Prop_carry4_CI_CO[2])
                                                      0.229    13.718 r  U_core/isError_reg_i_52/CO[2]
                         net (fo=18, routed)          0.666    14.383    U_core/res1[13]
    SLICE_X41Y7          LUT3 (Prop_lut3_I0_O)        0.310    14.693 r  U_core/isError_i_187/O
                         net (fo=1, routed)           0.000    14.693    U_core/isError_i_187_n_0
    SLICE_X41Y7          CARRY4 (Prop_carry4_S[1]_CO[3])
                                                      0.550    15.243 r  U_core/isError_reg_i_145/CO[3]
                         net (fo=1, routed)           0.000    15.243    U_core/isError_reg_i_145_n_0
    SLICE_X41Y8          CARRY4 (Prop_carry4_CI_CO[3])
                                                      0.114    15.357 r  U_core/isError_reg_i_102/CO[3]
                         net (fo=1, routed)           0.000    15.357    U_core/isError_reg_i_102_n_0
    SLICE_X41Y9          CARRY4 (Prop_carry4_CI_CO[3])
                                                      0.114    15.471 r  U_core/isError_reg_i_58/CO[3]
                         net (fo=1, routed)           0.000    15.471    U_core/isError_reg_i_58_n_0
    SLICE_X41Y10         CARRY4 (Prop_carry4_CI_CO[3])
                                                      0.114    15.585 r  U_core/isError_reg_i_49/CO[3]
                         net (fo=18, routed)          1.031    16.616    U_core/res1[12]
    SLICE_X43Y6          LUT3 (Prop_lut3_I0_O)        0.124    16.740 r  U_core/isError_i_184/O
                         net (fo=1, routed)           0.000    16.740    U_core/isError_i_184_n_0
    SLICE_X43Y6          CARRY4 (Prop_carry4_S[1]_CO[3])
                                                      0.550    17.290 r  U_core/isError_reg_i_144/CO[3]
                         net (fo=1, routed)           0.000    17.290    U_core/isError_reg_i_144_n_0
    SLICE_X43Y7          CARRY4 (Prop_carry4_CI_CO[3])
                                                      0.114    17.404 r  U_core/isError_reg_i_101/CO[3]
                         net (fo=1, routed)           0.000    17.404    U_core/isError_reg_i_101_n_0
    SLICE_X43Y8          CARRY4 (Prop_carry4_CI_CO[3])
                                                      0.114    17.518 r  U_core/isError_reg_i_57/CO[3]
                         net (fo=1, routed)           0.000    17.518    U_core/isError_reg_i_57_n_0
    SLICE_X43Y9          CARRY4 (Prop_carry4_CI_CO[3])
                                                      0.114    17.632 r  U_core/isError_reg_i_48/CO[3]
                         net (fo=18, routed)          0.824    18.457    U_core/res1[11]
    SLICE_X43Y10         LUT3 (Prop_lut3_I0_O)        0.124    18.581 r  U_core/isError_i_203/O
                         net (fo=1, routed)           0.000    18.581    U_core/isError_i_203_n_0
    SLICE_X43Y10         CARRY4 (Prop_carry4_S[1]_CO[3])
                                                      0.550    19.131 r  U_core/isError_reg_i_169/CO[3]
                         net (fo=1, routed)           0.000    19.131    U_core/isError_reg_i_169_n_0
    SLICE_X43Y11         CARRY4 (Prop_carry4_CI_CO[3])
                                                      0.114    19.245 r  U_core/isError_reg_i_126/CO[3]
                         net (fo=1, routed)           0.000    19.245    U_core/isError_reg_i_126_n_0
    SLICE_X43Y12         CARRY4 (Prop_carry4_CI_CO[3])
                                                      0.114    19.359 r  U_core/isError_reg_i_74/CO[3]
                         net (fo=1, routed)           0.000    19.359    U_core/isError_reg_i_74_n_0
    SLICE_X43Y13         CARRY4 (Prop_carry4_CI_CO[3])
                                                      0.114    19.473 r  U_core/isError_reg_i_51/CO[3]
                         net (fo=18, routed)          0.868    20.341    U_core/res1[10]
    SLICE_X41Y11         LUT3 (Prop_lut3_I0_O)        0.124    20.465 r  U_core/isError_i_200/O
                         net (fo=1, routed)           0.000    20.465    U_core/isError_i_200_n_0
    SLICE_X41Y11         CARRY4 (Prop_carry4_S[1]_CO[3])
                                                      0.550    21.015 r  U_core/isError_reg_i_164/CO[3]
                         net (fo=1, routed)           0.000    21.015    U_core/isError_reg_i_164_n_0
    SLICE_X41Y12         CARRY4 (Prop_carry4_CI_CO[3])
                                                      0.114    21.129 r  U_core/isError_reg_i_121/CO[3]
                         net (fo=1, routed)           0.000    21.129    U_core/isError_reg_i_121_n_0
    SLICE_X41Y13         CARRY4 (Prop_carry4_CI_CO[3])
                                                      0.114    21.243 r  U_core/isError_reg_i_69/CO[3]
                         net (fo=1, routed)           0.000    21.243    U_core/isError_reg_i_69_n_0
    SLICE_X41Y14         CARRY4 (Prop_carry4_CI_CO[3])
                                                      0.114    21.357 r  U_core/isError_reg_i_53/CO[3]
                         net (fo=18, routed)          0.952    22.308    U_core/res1[9]
    SLICE_X40Y12         CARRY4 (Prop_carry4_CYINIT_CO[3])
                                                      0.580    22.888 r  U_core/isError_reg_i_163/CO[3]
                         net (fo=1, routed)           0.000    22.888    U_core/isError_reg_i_163_n_0
    SLICE_X40Y13         CARRY4 (Prop_carry4_CI_CO[3])
                                                      0.114    23.002 r  U_core/isError_reg_i_120/CO[3]
                         net (fo=1, routed)           0.000    23.002    U_core/isError_reg_i_120_n_0
    SLICE_X40Y14         CARRY4 (Prop_carry4_CI_CO[3])
                                                      0.114    23.116 r  U_core/isError_reg_i_68/CO[3]
                         net (fo=1, routed)           0.000    23.116    U_core/isError_reg_i_68_n_0
    SLICE_X40Y15         CARRY4 (Prop_carry4_CI_CO[3])
                                                      0.114    23.230 r  U_core/isError_reg_i_50/CO[3]
                         net (fo=18, routed)          0.866    24.096    U_core/res1[8]
    SLICE_X39Y14         LUT3 (Prop_lut3_I0_O)        0.124    24.220 r  U_core/num[0][3]_i_301/O
                         net (fo=1, routed)           0.000    24.220    U_core/num[0][3]_i_301_n_0
    SLICE_X39Y14         CARRY4 (Prop_carry4_S[1]_CO[3])
                                                      0.550    24.770 r  U_core/num_reg[0][3]_i_232/CO[3]
                         net (fo=1, routed)           0.000    24.770    U_core/num_reg[0][3]_i_232_n_0
    SLICE_X39Y15         CARRY4 (Prop_carry4_CI_CO[3])
                                                      0.114    24.884 r  U_core/isError_reg_i_135/CO[3]
                         net (fo=1, routed)           0.000    24.884    U_core/isError_reg_i_135_n_0
    SLICE_X39Y16         CARRY4 (Prop_carry4_CI_CO[3])
                                                      0.114    24.998 r  U_core/isError_reg_i_88/CO[3]
                         net (fo=1, routed)           0.000    24.998    U_core/isError_reg_i_88_n_0
    SLICE_X39Y17         CARRY4 (Prop_carry4_CI_CO[3])
                                                      0.114    25.112 r  U_core/isError_reg_i_55/CO[3]
                         net (fo=18, routed)          0.963    26.075    U_core/res1[7]
    SLICE_X38Y15         CARRY4 (Prop_carry4_CYINIT_CO[3])
                                                      0.595    26.670 r  U_core/num_reg[0][3]_i_179/CO[3]
                         net (fo=1, routed)           0.000    26.670    U_core/num_reg[0][3]_i_179_n_0
    SLICE_X38Y16         CARRY4 (Prop_carry4_CI_CO[3])
                                                      0.117    26.787 r  U_core/num_reg[0][3]_i_163/CO[3]
                         net (fo=1, routed)           0.000    26.787    U_core/num_reg[0][3]_i_163_n_0
    SLICE_X38Y17         CARRY4 (Prop_carry4_CI_CO[3])
                                                      0.117    26.904 r  U_core/isError_reg_i_87/CO[3]
                         net (fo=1, routed)           0.000    26.904    U_core/isError_reg_i_87_n_0
    SLICE_X38Y18         CARRY4 (Prop_carry4_CI_CO[3])
                                                      0.117    27.021 r  U_core/isError_reg_i_54/CO[3]
                         net (fo=18, routed)          1.114    28.136    U_core/res1[6]
    SLICE_X38Y11         LUT3 (Prop_lut3_I0_O)        0.124    28.260 r  U_core/num[0][3]_i_245/O
                         net (fo=1, routed)           0.000    28.260    U_core/num[0][3]_i_245_n_0
    SLICE_X38Y11         CARRY4 (Prop_carry4_S[1]_CO[3])
                                                      0.533    28.793 r  U_core/num_reg[0][3]_i_174/CO[3]
                         net (fo=1, routed)           0.000    28.793    U_core/num_reg[0][3]_i_174_n_0
    SLICE_X38Y12         CARRY4 (Prop_carry4_CI_CO[3])
                                                      0.117    28.910 r  U_core/num_reg[0][3]_i_106/CO[3]
                         net (fo=1, routed)           0.000    28.910    U_core/num_reg[0][3]_i_106_n_0
    SLICE_X38Y13         CARRY4 (Prop_carry4_CI_CO[3])
                                                      0.117    29.027 r  U_core/num_reg[0][3]_i_95/CO[3]
                         net (fo=1, routed)           0.000    29.027    U_core/num_reg[0][3]_i_95_n_0
    SLICE_X38Y14         CARRY4 (Prop_carry4_CI_CO[3])
                                                      0.117    29.144 r  U_core/isError_reg_i_56/CO[3]
                         net (fo=18, routed)          1.007    30.151    U_core/res1[5]
    SLICE_X37Y10         CARRY4 (Prop_carry4_CYINIT_CO[3])
                                                      0.580    30.731 r  U_core/num_reg[0][3]_i_169/CO[3]
                         net (fo=1, routed)           0.000    30.731    U_core/num_reg[0][3]_i_169_n_0
    SLICE_X37Y11         CARRY4 (Prop_carry4_CI_CO[3])
                                                      0.114    30.845 r  U_core/num_reg[0][3]_i_101/CO[3]
                         net (fo=1, routed)           0.000    30.845    U_core/num_reg[0][3]_i_101_n_0
    SLICE_X37Y12         CARRY4 (Prop_carry4_CI_CO[3])
                                                      0.114    30.959 r  U_core/num_reg[0][3]_i_58/CO[3]
                         net (fo=1, routed)           0.000    30.959    U_core/num_reg[0][3]_i_58_n_0
    SLICE_X37Y13         CARRY4 (Prop_carry4_CI_CO[3])
                                                      0.114    31.073 r  U_core/num_reg[0][3]_i_51/CO[3]
                         net (fo=18, routed)          1.102    32.175    U_core/res1[4]
    SLICE_X36Y10         CARRY4 (Prop_carry4_CYINIT_CO[3])
                                                      0.580    32.755 r  U_core/num_reg[0][3]_i_168/CO[3]
                         net (fo=1, routed)           0.000    32.755    U_core/num_reg[0][3]_i_168_n_0
    SLICE_X36Y11         CARRY4 (Prop_carry4_CI_CO[3])
                                                      0.114    32.869 r  U_core/num_reg[0][3]_i_100/CO[3]
                         net (fo=1, routed)           0.000    32.869    U_core/num_reg[0][3]_i_100_n_0
    SLICE_X36Y12         CARRY4 (Prop_carry4_CI_CO[3])
                                                      0.114    32.983 r  U_core/num_reg[0][3]_i_57/CO[3]
                         net (fo=1, routed)           0.000    32.983    U_core/num_reg[0][3]_i_57_n_0
    SLICE_X36Y13         CARRY4 (Prop_carry4_CI_CO[3])
                                                      0.114    33.097 r  U_core/num_reg[0][3]_i_34/CO[3]
                         net (fo=18, routed)          1.149    34.246    U_core/res1[3]
    SLICE_X34Y9          CARRY4 (Prop_carry4_CYINIT_CO[3])
                                                      0.595    34.841 r  U_core/num_reg[0][3]_i_184/CO[3]
                         net (fo=1, routed)           0.000    34.841    U_core/num_reg[0][3]_i_184_n_0
    SLICE_X34Y10         CARRY4 (Prop_carry4_CI_CO[3])
                                                      0.117    34.958 r  U_core/num_reg[0][3]_i_111/CO[3]
                         net (fo=1, routed)           0.000    34.958    U_core/num_reg[0][3]_i_111_n_0
    SLICE_X34Y11         CARRY4 (Prop_carry4_CI_CO[3])
                                                      0.117    35.075 r  U_core/num_reg[0][3]_i_66/CO[3]
                         net (fo=1, routed)           0.000    35.075    U_core/num_reg[0][3]_i_66_n_0
    SLICE_X34Y12         CARRY4 (Prop_carry4_CI_CO[3])
                                                      0.117    35.192 r  U_core/num_reg[0][3]_i_36/CO[3]
                         net (fo=18, routed)          1.100    36.292    U_core/res1[2]
    SLICE_X32Y9          LUT4 (Prop_lut4_I0_O)        0.124    36.416 r  U_core/num[0][3]_i_255/O
                         net (fo=1, routed)           0.000    36.416    U_core/num[0][3]_i_255_n_0
    SLICE_X32Y9          CARRY4 (Prop_carry4_S[1]_CO[3])
                                                      0.550    36.966 r  U_core/num_reg[0][3]_i_189/CO[3]
                         net (fo=1, routed)           0.000    36.966    U_core/num_reg[0][3]_i_189_n_0
    SLICE_X32Y10         CARRY4 (Prop_carry4_CI_CO[3])
                                                      0.114    37.080 r  U_core/num_reg[0][3]_i_116/CO[3]
                         net (fo=1, routed)           0.000    37.080    U_core/num_reg[0][3]_i_116_n_0
    SLICE_X32Y11         CARRY4 (Prop_carry4_CI_CO[3])
                                                      0.114    37.194 r  U_core/num_reg[0][3]_i_71/CO[3]
                         net (fo=1, routed)           0.000    37.194    U_core/num_reg[0][3]_i_71_n_0
    SLICE_X32Y12         CARRY4 (Prop_carry4_CI_CO[3])
                                                      0.114    37.308 r  U_core/num_reg[0][3]_i_37/CO[3]
                         net (fo=18, routed)          1.138    38.446    U_core/res1[1]
    SLICE_X28Y8          LUT3 (Prop_lut3_I0_O)        0.124    38.570 r  U_core/num[0][3]_i_259/O
                         net (fo=1, routed)           0.000    38.570    U_core/num[0][3]_i_259_n_0
    SLICE_X28Y8          CARRY4 (Prop_carry4_S[0]_CO[3])
                                                      0.532    39.102 r  U_core/num_reg[0][3]_i_194/CO[3]
                         net (fo=1, routed)           0.000    39.102    U_core/num_reg[0][3]_i_194_n_0
    SLICE_X28Y9          CARRY4 (Prop_carry4_CI_CO[3])
                                                      0.114    39.216 r  U_core/num_reg[0][3]_i_121/CO[3]
                         net (fo=1, routed)           0.000    39.216    U_core/num_reg[0][3]_i_121_n_0
    SLICE_X28Y10         CARRY4 (Prop_carry4_CI_CO[3])
                                                      0.114    39.330 r  U_core/num_reg[0][3]_i_76/CO[3]
                         net (fo=1, routed)           0.000    39.330    U_core/num_reg[0][3]_i_76_n_0
    SLICE_X28Y11         CARRY4 (Prop_carry4_CI_CO[2])
                                                      0.228    39.558 r  U_core/num_reg[0][3]_i_38/CO[2]
                         net (fo=1, routed)           0.586    40.144    U_core/res1[0]
    SLICE_X28Y14         LUT6 (Prop_lut6_I4_O)        0.313    40.457 r  U_core/num[0][3]_i_21/O
                         net (fo=12, routed)          0.196    40.653    U_core/num[0][3]_i_21_n_0
    SLICE_X28Y14         LUT5 (Prop_lut5_I4_O)        0.124    40.777 r  U_core/num[0][3]_i_10/O
                         net (fo=59, routed)          0.928    41.704    U_core/num[0][3]_i_10_n_0
    SLICE_X15Y14         LUT4 (Prop_lut4_I0_O)        0.124    41.828 r  U_core/num[2][2]_i_406/O
                         net (fo=1, routed)           0.000    41.828    U_core/num[2][2]_i_406_n_0
    SLICE_X15Y14         CARRY4 (Prop_carry4_S[1]_CO[3])
                                                      0.550    42.378 r  U_core/num_reg[2][2]_i_381/CO[3]
                         net (fo=1, routed)           0.000    42.378    U_core/num_reg[2][2]_i_381_n_0
    SLICE_X15Y15         CARRY4 (Prop_carry4_CI_CO[3])
                                                      0.114    42.492 r  U_core/num_reg[2][2]_i_319/CO[3]
                         net (fo=1, routed)           0.000    42.492    U_core/num_reg[2][2]_i_319_n_0
    SLICE_X15Y16         CARRY4 (Prop_carry4_CI_CO[3])
                                                      0.114    42.606 r  U_core/num_reg[2][2]_i_226/CO[3]
                         net (fo=1, routed)           0.000    42.606    U_core/num_reg[2][2]_i_226_n_0
    SLICE_X15Y17         CARRY4 (Prop_carry4_CI_CO[3])
                                                      0.114    42.720 r  U_core/num_reg[2][2]_i_245/CO[3]
                         net (fo=1, routed)           0.000    42.720    U_core/num_reg[2][2]_i_245_n_0
    SLICE_X15Y18         CARRY4 (Prop_carry4_CI_CO[3])
                                                      0.114    42.834 r  U_core/num_reg[2][2]_i_187/CO[3]
                         net (fo=1, routed)           0.000    42.834    U_core/num_reg[2][2]_i_187_n_0
    SLICE_X15Y19         CARRY4 (Prop_carry4_CI_O[1])
                                                      0.334    43.168 r  U_core/num_reg[2][2]_i_186/O[1]
                         net (fo=3, routed)           0.616    43.784    U_core/num_reg[2][2]_i_186_n_6
    SLICE_X10Y18         LUT3 (Prop_lut3_I1_O)        0.303    44.087 r  U_core/num[2][2]_i_103/O
                         net (fo=1, routed)           1.057    45.144    U_core/num[2][2]_i_103_n_0
    SLICE_X32Y17         CARRY4 (Prop_carry4_DI[2]_CO[3])
                                                      0.398    45.542 r  U_core/num_reg[2][2]_i_47/CO[3]
                         net (fo=1, routed)           0.000    45.542    U_core/num_reg[2][2]_i_47_n_0
    SLICE_X32Y18         CARRY4 (Prop_carry4_CI_O[3])
                                                      0.313    45.855 r  U_core/num_reg[2][2]_i_46/O[3]
                         net (fo=3, routed)           0.784    46.639    U_core_n_239
    SLICE_X32Y13         LUT3 (Prop_lut3_I2_O)        0.306    46.945 r  num[2][3]_i_28/O
                         net (fo=1, routed)           0.656    47.602    U_core/res0_26[2]
    SLICE_X33Y16         CARRY4 (Prop_carry4_DI[2]_CO[3])
                                                      0.398    48.000 r  U_core/num_reg[2][3]_i_19/CO[3]
                         net (fo=1, routed)           0.000    48.000    U_core/num_reg[2][3]_i_19_n_0
    SLICE_X33Y17         CARRY4 (Prop_carry4_CI_CO[3])
                                                      0.114    48.114 r  U_core/num_reg[2][3]_i_48/CO[3]
                         net (fo=1, routed)           0.000    48.114    U_core/num_reg[2][3]_i_48_n_0
    SLICE_X33Y18         CARRY4 (Prop_carry4_CI_O[2])
                                                      0.239    48.353 r  U_core/num_reg[2][2]_i_131/O[2]
                         net (fo=13, routed)          1.033    49.386    U_core_n_264
    SLICE_X36Y19         LUT3 (Prop_lut3_I1_O)        0.302    49.688 r  num[2][2]_i_53/O
                         net (fo=1, routed)           0.483    50.171    num[2][2]_i_53_n_0
    SLICE_X35Y20         CARRY4 (Prop_carry4_DI[1]_CO[3])
                                                      0.507    50.678 r  num_reg[2][2]_i_20/CO[3]
                         net (fo=1, routed)           0.000    50.678    num_reg[2][2]_i_20_n_0
    SLICE_X35Y21         CARRY4 (Prop_carry4_CI_O[1])
                                                      0.334    51.012 r  num_reg[2][2]_i_7/O[1]
                         net (fo=3, routed)           0.625    51.636    U_core/saved_op_reg[1]_0[1]
    SLICE_X37Y16         LUT6 (Prop_lut6_I0_O)        0.303    51.939 r  U_core/num[2][2]_i_27/O
                         net (fo=1, routed)           0.475    52.414    U_core/num[2][2]_i_27_n_0
    SLICE_X35Y15         CARRY4 (Prop_carry4_DI[1]_CO[1])
                                                      0.445    52.859 r  U_core/num_reg[2][2]_i_8/CO[1]
                         net (fo=23, routed)          0.596    53.455    U_core/num_reg[2][2]_i_8_n_2
    SLICE_X36Y16         LUT5 (Prop_lut5_I3_O)        0.329    53.784 r  U_core/num[2][3]_i_138/O
                         net (fo=2, routed)           0.478    54.262    U_core/num[2][3]_i_138_n_0
    SLICE_X36Y16         LUT6 (Prop_lut6_I2_O)        0.124    54.386 r  U_core/num[2][3]_i_130/O
                         net (fo=2, routed)           0.953    55.339    U_core/num[2][3]_i_130_n_0
    SLICE_X40Y16         LUT5 (Prop_lut5_I1_O)        0.124    55.463 r  U_core/num[2][3]_i_127/O
                         net (fo=1, routed)           0.161    55.624    U_core/num[2][3]_i_127_n_0
    SLICE_X40Y16         LUT6 (Prop_lut6_I5_O)        0.124    55.748 r  U_core/num[2][3]_i_117/O
                         net (fo=3, routed)           0.425    56.173    U_core/num[2][3]_i_117_n_0
    SLICE_X41Y15         LUT6 (Prop_lut6_I1_O)        0.124    56.297 r  U_core/num[2][3]_i_105/O
                         net (fo=3, routed)           0.319    56.616    U_core/num[2][3]_i_105_n_0
    SLICE_X42Y15         LUT6 (Prop_lut6_I1_O)        0.124    56.740 r  U_core/num[2][3]_i_101/O
                         net (fo=3, routed)           0.807    57.547    U_core/num[2][3]_i_101_n_0
    SLICE_X36Y15         LUT5 (Prop_lut5_I1_O)        0.124    57.671 r  U_core/num[2][3]_i_96/O
                         net (fo=1, routed)           0.507    58.178    U_core/num[2][3]_i_96_n_0
    SLICE_X37Y14         LUT6 (Prop_lut6_I5_O)        0.124    58.302 r  U_core/num[2][3]_i_55/O
                         net (fo=3, routed)           0.490    58.793    U_core/num[2][3]_i_55_n_0
    SLICE_X36Y14         LUT6 (Prop_lut6_I1_O)        0.124    58.917 r  U_core/num[2][3]_i_51/O
                         net (fo=3, routed)           1.014    59.931    U_core/num[2][3]_i_51_n_0
    SLICE_X37Y9          LUT6 (Prop_lut6_I4_O)        0.124    60.055 r  U_core/num[2][3]_i_40/O
                         net (fo=3, routed)           0.583    60.637    U_core/num[2][3]_i_40_n_0
    SLICE_X33Y9          LUT6 (Prop_lut6_I2_O)        0.124    60.761 r  U_core/num[2][3]_i_25/O
                         net (fo=3, routed)           0.737    61.498    U_core/num[2][3]_i_25_n_0
    SLICE_X31Y9          LUT5 (Prop_lut5_I1_O)        0.124    61.622 r  U_core/num[2][3]_i_23/O
                         net (fo=1, routed)           0.395    62.017    U_core/num[2][3]_i_23_n_0
    SLICE_X33Y9          LUT6 (Prop_lut6_I5_O)        0.124    62.141 r  U_core/num[2][3]_i_14/O
                         net (fo=3, routed)           0.598    62.739    U_core/num[2][3]_i_14_n_0
    SLICE_X34Y8          LUT5 (Prop_lut5_I1_O)        0.124    62.863 r  U_core/num[2][3]_i_12/O
                         net (fo=1, routed)           0.680    63.543    U_core/num[2][3]_i_12_n_0
    SLICE_X34Y8          LUT6 (Prop_lut6_I5_O)        0.124    63.667 r  U_core/num[2][3]_i_3/O
                         net (fo=3, routed)           0.569    64.237    U_core/num[2][3]_i_3_n_0
    SLICE_X35Y6          LUT6 (Prop_lut6_I4_O)        0.124    64.361 r  U_core/num[2][1]_i_1/O
                         net (fo=1, routed)           0.000    64.361    U_core/num[2][1]_i_1_n_0
    SLICE_X35Y6          FDCE                                         r  U_core/num_reg[2][1]/D
  -------------------------------------------------------------------    -------------------

                         (clock sys_clk_pin rise edge)
                                                     10.000    10.000 r  
    W5                                                0.000    10.000 r  clk (IN)
                         net (fo=0)                   0.000    10.000    clk
    W5                   IBUF (Prop_ibuf_I_O)         1.388    11.388 r  clk_IBUF_inst/O
                         net (fo=1, routed)           1.862    13.250    clk_IBUF
    BUFGCTRL_X0Y0        BUFG (Prop_bufg_I_O)         0.091    13.341 r  clk_IBUF_BUFG_inst/O
                         net (fo=104, routed)         1.444    14.785    U_core/clk_IBUF_BUFG
    SLICE_X35Y6          FDCE                                         r  U_core/num_reg[2][1]/C
                         clock pessimism              0.188    14.973    
                         clock uncertainty           -0.035    14.938    
    SLICE_X35Y6          FDCE (Setup_fdce_C_D)        0.031    14.969    U_core/num_reg[2][1]
  -------------------------------------------------------------------
                         required time                         14.969    
                         arrival time                         -64.361    
  -------------------------------------------------------------------
                         slack                                -49.392    

Slack (VIOLATED) :        -49.344ns  (required time - arrival time)
  Source:                 U_core/num_reg[3][0]/C
                            (rising edge-triggered cell FDCE clocked by sys_clk_pin  {rise@0.000ns fall@5.000ns period=10.000ns})
  Destination:            U_core/num_reg[2][3]/D
                            (rising edge-triggered cell FDCE clocked by sys_clk_pin  {rise@0.000ns fall@5.000ns period=10.000ns})
  Path Group:             sys_clk_pin
  Path Type:              Setup (Max at Slow Process Corner)
  Requirement:            10.000ns  (sys_clk_pin rise@10.000ns - sys_clk_pin rise@0.000ns)
  Data Path Delay:        59.224ns  (logic 26.621ns (44.950%)  route 32.603ns (55.051%))
  Logic Levels:           112  (CARRY4=78 LUT2=2 LUT3=10 LUT4=3 LUT5=6 LUT6=13)
  Clock Path Skew:        -0.113ns (DCD - SCD + CPR)
    Destination Clock Delay (DCD):    4.784ns = ( 14.784 - 10.000 ) 
    Source Clock Delay      (SCD):    5.085ns
    Clock Pessimism Removal (CPR):    0.188ns
  Clock Uncertainty:      0.035ns  ((TSJ^2 + TIJ^2)^1/2 + DJ) / 2 + PE
    Total System Jitter     (TSJ):    0.071ns
    Total Input Jitter      (TIJ):    0.000ns
    Discrete Jitter          (DJ):    0.000ns
    Phase Error              (PE):    0.000ns

    Location             Delay type                Incr(ns)  Path(ns)    Netlist Resource(s)
  -------------------------------------------------------------------    -------------------
                         (clock sys_clk_pin rise edge)
                                                      0.000     0.000 r  
    W5                                                0.000     0.000 r  clk (IN)
                         net (fo=0)                   0.000     0.000    clk
    W5                   IBUF (Prop_ibuf_I_O)         1.458     1.458 r  clk_IBUF_inst/O
                         net (fo=1, routed)           1.967     3.425    clk_IBUF
    BUFGCTRL_X0Y0        BUFG (Prop_bufg_I_O)         0.096     3.521 r  clk_IBUF_BUFG_inst/O
                         net (fo=104, routed)         1.564     5.085    U_core/clk_IBUF_BUFG
    SLICE_X37Y8          FDCE                                         r  U_core/num_reg[3][0]/C
  -------------------------------------------------------------------    -------------------
    SLICE_X37Y8          FDCE (Prop_fdce_C_Q)         0.456     5.541 r  U_core/num_reg[3][0]/Q
                         net (fo=8, routed)           0.844     6.386    U_core/num_reg_n_0_[3][0]
    SLICE_X36Y7          LUT4 (Prop_lut4_I0_O)        0.124     6.510 r  U_core/res0_i_151/O
                         net (fo=1, routed)           0.000     6.510    U_core/res0_i_151_n_0
    SLICE_X36Y7          CARRY4 (Prop_carry4_S[1]_CO[3])
                                                      0.550     7.060 r  U_core/res0_i_132/CO[3]
                         net (fo=1, routed)           0.000     7.060    U_core/res0_i_132_n_0
    SLICE_X36Y8          CARRY4 (Prop_carry4_CI_O[1])
                                                      0.334     7.394 r  U_core/res0_i_124/O[1]
                         net (fo=1, routed)           0.588     7.981    value10[10]
    SLICE_X33Y7          LUT2 (Prop_lut2_I1_O)        0.303     8.284 r  res0_i_105/O
                         net (fo=1, routed)           0.000     8.284    U_core/num_reg[2][2]_1[3]
    SLICE_X33Y7          CARRY4 (Prop_carry4_S[3]_CO[3])
                                                      0.401     8.685 r  U_core/res0_i_85/CO[3]
                         net (fo=1, routed)           0.000     8.685    U_core/res0_i_85_n_0
    SLICE_X33Y8          CARRY4 (Prop_carry4_CI_O[0])
                                                      0.222     8.907 r  U_core/res0_i_84/O[0]
                         net (fo=1, routed)           0.432     9.339    U_core/num_reg[2][2]_2[3]
    SLICE_X31Y7          CARRY4 (Prop_carry4_S[3]_CO[3])
                                                      0.700    10.039 r  U_core/res0_i_47/CO[3]
                         net (fo=1, routed)           0.000    10.039    U_core/res0_i_47_n_0
    SLICE_X31Y8          CARRY4 (Prop_carry4_CI_O[0])
                                                      0.222    10.261 r  U_core/res0_i_46/O[0]
                         net (fo=1, routed)           0.440    10.701    U_core/res0_i_46_n_7
    SLICE_X32Y7          CARRY4 (Prop_carry4_S[3]_CO[3])
                                                      0.700    11.401 r  U_core/res0_i_7/CO[3]
                         net (fo=1, routed)           0.000    11.401    U_core/res0_i_7_n_0
    SLICE_X32Y8          CARRY4 (Prop_carry4_CI_O[0])
                                                      0.222    11.623 r  U_core/res0_i_6/O[0]
                         net (fo=193, routed)         0.820    12.443    U_core/res0_0[11]
    SLICE_X42Y7          LUT2 (Prop_lut2_I1_O)        0.299    12.742 r  U_core/isError_i_194/O
                         net (fo=1, routed)           0.000    12.742    U_core/isError_i_194_n_0
    SLICE_X42Y7          CARRY4 (Prop_carry4_S[0]_CO[3])
                                                      0.513    13.255 r  U_core/isError_reg_i_150/CO[3]
                         net (fo=1, routed)           0.000    13.255    U_core/isError_reg_i_150_n_0
    SLICE_X42Y8          CARRY4 (Prop_carry4_CI_CO[3])
                                                      0.117    13.372 r  U_core/isError_reg_i_107/CO[3]
                         net (fo=1, routed)           0.000    13.372    U_core/isError_reg_i_107_n_0
    SLICE_X42Y9          CARRY4 (Prop_carry4_CI_CO[3])
                                                      0.117    13.489 r  U_core/isError_reg_i_63/CO[3]
                         net (fo=1, routed)           0.000    13.489    U_core/isError_reg_i_63_n_0
    SLICE_X42Y10         CARRY4 (Prop_carry4_CI_CO[2])
                                                      0.229    13.718 r  U_core/isError_reg_i_52/CO[2]
                         net (fo=18, routed)          0.666    14.383    U_core/res1[13]
    SLICE_X41Y7          LUT3 (Prop_lut3_I0_O)        0.310    14.693 r  U_core/isError_i_187/O
                         net (fo=1, routed)           0.000    14.693    U_core/isError_i_187_n_0
    SLICE_X41Y7          CARRY4 (Prop_carry4_S[1]_CO[3])
                                                      0.550    15.243 r  U_core/isError_reg_i_145/CO[3]
                         net (fo=1, routed)           0.000    15.243    U_core/isError_reg_i_145_n_0
    SLICE_X41Y8          CARRY4 (Prop_carry4_CI_CO[3])
                                                      0.114    15.357 r  U_core/isError_reg_i_102/CO[3]
                         net (fo=1, routed)           0.000    15.357    U_core/isError_reg_i_102_n_0
    SLICE_X41Y9          CARRY4 (Prop_carry4_CI_CO[3])
                                                      0.114    15.471 r  U_core/isError_reg_i_58/CO[3]
                         net (fo=1, routed)           0.000    15.471    U_core/isError_reg_i_58_n_0
    SLICE_X41Y10         CARRY4 (Prop_carry4_CI_CO[3])
                                                      0.114    15.585 r  U_core/isError_reg_i_49/CO[3]
                         net (fo=18, routed)          1.031    16.616    U_core/res1[12]
    SLICE_X43Y6          LUT3 (Prop_lut3_I0_O)        0.124    16.740 r  U_core/isError_i_184/O
                         net (fo=1, routed)           0.000    16.740    U_core/isError_i_184_n_0
    SLICE_X43Y6          CARRY4 (Prop_carry4_S[1]_CO[3])
                                                      0.550    17.290 r  U_core/isError_reg_i_144/CO[3]
                         net (fo=1, routed)           0.000    17.290    U_core/isError_reg_i_144_n_0
    SLICE_X43Y7          CARRY4 (Prop_carry4_CI_CO[3])
                                                      0.114    17.404 r  U_core/isError_reg_i_101/CO[3]
                         net (fo=1, routed)           0.000    17.404    U_core/isError_reg_i_101_n_0
    SLICE_X43Y8          CARRY4 (Prop_carry4_CI_CO[3])
                                                      0.114    17.518 r  U_core/isError_reg_i_57/CO[3]
                         net (fo=1, routed)           0.000    17.518    U_core/isError_reg_i_57_n_0
    SLICE_X43Y9          CARRY4 (Prop_carry4_CI_CO[3])
                                                      0.114    17.632 r  U_core/isError_reg_i_48/CO[3]
                         net (fo=18, routed)          0.824    18.457    U_core/res1[11]
    SLICE_X43Y10         LUT3 (Prop_lut3_I0_O)        0.124    18.581 r  U_core/isError_i_203/O
                         net (fo=1, routed)           0.000    18.581    U_core/isError_i_203_n_0
    SLICE_X43Y10         CARRY4 (Prop_carry4_S[1]_CO[3])
                                                      0.550    19.131 r  U_core/isError_reg_i_169/CO[3]
                         net (fo=1, routed)           0.000    19.131    U_core/isError_reg_i_169_n_0
    SLICE_X43Y11         CARRY4 (Prop_carry4_CI_CO[3])
                                                      0.114    19.245 r  U_core/isError_reg_i_126/CO[3]
                         net (fo=1, routed)           0.000    19.245    U_core/isError_reg_i_126_n_0
    SLICE_X43Y12         CARRY4 (Prop_carry4_CI_CO[3])
                                                      0.114    19.359 r  U_core/isError_reg_i_74/CO[3]
                         net (fo=1, routed)           0.000    19.359    U_core/isError_reg_i_74_n_0
    SLICE_X43Y13         CARRY4 (Prop_carry4_CI_CO[3])
                                                      0.114    19.473 r  U_core/isError_reg_i_51/CO[3]
                         net (fo=18, routed)          0.868    20.341    U_core/res1[10]
    SLICE_X41Y11         LUT3 (Prop_lut3_I0_O)        0.124    20.465 r  U_core/isError_i_200/O
                         net (fo=1, routed)           0.000    20.465    U_core/isError_i_200_n_0
    SLICE_X41Y11         CARRY4 (Prop_carry4_S[1]_CO[3])
                                                      0.550    21.015 r  U_core/isError_reg_i_164/CO[3]
                         net (fo=1, routed)           0.000    21.015    U_core/isError_reg_i_164_n_0
    SLICE_X41Y12         CARRY4 (Prop_carry4_CI_CO[3])
                                                      0.114    21.129 r  U_core/isError_reg_i_121/CO[3]
                         net (fo=1, routed)           0.000    21.129    U_core/isError_reg_i_121_n_0
    SLICE_X41Y13         CARRY4 (Prop_carry4_CI_CO[3])
                                                      0.114    21.243 r  U_core/isError_reg_i_69/CO[3]
                         net (fo=1, routed)           0.000    21.243    U_core/isError_reg_i_69_n_0
    SLICE_X41Y14         CARRY4 (Prop_carry4_CI_CO[3])
                                                      0.114    21.357 r  U_core/isError_reg_i_53/CO[3]
                         net (fo=18, routed)          0.952    22.308    U_core/res1[9]
    SLICE_X40Y12         CARRY4 (Prop_carry4_CYINIT_CO[3])
                                                      0.580    22.888 r  U_core/isError_reg_i_163/CO[3]
                         net (fo=1, routed)           0.000    22.888    U_core/isError_reg_i_163_n_0
    SLICE_X40Y13         CARRY4 (Prop_carry4_CI_CO[3])
                                                      0.114    23.002 r  U_core/isError_reg_i_120/CO[3]
                         net (fo=1, routed)           0.000    23.002    U_core/isError_reg_i_120_n_0
    SLICE_X40Y14         CARRY4 (Prop_carry4_CI_CO[3])
                                                      0.114    23.116 r  U_core/isError_reg_i_68/CO[3]
                         net (fo=1, routed)           0.000    23.116    U_core/isError_reg_i_68_n_0
    SLICE_X40Y15         CARRY4 (Prop_carry4_CI_CO[3])
                                                      0.114    23.230 r  U_core/isError_reg_i_50/CO[3]
                         net (fo=18, routed)          0.866    24.096    U_core/res1[8]
    SLICE_X39Y14         LUT3 (Prop_lut3_I0_O)        0.124    24.220 r  U_core/num[0][3]_i_301/O
                         net (fo=1, routed)           0.000    24.220    U_core/num[0][3]_i_301_n_0
    SLICE_X39Y14         CARRY4 (Prop_carry4_S[1]_CO[3])
                                                      0.550    24.770 r  U_core/num_reg[0][3]_i_232/CO[3]
                         net (fo=1, routed)           0.000    24.770    U_core/num_reg[0][3]_i_232_n_0
    SLICE_X39Y15         CARRY4 (Prop_carry4_CI_CO[3])
                                                      0.114    24.884 r  U_core/isError_reg_i_135/CO[3]
                         net (fo=1, routed)           0.000    24.884    U_core/isError_reg_i_135_n_0
    SLICE_X39Y16         CARRY4 (Prop_carry4_CI_CO[3])
                                                      0.114    24.998 r  U_core/isError_reg_i_88/CO[3]
                         net (fo=1, routed)           0.000    24.998    U_core/isError_reg_i_88_n_0
    SLICE_X39Y17         CARRY4 (Prop_carry4_CI_CO[3])
                                                      0.114    25.112 r  U_core/isError_reg_i_55/CO[3]
                         net (fo=18, routed)          0.963    26.075    U_core/res1[7]
    SLICE_X38Y15         CARRY4 (Prop_carry4_CYINIT_CO[3])
                                                      0.595    26.670 r  U_core/num_reg[0][3]_i_179/CO[3]
                         net (fo=1, routed)           0.000    26.670    U_core/num_reg[0][3]_i_179_n_0
    SLICE_X38Y16         CARRY4 (Prop_carry4_CI_CO[3])
                                                      0.117    26.787 r  U_core/num_reg[0][3]_i_163/CO[3]
                         net (fo=1, routed)           0.000    26.787    U_core/num_reg[0][3]_i_163_n_0
    SLICE_X38Y17         CARRY4 (Prop_carry4_CI_CO[3])
                                                      0.117    26.904 r  U_core/isError_reg_i_87/CO[3]
                         net (fo=1, routed)           0.000    26.904    U_core/isError_reg_i_87_n_0
    SLICE_X38Y18         CARRY4 (Prop_carry4_CI_CO[3])
                                                      0.117    27.021 r  U_core/isError_reg_i_54/CO[3]
                         net (fo=18, routed)          1.114    28.136    U_core/res1[6]
    SLICE_X38Y11         LUT3 (Prop_lut3_I0_O)        0.124    28.260 r  U_core/num[0][3]_i_245/O
                         net (fo=1, routed)           0.000    28.260    U_core/num[0][3]_i_245_n_0
    SLICE_X38Y11         CARRY4 (Prop_carry4_S[1]_CO[3])
                                                      0.533    28.793 r  U_core/num_reg[0][3]_i_174/CO[3]
                         net (fo=1, routed)           0.000    28.793    U_core/num_reg[0][3]_i_174_n_0
    SLICE_X38Y12         CARRY4 (Prop_carry4_CI_CO[3])
                                                      0.117    28.910 r  U_core/num_reg[0][3]_i_106/CO[3]
                         net (fo=1, routed)           0.000    28.910    U_core/num_reg[0][3]_i_106_n_0
    SLICE_X38Y13         CARRY4 (Prop_carry4_CI_CO[3])
                                                      0.117    29.027 r  U_core/num_reg[0][3]_i_95/CO[3]
                         net (fo=1, routed)           0.000    29.027    U_core/num_reg[0][3]_i_95_n_0
    SLICE_X38Y14         CARRY4 (Prop_carry4_CI_CO[3])
                                                      0.117    29.144 r  U_core/isError_reg_i_56/CO[3]
                         net (fo=18, routed)          1.007    30.151    U_core/res1[5]
    SLICE_X37Y10         CARRY4 (Prop_carry4_CYINIT_CO[3])
                                                      0.580    30.731 r  U_core/num_reg[0][3]_i_169/CO[3]
                         net (fo=1, routed)           0.000    30.731    U_core/num_reg[0][3]_i_169_n_0
    SLICE_X37Y11         CARRY4 (Prop_carry4_CI_CO[3])
                                                      0.114    30.845 r  U_core/num_reg[0][3]_i_101/CO[3]
                         net (fo=1, routed)           0.000    30.845    U_core/num_reg[0][3]_i_101_n_0
    SLICE_X37Y12         CARRY4 (Prop_carry4_CI_CO[3])
                                                      0.114    30.959 r  U_core/num_reg[0][3]_i_58/CO[3]
                         net (fo=1, routed)           0.000    30.959    U_core/num_reg[0][3]_i_58_n_0
    SLICE_X37Y13         CARRY4 (Prop_carry4_CI_CO[3])
                                                      0.114    31.073 r  U_core/num_reg[0][3]_i_51/CO[3]
                         net (fo=18, routed)          1.102    32.175    U_core/res1[4]
    SLICE_X36Y10         CARRY4 (Prop_carry4_CYINIT_CO[3])
                                                      0.580    32.755 r  U_core/num_reg[0][3]_i_168/CO[3]
                         net (fo=1, routed)           0.000    32.755    U_core/num_reg[0][3]_i_168_n_0
    SLICE_X36Y11         CARRY4 (Prop_carry4_CI_CO[3])
                                                      0.114    32.869 r  U_core/num_reg[0][3]_i_100/CO[3]
                         net (fo=1, routed)           0.000    32.869    U_core/num_reg[0][3]_i_100_n_0
    SLICE_X36Y12         CARRY4 (Prop_carry4_CI_CO[3])
                                                      0.114    32.983 r  U_core/num_reg[0][3]_i_57/CO[3]
                         net (fo=1, routed)           0.000    32.983    U_core/num_reg[0][3]_i_57_n_0
    SLICE_X36Y13         CARRY4 (Prop_carry4_CI_CO[3])
                                                      0.114    33.097 r  U_core/num_reg[0][3]_i_34/CO[3]
                         net (fo=18, routed)          1.149    34.246    U_core/res1[3]
    SLICE_X34Y9          CARRY4 (Prop_carry4_CYINIT_CO[3])
                                                      0.595    34.841 r  U_core/num_reg[0][3]_i_184/CO[3]
                         net (fo=1, routed)           0.000    34.841    U_core/num_reg[0][3]_i_184_n_0
    SLICE_X34Y10         CARRY4 (Prop_carry4_CI_CO[3])
                                                      0.117    34.958 r  U_core/num_reg[0][3]_i_111/CO[3]
                         net (fo=1, routed)           0.000    34.958    U_core/num_reg[0][3]_i_111_n_0
    SLICE_X34Y11         CARRY4 (Prop_carry4_CI_CO[3])
                                                      0.117    35.075 r  U_core/num_reg[0][3]_i_66/CO[3]
                         net (fo=1, routed)           0.000    35.075    U_core/num_reg[0][3]_i_66_n_0
    SLICE_X34Y12         CARRY4 (Prop_carry4_CI_CO[3])
                                                      0.117    35.192 r  U_core/num_reg[0][3]_i_36/CO[3]
                         net (fo=18, routed)          1.100    36.292    U_core/res1[2]
    SLICE_X32Y9          LUT4 (Prop_lut4_I0_O)        0.124    36.416 r  U_core/num[0][3]_i_255/O
                         net (fo=1, routed)           0.000    36.416    U_core/num[0][3]_i_255_n_0
    SLICE_X32Y9          CARRY4 (Prop_carry4_S[1]_CO[3])
                                                      0.550    36.966 r  U_core/num_reg[0][3]_i_189/CO[3]
                         net (fo=1, routed)           0.000    36.966    U_core/num_reg[0][3]_i_189_n_0
    SLICE_X32Y10         CARRY4 (Prop_carry4_CI_CO[3])
                                                      0.114    37.080 r  U_core/num_reg[0][3]_i_116/CO[3]
                         net (fo=1, routed)           0.000    37.080    U_core/num_reg[0][3]_i_116_n_0
    SLICE_X32Y11         CARRY4 (Prop_carry4_CI_CO[3])
                                                      0.114    37.194 r  U_core/num_reg[0][3]_i_71/CO[3]
                         net (fo=1, routed)           0.000    37.194    U_core/num_reg[0][3]_i_71_n_0
    SLICE_X32Y12         CARRY4 (Prop_carry4_CI_CO[3])
                                                      0.114    37.308 r  U_core/num_reg[0][3]_i_37/CO[3]
                         net (fo=18, routed)          1.138    38.446    U_core/res1[1]
    SLICE_X28Y8          LUT3 (Prop_lut3_I0_O)        0.124    38.570 r  U_core/num[0][3]_i_259/O
                         net (fo=1, routed)           0.000    38.570    U_core/num[0][3]_i_259_n_0
    SLICE_X28Y8          CARRY4 (Prop_carry4_S[0]_CO[3])
                                                      0.532    39.102 r  U_core/num_reg[0][3]_i_194/CO[3]
                         net (fo=1, routed)           0.000    39.102    U_core/num_reg[0][3]_i_194_n_0
    SLICE_X28Y9          CARRY4 (Prop_carry4_CI_CO[3])
                                                      0.114    39.216 r  U_core/num_reg[0][3]_i_121/CO[3]
                         net (fo=1, routed)           0.000    39.216    U_core/num_reg[0][3]_i_121_n_0
    SLICE_X28Y10         CARRY4 (Prop_carry4_CI_CO[3])
                                                      0.114    39.330 r  U_core/num_reg[0][3]_i_76/CO[3]
                         net (fo=1, routed)           0.000    39.330    U_core/num_reg[0][3]_i_76_n_0
    SLICE_X28Y11         CARRY4 (Prop_carry4_CI_CO[2])
                                                      0.228    39.558 r  U_core/num_reg[0][3]_i_38/CO[2]
                         net (fo=1, routed)           0.586    40.144    U_core/res1[0]
    SLICE_X28Y14         LUT6 (Prop_lut6_I4_O)        0.313    40.457 r  U_core/num[0][3]_i_21/O
                         net (fo=12, routed)          0.196    40.653    U_core/num[0][3]_i_21_n_0
    SLICE_X28Y14         LUT5 (Prop_lut5_I4_O)        0.124    40.777 r  U_core/num[0][3]_i_10/O
                         net (fo=59, routed)          0.928    41.704    U_core/num[0][3]_i_10_n_0
    SLICE_X15Y14         LUT4 (Prop_lut4_I0_O)        0.124    41.828 r  U_core/num[2][2]_i_406/O
                         net (fo=1, routed)           0.000    41.828    U_core/num[2][2]_i_406_n_0
    SLICE_X15Y14         CARRY4 (Prop_carry4_S[1]_CO[3])
                                                      0.550    42.378 r  U_core/num_reg[2][2]_i_381/CO[3]
                         net (fo=1, routed)           0.000    42.378    U_core/num_reg[2][2]_i_381_n_0
    SLICE_X15Y15         CARRY4 (Prop_carry4_CI_CO[3])
                                                      0.114    42.492 r  U_core/num_reg[2][2]_i_319/CO[3]
                         net (fo=1, routed)           0.000    42.492    U_core/num_reg[2][2]_i_319_n_0
    SLICE_X15Y16         CARRY4 (Prop_carry4_CI_CO[3])
                                                      0.114    42.606 r  U_core/num_reg[2][2]_i_226/CO[3]
                         net (fo=1, routed)           0.000    42.606    U_core/num_reg[2][2]_i_226_n_0
    SLICE_X15Y17         CARRY4 (Prop_carry4_CI_CO[3])
                                                      0.114    42.720 r  U_core/num_reg[2][2]_i_245/CO[3]
                         net (fo=1, routed)           0.000    42.720    U_core/num_reg[2][2]_i_245_n_0
    SLICE_X15Y18         CARRY4 (Prop_carry4_CI_CO[3])
                                                      0.114    42.834 r  U_core/num_reg[2][2]_i_187/CO[3]
                         net (fo=1, routed)           0.000    42.834    U_core/num_reg[2][2]_i_187_n_0
    SLICE_X15Y19         CARRY4 (Prop_carry4_CI_O[1])
                                                      0.334    43.168 r  U_core/num_reg[2][2]_i_186/O[1]
                         net (fo=3, routed)           0.616    43.784    U_core/num_reg[2][2]_i_186_n_6
    SLICE_X10Y18         LUT3 (Prop_lut3_I1_O)        0.303    44.087 r  U_core/num[2][2]_i_103/O
                         net (fo=1, routed)           1.057    45.144    U_core/num[2][2]_i_103_n_0
    SLICE_X32Y17         CARRY4 (Prop_carry4_DI[2]_CO[3])
                                                      0.398    45.542 r  U_core/num_reg[2][2]_i_47/CO[3]
                         net (fo=1, routed)           0.000    45.542    U_core/num_reg[2][2]_i_47_n_0
    SLICE_X32Y18         CARRY4 (Prop_carry4_CI_O[3])
                                                      0.313    45.855 r  U_core/num_reg[2][2]_i_46/O[3]
                         net (fo=3, routed)           0.784    46.639    U_core_n_239
    SLICE_X32Y13         LUT3 (Prop_lut3_I2_O)        0.306    46.945 r  num[2][3]_i_28/O
                         net (fo=1, routed)           0.656    47.602    U_core/res0_26[2]
    SLICE_X33Y16         CARRY4 (Prop_carry4_DI[2]_CO[3])
                                                      0.398    48.000 r  U_core/num_reg[2][3]_i_19/CO[3]
                         net (fo=1, routed)           0.000    48.000    U_core/num_reg[2][3]_i_19_n_0
    SLICE_X33Y17         CARRY4 (Prop_carry4_CI_CO[3])
                                                      0.114    48.114 r  U_core/num_reg[2][3]_i_48/CO[3]
                         net (fo=1, routed)           0.000    48.114    U_core/num_reg[2][3]_i_48_n_0
    SLICE_X33Y18         CARRY4 (Prop_carry4_CI_O[2])
                                                      0.239    48.353 r  U_core/num_reg[2][2]_i_131/O[2]
                         net (fo=13, routed)          1.033    49.386    U_core_n_264
    SLICE_X36Y19         LUT3 (Prop_lut3_I1_O)        0.302    49.688 r  num[2][2]_i_53/O
                         net (fo=1, routed)           0.483    50.171    num[2][2]_i_53_n_0
    SLICE_X35Y20         CARRY4 (Prop_carry4_DI[1]_CO[3])
                                                      0.507    50.678 r  num_reg[2][2]_i_20/CO[3]
                         net (fo=1, routed)           0.000    50.678    num_reg[2][2]_i_20_n_0
    SLICE_X35Y21         CARRY4 (Prop_carry4_CI_O[1])
                                                      0.334    51.012 r  num_reg[2][2]_i_7/O[1]
                         net (fo=3, routed)           0.625    51.636    U_core/saved_op_reg[1]_0[1]
    SLICE_X37Y16         LUT6 (Prop_lut6_I0_O)        0.303    51.939 r  U_core/num[2][2]_i_27/O
                         net (fo=1, routed)           0.475    52.414    U_core/num[2][2]_i_27_n_0
    SLICE_X35Y15         CARRY4 (Prop_carry4_DI[1]_CO[1])
                                                      0.445    52.859 r  U_core/num_reg[2][2]_i_8/CO[1]
                         net (fo=23, routed)          0.596    53.455    U_core/num_reg[2][2]_i_8_n_2
    SLICE_X36Y16         LUT5 (Prop_lut5_I3_O)        0.329    53.784 r  U_core/num[2][3]_i_138/O
                         net (fo=2, routed)           0.478    54.262    U_core/num[2][3]_i_138_n_0
    SLICE_X36Y16         LUT6 (Prop_lut6_I2_O)        0.124    54.386 r  U_core/num[2][3]_i_130/O
                         net (fo=2, routed)           0.953    55.339    U_core/num[2][3]_i_130_n_0
    SLICE_X40Y16         LUT5 (Prop_lut5_I1_O)        0.124    55.463 r  U_core/num[2][3]_i_127/O
                         net (fo=1, routed)           0.161    55.624    U_core/num[2][3]_i_127_n_0
    SLICE_X40Y16         LUT6 (Prop_lut6_I5_O)        0.124    55.748 r  U_core/num[2][3]_i_117/O
                         net (fo=3, routed)           0.425    56.173    U_core/num[2][3]_i_117_n_0
    SLICE_X41Y15         LUT6 (Prop_lut6_I1_O)        0.124    56.297 r  U_core/num[2][3]_i_105/O
                         net (fo=3, routed)           0.319    56.616    U_core/num[2][3]_i_105_n_0
    SLICE_X42Y15         LUT6 (Prop_lut6_I1_O)        0.124    56.740 r  U_core/num[2][3]_i_101/O
                         net (fo=3, routed)           0.807    57.547    U_core/num[2][3]_i_101_n_0
    SLICE_X36Y15         LUT5 (Prop_lut5_I1_O)        0.124    57.671 r  U_core/num[2][3]_i_96/O
                         net (fo=1, routed)           0.507    58.178    U_core/num[2][3]_i_96_n_0
    SLICE_X37Y14         LUT6 (Prop_lut6_I5_O)        0.124    58.302 r  U_core/num[2][3]_i_55/O
                         net (fo=3, routed)           0.490    58.793    U_core/num[2][3]_i_55_n_0
    SLICE_X36Y14         LUT6 (Prop_lut6_I1_O)        0.124    58.917 r  U_core/num[2][3]_i_51/O
                         net (fo=3, routed)           1.014    59.931    U_core/num[2][3]_i_51_n_0
    SLICE_X37Y9          LUT6 (Prop_lut6_I4_O)        0.124    60.055 r  U_core/num[2][3]_i_40/O
                         net (fo=3, routed)           0.583    60.637    U_core/num[2][3]_i_40_n_0
    SLICE_X33Y9          LUT6 (Prop_lut6_I2_O)        0.124    60.761 r  U_core/num[2][3]_i_25/O
                         net (fo=3, routed)           0.737    61.498    U_core/num[2][3]_i_25_n_0
    SLICE_X31Y9          LUT5 (Prop_lut5_I1_O)        0.124    61.622 r  U_core/num[2][3]_i_23/O
                         net (fo=1, routed)           0.395    62.017    U_core/num[2][3]_i_23_n_0
    SLICE_X33Y9          LUT6 (Prop_lut6_I5_O)        0.124    62.141 r  U_core/num[2][3]_i_14/O
                         net (fo=3, routed)           0.598    62.739    U_core/num[2][3]_i_14_n_0
    SLICE_X34Y8          LUT5 (Prop_lut5_I1_O)        0.124    62.863 r  U_core/num[2][3]_i_12/O
                         net (fo=1, routed)           0.680    63.543    U_core/num[2][3]_i_12_n_0
    SLICE_X34Y8          LUT6 (Prop_lut6_I5_O)        0.124    63.667 r  U_core/num[2][3]_i_3/O
                         net (fo=3, routed)           0.518    64.186    U_core/num[2][3]_i_3_n_0
    SLICE_X35Y8          LUT6 (Prop_lut6_I1_O)        0.124    64.310 r  U_core/num[2][3]_i_2/O
                         net (fo=1, routed)           0.000    64.310    U_core/num[2][3]_i_2_n_0
    SLICE_X35Y8          FDCE                                         r  U_core/num_reg[2][3]/D
  -------------------------------------------------------------------    -------------------

                         (clock sys_clk_pin rise edge)
                                                     10.000    10.000 r  
    W5                                                0.000    10.000 r  clk (IN)
                         net (fo=0)                   0.000    10.000    clk
    W5                   IBUF (Prop_ibuf_I_O)         1.388    11.388 r  clk_IBUF_inst/O
                         net (fo=1, routed)           1.862    13.250    clk_IBUF
    BUFGCTRL_X0Y0        BUFG (Prop_bufg_I_O)         0.091    13.341 r  clk_IBUF_BUFG_inst/O
                         net (fo=104, routed)         1.443    14.784    U_core/clk_IBUF_BUFG
    SLICE_X35Y8          FDCE                                         r  U_core/num_reg[2][3]/C
                         clock pessimism              0.188    14.972    
                         clock uncertainty           -0.035    14.937    
    SLICE_X35Y8          FDCE (Setup_fdce_C_D)        0.029    14.966    U_core/num_reg[2][3]
  -------------------------------------------------------------------
                         required time                         14.966    
                         arrival time                         -64.310    
  -------------------------------------------------------------------
                         slack                                -49.344    

Slack (VIOLATED) :        -49.252ns  (required time - arrival time)
  Source:                 U_core/num_reg[3][0]/C
                            (rising edge-triggered cell FDCE clocked by sys_clk_pin  {rise@0.000ns fall@5.000ns period=10.000ns})
  Destination:            U_core/num_reg[2][2]/D
                            (rising edge-triggered cell FDCE clocked by sys_clk_pin  {rise@0.000ns fall@5.000ns period=10.000ns})
  Path Group:             sys_clk_pin
  Path Type:              Setup (Max at Slow Process Corner)
  Requirement:            10.000ns  (sys_clk_pin rise@10.000ns - sys_clk_pin rise@0.000ns)
  Data Path Delay:        59.132ns  (logic 26.621ns (45.019%)  route 32.511ns (54.981%))
  Logic Levels:           112  (CARRY4=78 LUT2=2 LUT3=10 LUT4=3 LUT5=6 LUT6=13)
  Clock Path Skew:        -0.113ns (DCD - SCD + CPR)
    Destination Clock Delay (DCD):    4.784ns = ( 14.784 - 10.000 ) 
    Source Clock Delay      (SCD):    5.085ns
    Clock Pessimism Removal (CPR):    0.188ns
  Clock Uncertainty:      0.035ns  ((TSJ^2 + TIJ^2)^1/2 + DJ) / 2 + PE
    Total System Jitter     (TSJ):    0.071ns
    Total Input Jitter      (TIJ):    0.000ns
    Discrete Jitter          (DJ):    0.000ns
    Phase Error              (PE):    0.000ns

    Location             Delay type                Incr(ns)  Path(ns)    Netlist Resource(s)
  -------------------------------------------------------------------    -------------------
                         (clock sys_clk_pin rise edge)
                                                      0.000     0.000 r  
    W5                                                0.000     0.000 r  clk (IN)
                         net (fo=0)                   0.000     0.000    clk
    W5                   IBUF (Prop_ibuf_I_O)         1.458     1.458 r  clk_IBUF_inst/O
                         net (fo=1, routed)           1.967     3.425    clk_IBUF
    BUFGCTRL_X0Y0        BUFG (Prop_bufg_I_O)         0.096     3.521 r  clk_IBUF_BUFG_inst/O
                         net (fo=104, routed)         1.564     5.085    U_core/clk_IBUF_BUFG
    SLICE_X37Y8          FDCE                                         r  U_core/num_reg[3][0]/C
  -------------------------------------------------------------------    -------------------
    SLICE_X37Y8          FDCE (Prop_fdce_C_Q)         0.456     5.541 r  U_core/num_reg[3][0]/Q
                         net (fo=8, routed)           0.844     6.386    U_core/num_reg_n_0_[3][0]
    SLICE_X36Y7          LUT4 (Prop_lut4_I0_O)        0.124     6.510 r  U_core/res0_i_151/O
                         net (fo=1, routed)           0.000     6.510    U_core/res0_i_151_n_0
    SLICE_X36Y7          CARRY4 (Prop_carry4_S[1]_CO[3])
                                                      0.550     7.060 r  U_core/res0_i_132/CO[3]
                         net (fo=1, routed)           0.000     7.060    U_core/res0_i_132_n_0
    SLICE_X36Y8          CARRY4 (Prop_carry4_CI_O[1])
                                                      0.334     7.394 r  U_core/res0_i_124/O[1]
                         net (fo=1, routed)           0.588     7.981    value10[10]
    SLICE_X33Y7          LUT2 (Prop_lut2_I1_O)        0.303     8.284 r  res0_i_105/O
                         net (fo=1, routed)           0.000     8.284    U_core/num_reg[2][2]_1[3]
    SLICE_X33Y7          CARRY4 (Prop_carry4_S[3]_CO[3])
                                                      0.401     8.685 r  U_core/res0_i_85/CO[3]
                         net (fo=1, routed)           0.000     8.685    U_core/res0_i_85_n_0
    SLICE_X33Y8          CARRY4 (Prop_carry4_CI_O[0])
                                                      0.222     8.907 r  U_core/res0_i_84/O[0]
                         net (fo=1, routed)           0.432     9.339    U_core/num_reg[2][2]_2[3]
    SLICE_X31Y7          CARRY4 (Prop_carry4_S[3]_CO[3])
                                                      0.700    10.039 r  U_core/res0_i_47/CO[3]
                         net (fo=1, routed)           0.000    10.039    U_core/res0_i_47_n_0
    SLICE_X31Y8          CARRY4 (Prop_carry4_CI_O[0])
                                                      0.222    10.261 r  U_core/res0_i_46/O[0]
                         net (fo=1, routed)           0.440    10.701    U_core/res0_i_46_n_7
    SLICE_X32Y7          CARRY4 (Prop_carry4_S[3]_CO[3])
                                                      0.700    11.401 r  U_core/res0_i_7/CO[3]
                         net (fo=1, routed)           0.000    11.401    U_core/res0_i_7_n_0
    SLICE_X32Y8          CARRY4 (Prop_carry4_CI_O[0])
                                                      0.222    11.623 r  U_core/res0_i_6/O[0]
                         net (fo=193, routed)         0.820    12.443    U_core/res0_0[11]
    SLICE_X42Y7          LUT2 (Prop_lut2_I1_O)        0.299    12.742 r  U_core/isError_i_194/O
                         net (fo=1, routed)           0.000    12.742    U_core/isError_i_194_n_0
    SLICE_X42Y7          CARRY4 (Prop_carry4_S[0]_CO[3])
                                                      0.513    13.255 r  U_core/isError_reg_i_150/CO[3]
                         net (fo=1, routed)           0.000    13.255    U_core/isError_reg_i_150_n_0
    SLICE_X42Y8          CARRY4 (Prop_carry4_CI_CO[3])
                                                      0.117    13.372 r  U_core/isError_reg_i_107/CO[3]
                         net (fo=1, routed)           0.000    13.372    U_core/isError_reg_i_107_n_0
    SLICE_X42Y9          CARRY4 (Prop_carry4_CI_CO[3])
                                                      0.117    13.489 r  U_core/isError_reg_i_63/CO[3]
                         net (fo=1, routed)           0.000    13.489    U_core/isError_reg_i_63_n_0
    SLICE_X42Y10         CARRY4 (Prop_carry4_CI_CO[2])
                                                      0.229    13.718 r  U_core/isError_reg_i_52/CO[2]
                         net (fo=18, routed)          0.666    14.383    U_core/res1[13]
    SLICE_X41Y7          LUT3 (Prop_lut3_I0_O)        0.310    14.693 r  U_core/isError_i_187/O
                         net (fo=1, routed)           0.000    14.693    U_core/isError_i_187_n_0
    SLICE_X41Y7          CARRY4 (Prop_carry4_S[1]_CO[3])
                                                      0.550    15.243 r  U_core/isError_reg_i_145/CO[3]
                         net (fo=1, routed)           0.000    15.243    U_core/isError_reg_i_145_n_0
    SLICE_X41Y8          CARRY4 (Prop_carry4_CI_CO[3])
                                                      0.114    15.357 r  U_core/isError_reg_i_102/CO[3]
                         net (fo=1, routed)           0.000    15.357    U_core/isError_reg_i_102_n_0
    SLICE_X41Y9          CARRY4 (Prop_carry4_CI_CO[3])
                                                      0.114    15.471 r  U_core/isError_reg_i_58/CO[3]
                         net (fo=1, routed)           0.000    15.471    U_core/isError_reg_i_58_n_0
    SLICE_X41Y10         CARRY4 (Prop_carry4_CI_CO[3])
                                                      0.114    15.585 r  U_core/isError_reg_i_49/CO[3]
                         net (fo=18, routed)          1.031    16.616    U_core/res1[12]
    SLICE_X43Y6          LUT3 (Prop_lut3_I0_O)        0.124    16.740 r  U_core/isError_i_184/O
                         net (fo=1, routed)           0.000    16.740    U_core/isError_i_184_n_0
    SLICE_X43Y6          CARRY4 (Prop_carry4_S[1]_CO[3])
                                                      0.550    17.290 r  U_core/isError_reg_i_144/CO[3]
                         net (fo=1, routed)           0.000    17.290    U_core/isError_reg_i_144_n_0
    SLICE_X43Y7          CARRY4 (Prop_carry4_CI_CO[3])
                                                      0.114    17.404 r  U_core/isError_reg_i_101/CO[3]
                         net (fo=1, routed)           0.000    17.404    U_core/isError_reg_i_101_n_0
    SLICE_X43Y8          CARRY4 (Prop_carry4_CI_CO[3])
                                                      0.114    17.518 r  U_core/isError_reg_i_57/CO[3]
                         net (fo=1, routed)           0.000    17.518    U_core/isError_reg_i_57_n_0
    SLICE_X43Y9          CARRY4 (Prop_carry4_CI_CO[3])
                                                      0.114    17.632 r  U_core/isError_reg_i_48/CO[3]
                         net (fo=18, routed)          0.824    18.457    U_core/res1[11]
    SLICE_X43Y10         LUT3 (Prop_lut3_I0_O)        0.124    18.581 r  U_core/isError_i_203/O
                         net (fo=1, routed)           0.000    18.581    U_core/isError_i_203_n_0
    SLICE_X43Y10         CARRY4 (Prop_carry4_S[1]_CO[3])
                                                      0.550    19.131 r  U_core/isError_reg_i_169/CO[3]
                         net (fo=1, routed)           0.000    19.131    U_core/isError_reg_i_169_n_0
    SLICE_X43Y11         CARRY4 (Prop_carry4_CI_CO[3])
                                                      0.114    19.245 r  U_core/isError_reg_i_126/CO[3]
                         net (fo=1, routed)           0.000    19.245    U_core/isError_reg_i_126_n_0
    SLICE_X43Y12         CARRY4 (Prop_carry4_CI_CO[3])
                                                      0.114    19.359 r  U_core/isError_reg_i_74/CO[3]
                         net (fo=1, routed)           0.000    19.359    U_core/isError_reg_i_74_n_0
    SLICE_X43Y13         CARRY4 (Prop_carry4_CI_CO[3])
                                                      0.114    19.473 r  U_core/isError_reg_i_51/CO[3]
                         net (fo=18, routed)          0.868    20.341    U_core/res1[10]
    SLICE_X41Y11         LUT3 (Prop_lut3_I0_O)        0.124    20.465 r  U_core/isError_i_200/O
                         net (fo=1, routed)           0.000    20.465    U_core/isError_i_200_n_0
    SLICE_X41Y11         CARRY4 (Prop_carry4_S[1]_CO[3])
                                                      0.550    21.015 r  U_core/isError_reg_i_164/CO[3]
                         net (fo=1, routed)           0.000    21.015    U_core/isError_reg_i_164_n_0
    SLICE_X41Y12         CARRY4 (Prop_carry4_CI_CO[3])
                                                      0.114    21.129 r  U_core/isError_reg_i_121/CO[3]
                         net (fo=1, routed)           0.000    21.129    U_core/isError_reg_i_121_n_0
    SLICE_X41Y13         CARRY4 (Prop_carry4_CI_CO[3])
                                                      0.114    21.243 r  U_core/isError_reg_i_69/CO[3]
                         net (fo=1, routed)           0.000    21.243    U_core/isError_reg_i_69_n_0
    SLICE_X41Y14         CARRY4 (Prop_carry4_CI_CO[3])
                                                      0.114    21.357 r  U_core/isError_reg_i_53/CO[3]
                         net (fo=18, routed)          0.952    22.308    U_core/res1[9]
    SLICE_X40Y12         CARRY4 (Prop_carry4_CYINIT_CO[3])
                                                      0.580    22.888 r  U_core/isError_reg_i_163/CO[3]
                         net (fo=1, routed)           0.000    22.888    U_core/isError_reg_i_163_n_0
    SLICE_X40Y13         CARRY4 (Prop_carry4_CI_CO[3])
                                                      0.114    23.002 r  U_core/isError_reg_i_120/CO[3]
                         net (fo=1, routed)           0.000    23.002    U_core/isError_reg_i_120_n_0
    SLICE_X40Y14         CARRY4 (Prop_carry4_CI_CO[3])
                                                      0.114    23.116 r  U_core/isError_reg_i_68/CO[3]
                         net (fo=1, routed)           0.000    23.116    U_core/isError_reg_i_68_n_0
    SLICE_X40Y15         CARRY4 (Prop_carry4_CI_CO[3])
                                                      0.114    23.230 r  U_core/isError_reg_i_50/CO[3]
                         net (fo=18, routed)          0.866    24.096    U_core/res1[8]
    SLICE_X39Y14         LUT3 (Prop_lut3_I0_O)        0.124    24.220 r  U_core/num[0][3]_i_301/O
                         net (fo=1, routed)           0.000    24.220    U_core/num[0][3]_i_301_n_0
    SLICE_X39Y14         CARRY4 (Prop_carry4_S[1]_CO[3])
                                                      0.550    24.770 r  U_core/num_reg[0][3]_i_232/CO[3]
                         net (fo=1, routed)           0.000    24.770    U_core/num_reg[0][3]_i_232_n_0
    SLICE_X39Y15         CARRY4 (Prop_carry4_CI_CO[3])
                                                      0.114    24.884 r  U_core/isError_reg_i_135/CO[3]
                         net (fo=1, routed)           0.000    24.884    U_core/isError_reg_i_135_n_0
    SLICE_X39Y16         CARRY4 (Prop_carry4_CI_CO[3])
                                                      0.114    24.998 r  U_core/isError_reg_i_88/CO[3]
                         net (fo=1, routed)           0.000    24.998    U_core/isError_reg_i_88_n_0
    SLICE_X39Y17         CARRY4 (Prop_carry4_CI_CO[3])
                                                      0.114    25.112 r  U_core/isError_reg_i_55/CO[3]
                         net (fo=18, routed)          0.963    26.075    U_core/res1[7]
    SLICE_X38Y15         CARRY4 (Prop_carry4_CYINIT_CO[3])
                                                      0.595    26.670 r  U_core/num_reg[0][3]_i_179/CO[3]
                         net (fo=1, routed)           0.000    26.670    U_core/num_reg[0][3]_i_179_n_0
    SLICE_X38Y16         CARRY4 (Prop_carry4_CI_CO[3])
                                                      0.117    26.787 r  U_core/num_reg[0][3]_i_163/CO[3]
                         net (fo=1, routed)           0.000    26.787    U_core/num_reg[0][3]_i_163_n_0
    SLICE_X38Y17         CARRY4 (Prop_carry4_CI_CO[3])
                                                      0.117    26.904 r  U_core/isError_reg_i_87/CO[3]
                         net (fo=1, routed)           0.000    26.904    U_core/isError_reg_i_87_n_0
    SLICE_X38Y18         CARRY4 (Prop_carry4_CI_CO[3])
                                                      0.117    27.021 r  U_core/isError_reg_i_54/CO[3]
                         net (fo=18, routed)          1.114    28.136    U_core/res1[6]
    SLICE_X38Y11         LUT3 (Prop_lut3_I0_O)        0.124    28.260 r  U_core/num[0][3]_i_245/O
                         net (fo=1, routed)           0.000    28.260    U_core/num[0][3]_i_245_n_0
    SLICE_X38Y11         CARRY4 (Prop_carry4_S[1]_CO[3])
                                                      0.533    28.793 r  U_core/num_reg[0][3]_i_174/CO[3]
                         net (fo=1, routed)           0.000    28.793    U_core/num_reg[0][3]_i_174_n_0
    SLICE_X38Y12         CARRY4 (Prop_carry4_CI_CO[3])
                                                      0.117    28.910 r  U_core/num_reg[0][3]_i_106/CO[3]
                         net (fo=1, routed)           0.000    28.910    U_core/num_reg[0][3]_i_106_n_0
    SLICE_X38Y13         CARRY4 (Prop_carry4_CI_CO[3])
                                                      0.117    29.027 r  U_core/num_reg[0][3]_i_95/CO[3]
                         net (fo=1, routed)           0.000    29.027    U_core/num_reg[0][3]_i_95_n_0
    SLICE_X38Y14         CARRY4 (Prop_carry4_CI_CO[3])
                                                      0.117    29.144 r  U_core/isError_reg_i_56/CO[3]
                         net (fo=18, routed)          1.007    30.151    U_core/res1[5]
    SLICE_X37Y10         CARRY4 (Prop_carry4_CYINIT_CO[3])
                                                      0.580    30.731 r  U_core/num_reg[0][3]_i_169/CO[3]
                         net (fo=1, routed)           0.000    30.731    U_core/num_reg[0][3]_i_169_n_0
    SLICE_X37Y11         CARRY4 (Prop_carry4_CI_CO[3])
                                                      0.114    30.845 r  U_core/num_reg[0][3]_i_101/CO[3]
                         net (fo=1, routed)           0.000    30.845    U_core/num_reg[0][3]_i_101_n_0
    SLICE_X37Y12         CARRY4 (Prop_carry4_CI_CO[3])
                                                      0.114    30.959 r  U_core/num_reg[0][3]_i_58/CO[3]
                         net (fo=1, routed)           0.000    30.959    U_core/num_reg[0][3]_i_58_n_0
    SLICE_X37Y13         CARRY4 (Prop_carry4_CI_CO[3])
                                                      0.114    31.073 r  U_core/num_reg[0][3]_i_51/CO[3]
                         net (fo=18, routed)          1.102    32.175    U_core/res1[4]
    SLICE_X36Y10         CARRY4 (Prop_carry4_CYINIT_CO[3])
                                                      0.580    32.755 r  U_core/num_reg[0][3]_i_168/CO[3]
                         net (fo=1, routed)           0.000    32.755    U_core/num_reg[0][3]_i_168_n_0
    SLICE_X36Y11         CARRY4 (Prop_carry4_CI_CO[3])
                                                      0.114    32.869 r  U_core/num_reg[0][3]_i_100/CO[3]
                         net (fo=1, routed)           0.000    32.869    U_core/num_reg[0][3]_i_100_n_0
    SLICE_X36Y12         CARRY4 (Prop_carry4_CI_CO[3])
                                                      0.114    32.983 r  U_core/num_reg[0][3]_i_57/CO[3]
                         net (fo=1, routed)           0.000    32.983    U_core/num_reg[0][3]_i_57_n_0
    SLICE_X36Y13         CARRY4 (Prop_carry4_CI_CO[3])
                                                      0.114    33.097 r  U_core/num_reg[0][3]_i_34/CO[3]
                         net (fo=18, routed)          1.149    34.246    U_core/res1[3]
    SLICE_X34Y9          CARRY4 (Prop_carry4_CYINIT_CO[3])
                                                      0.595    34.841 r  U_core/num_reg[0][3]_i_184/CO[3]
                         net (fo=1, routed)           0.000    34.841    U_core/num_reg[0][3]_i_184_n_0
    SLICE_X34Y10         CARRY4 (Prop_carry4_CI_CO[3])
                                                      0.117    34.958 r  U_core/num_reg[0][3]_i_111/CO[3]
                         net (fo=1, routed)           0.000    34.958    U_core/num_reg[0][3]_i_111_n_0
    SLICE_X34Y11         CARRY4 (Prop_carry4_CI_CO[3])
                                                      0.117    35.075 r  U_core/num_reg[0][3]_i_66/CO[3]
                         net (fo=1, routed)           0.000    35.075    U_core/num_reg[0][3]_i_66_n_0
    SLICE_X34Y12         CARRY4 (Prop_carry4_CI_CO[3])
                                                      0.117    35.192 r  U_core/num_reg[0][3]_i_36/CO[3]
                         net (fo=18, routed)          1.100    36.292    U_core/res1[2]
    SLICE_X32Y9          LUT4 (Prop_lut4_I0_O)        0.124    36.416 r  U_core/num[0][3]_i_255/O
                         net (fo=1, routed)           0.000    36.416    U_core/num[0][3]_i_255_n_0
    SLICE_X32Y9          CARRY4 (Prop_carry4_S[1]_CO[3])
                                                      0.550    36.966 r  U_core/num_reg[0][3]_i_189/CO[3]
                         net (fo=1, routed)           0.000    36.966    U_core/num_reg[0][3]_i_189_n_0
    SLICE_X32Y10         CARRY4 (Prop_carry4_CI_CO[3])
                                                      0.114    37.080 r  U_core/num_reg[0][3]_i_116/CO[3]
                         net (fo=1, routed)           0.000    37.080    U_core/num_reg[0][3]_i_116_n_0
    SLICE_X32Y11         CARRY4 (Prop_carry4_CI_CO[3])
                                                      0.114    37.194 r  U_core/num_reg[0][3]_i_71/CO[3]
                         net (fo=1, routed)           0.000    37.194    U_core/num_reg[0][3]_i_71_n_0
    SLICE_X32Y12         CARRY4 (Prop_carry4_CI_CO[3])
                                                      0.114    37.308 r  U_core/num_reg[0][3]_i_37/CO[3]
                         net (fo=18, routed)          1.138    38.446    U_core/res1[1]
    SLICE_X28Y8          LUT3 (Prop_lut3_I0_O)        0.124    38.570 r  U_core/num[0][3]_i_259/O
                         net (fo=1, routed)           0.000    38.570    U_core/num[0][3]_i_259_n_0
    SLICE_X28Y8          CARRY4 (Prop_carry4_S[0]_CO[3])
                                                      0.532    39.102 r  U_core/num_reg[0][3]_i_194/CO[3]
                         net (fo=1, routed)           0.000    39.102    U_core/num_reg[0][3]_i_194_n_0
    SLICE_X28Y9          CARRY4 (Prop_carry4_CI_CO[3])
                                                      0.114    39.216 r  U_core/num_reg[0][3]_i_121/CO[3]
                         net (fo=1, routed)           0.000    39.216    U_core/num_reg[0][3]_i_121_n_0
    SLICE_X28Y10         CARRY4 (Prop_carry4_CI_CO[3])
                                                      0.114    39.330 r  U_core/num_reg[0][3]_i_76/CO[3]
                         net (fo=1, routed)           0.000    39.330    U_core/num_reg[0][3]_i_76_n_0
    SLICE_X28Y11         CARRY4 (Prop_carry4_CI_CO[2])
                                                      0.228    39.558 r  U_core/num_reg[0][3]_i_38/CO[2]
                         net (fo=1, routed)           0.586    40.144    U_core/res1[0]
    SLICE_X28Y14         LUT6 (Prop_lut6_I4_O)        0.313    40.457 r  U_core/num[0][3]_i_21/O
                         net (fo=12, routed)          0.196    40.653    U_core/num[0][3]_i_21_n_0
    SLICE_X28Y14         LUT5 (Prop_lut5_I4_O)        0.124    40.777 r  U_core/num[0][3]_i_10/O
                         net (fo=59, routed)          0.928    41.704    U_core/num[0][3]_i_10_n_0
    SLICE_X15Y14         LUT4 (Prop_lut4_I0_O)        0.124    41.828 r  U_core/num[2][2]_i_406/O
                         net (fo=1, routed)           0.000    41.828    U_core/num[2][2]_i_406_n_0
    SLICE_X15Y14         CARRY4 (Prop_carry4_S[1]_CO[3])
                                                      0.550    42.378 r  U_core/num_reg[2][2]_i_381/CO[3]
                         net (fo=1, routed)           0.000    42.378    U_core/num_reg[2][2]_i_381_n_0
    SLICE_X15Y15         CARRY4 (Prop_carry4_CI_CO[3])
                                                      0.114    42.492 r  U_core/num_reg[2][2]_i_319/CO[3]
                         net (fo=1, routed)           0.000    42.492    U_core/num_reg[2][2]_i_319_n_0
    SLICE_X15Y16         CARRY4 (Prop_carry4_CI_CO[3])
                                                      0.114    42.606 r  U_core/num_reg[2][2]_i_226/CO[3]
                         net (fo=1, routed)           0.000    42.606    U_core/num_reg[2][2]_i_226_n_0
    SLICE_X15Y17         CARRY4 (Prop_carry4_CI_CO[3])
                                                      0.114    42.720 r  U_core/num_reg[2][2]_i_245/CO[3]
                         net (fo=1, routed)           0.000    42.720    U_core/num_reg[2][2]_i_245_n_0
    SLICE_X15Y18         CARRY4 (Prop_carry4_CI_CO[3])
                                                      0.114    42.834 r  U_core/num_reg[2][2]_i_187/CO[3]
                         net (fo=1, routed)           0.000    42.834    U_core/num_reg[2][2]_i_187_n_0
    SLICE_X15Y19         CARRY4 (Prop_carry4_CI_O[1])
                                                      0.334    43.168 r  U_core/num_reg[2][2]_i_186/O[1]
                         net (fo=3, routed)           0.616    43.784    U_core/num_reg[2][2]_i_186_n_6
    SLICE_X10Y18         LUT3 (Prop_lut3_I1_O)        0.303    44.087 r  U_core/num[2][2]_i_103/O
                         net (fo=1, routed)           1.057    45.144    U_core/num[2][2]_i_103_n_0
    SLICE_X32Y17         CARRY4 (Prop_carry4_DI[2]_CO[3])
                                                      0.398    45.542 r  U_core/num_reg[2][2]_i_47/CO[3]
                         net (fo=1, routed)           0.000    45.542    U_core/num_reg[2][2]_i_47_n_0
    SLICE_X32Y18         CARRY4 (Prop_carry4_CI_O[3])
                                                      0.313    45.855 r  U_core/num_reg[2][2]_i_46/O[3]
                         net (fo=3, routed)           0.784    46.639    U_core_n_239
    SLICE_X32Y13         LUT3 (Prop_lut3_I2_O)        0.306    46.945 r  num[2][3]_i_28/O
                         net (fo=1, routed)           0.656    47.602    U_core/res0_26[2]
    SLICE_X33Y16         CARRY4 (Prop_carry4_DI[2]_CO[3])
                                                      0.398    48.000 r  U_core/num_reg[2][3]_i_19/CO[3]
                         net (fo=1, routed)           0.000    48.000    U_core/num_reg[2][3]_i_19_n_0
    SLICE_X33Y17         CARRY4 (Prop_carry4_CI_CO[3])
                                                      0.114    48.114 r  U_core/num_reg[2][3]_i_48/CO[3]
                         net (fo=1, routed)           0.000    48.114    U_core/num_reg[2][3]_i_48_n_0
    SLICE_X33Y18         CARRY4 (Prop_carry4_CI_O[2])
                                                      0.239    48.353 r  U_core/num_reg[2][2]_i_131/O[2]
                         net (fo=13, routed)          1.033    49.386    U_core_n_264
    SLICE_X36Y19         LUT3 (Prop_lut3_I1_O)        0.302    49.688 r  num[2][2]_i_53/O
                         net (fo=1, routed)           0.483    50.171    num[2][2]_i_53_n_0
    SLICE_X35Y20         CARRY4 (Prop_carry4_DI[1]_CO[3])
                                                      0.507    50.678 r  num_reg[2][2]_i_20/CO[3]
                         net (fo=1, routed)           0.000    50.678    num_reg[2][2]_i_20_n_0
    SLICE_X35Y21         CARRY4 (Prop_carry4_CI_O[1])
                                                      0.334    51.012 r  num_reg[2][2]_i_7/O[1]
                         net (fo=3, routed)           0.625    51.636    U_core/saved_op_reg[1]_0[1]
    SLICE_X37Y16         LUT6 (Prop_lut6_I0_O)        0.303    51.939 r  U_core/num[2][2]_i_27/O
                         net (fo=1, routed)           0.475    52.414    U_core/num[2][2]_i_27_n_0
    SLICE_X35Y15         CARRY4 (Prop_carry4_DI[1]_CO[1])
                                                      0.445    52.859 r  U_core/num_reg[2][2]_i_8/CO[1]
                         net (fo=23, routed)          0.596    53.455    U_core/num_reg[2][2]_i_8_n_2
    SLICE_X36Y16         LUT5 (Prop_lut5_I3_O)        0.329    53.784 r  U_core/num[2][3]_i_138/O
                         net (fo=2, routed)           0.478    54.262    U_core/num[2][3]_i_138_n_0
    SLICE_X36Y16         LUT6 (Prop_lut6_I2_O)        0.124    54.386 r  U_core/num[2][3]_i_130/O
                         net (fo=2, routed)           0.953    55.339    U_core/num[2][3]_i_130_n_0
    SLICE_X40Y16         LUT5 (Prop_lut5_I1_O)        0.124    55.463 r  U_core/num[2][3]_i_127/O
                         net (fo=1, routed)           0.161    55.624    U_core/num[2][3]_i_127_n_0
    SLICE_X40Y16         LUT6 (Prop_lut6_I5_O)        0.124    55.748 r  U_core/num[2][3]_i_117/O
                         net (fo=3, routed)           0.425    56.173    U_core/num[2][3]_i_117_n_0
    SLICE_X41Y15         LUT6 (Prop_lut6_I1_O)        0.124    56.297 r  U_core/num[2][3]_i_105/O
                         net (fo=3, routed)           0.319    56.616    U_core/num[2][3]_i_105_n_0
    SLICE_X42Y15         LUT6 (Prop_lut6_I1_O)        0.124    56.740 r  U_core/num[2][3]_i_101/O
                         net (fo=3, routed)           0.807    57.547    U_core/num[2][3]_i_101_n_0
    SLICE_X36Y15         LUT5 (Prop_lut5_I1_O)        0.124    57.671 r  U_core/num[2][3]_i_96/O
                         net (fo=1, routed)           0.507    58.178    U_core/num[2][3]_i_96_n_0
    SLICE_X37Y14         LUT6 (Prop_lut6_I5_O)        0.124    58.302 r  U_core/num[2][3]_i_55/O
                         net (fo=3, routed)           0.490    58.793    U_core/num[2][3]_i_55_n_0
    SLICE_X36Y14         LUT6 (Prop_lut6_I1_O)        0.124    58.917 r  U_core/num[2][3]_i_51/O
                         net (fo=3, routed)           1.014    59.931    U_core/num[2][3]_i_51_n_0
    SLICE_X37Y9          LUT6 (Prop_lut6_I4_O)        0.124    60.055 r  U_core/num[2][3]_i_40/O
                         net (fo=3, routed)           0.583    60.637    U_core/num[2][3]_i_40_n_0
    SLICE_X33Y9          LUT6 (Prop_lut6_I2_O)        0.124    60.761 r  U_core/num[2][3]_i_25/O
                         net (fo=3, routed)           0.737    61.498    U_core/num[2][3]_i_25_n_0
    SLICE_X31Y9          LUT5 (Prop_lut5_I1_O)        0.124    61.622 r  U_core/num[2][3]_i_23/O
                         net (fo=1, routed)           0.395    62.017    U_core/num[2][3]_i_23_n_0
    SLICE_X33Y9          LUT6 (Prop_lut6_I5_O)        0.124    62.141 r  U_core/num[2][3]_i_14/O
                         net (fo=3, routed)           0.598    62.739    U_core/num[2][3]_i_14_n_0
    SLICE_X34Y8          LUT5 (Prop_lut5_I1_O)        0.124    62.863 r  U_core/num[2][3]_i_12/O
                         net (fo=1, routed)           0.680    63.543    U_core/num[2][3]_i_12_n_0
    SLICE_X34Y8          LUT6 (Prop_lut6_I5_O)        0.124    63.667 r  U_core/num[2][3]_i_3/O
                         net (fo=3, routed)           0.426    64.094    U_core/num[2][3]_i_3_n_0
    SLICE_X35Y7          LUT6 (Prop_lut6_I2_O)        0.124    64.218 r  U_core/num[2][2]_i_1/O
                         net (fo=1, routed)           0.000    64.218    U_core/num[2][2]_i_1_n_0
    SLICE_X35Y7          FDCE                                         r  U_core/num_reg[2][2]/D
  -------------------------------------------------------------------    -------------------

                         (clock sys_clk_pin rise edge)
                                                     10.000    10.000 r  
    W5                                                0.000    10.000 r  clk (IN)
                         net (fo=0)                   0.000    10.000    clk
    W5                   IBUF (Prop_ibuf_I_O)         1.388    11.388 r  clk_IBUF_inst/O
                         net (fo=1, routed)           1.862    13.250    clk_IBUF
    BUFGCTRL_X0Y0        BUFG (Prop_bufg_I_O)         0.091    13.341 r  clk_IBUF_BUFG_inst/O
                         net (fo=104, routed)         1.443    14.784    U_core/clk_IBUF_BUFG
    SLICE_X35Y7          FDCE                                         r  U_core/num_reg[2][2]/C
                         clock pessimism              0.188    14.972    
                         clock uncertainty           -0.035    14.937    
    SLICE_X35Y7          FDCE (Setup_fdce_C_D)        0.029    14.966    U_core/num_reg[2][2]
  -------------------------------------------------------------------
                         required time                         14.966    
                         arrival time                         -64.218    
  -------------------------------------------------------------------
                         slack                                -49.252    

Slack (VIOLATED) :        -48.941ns  (required time - arrival time)
  Source:                 U_core/num_reg[3][0]/C
                            (rising edge-triggered cell FDCE clocked by sys_clk_pin  {rise@0.000ns fall@5.000ns period=10.000ns})
  Destination:            U_core/num_reg[3][3]/D
                            (rising edge-triggered cell FDCE clocked by sys_clk_pin  {rise@0.000ns fall@5.000ns period=10.000ns})
  Path Group:             sys_clk_pin
  Path Type:              Setup (Max at Slow Process Corner)
  Requirement:            10.000ns  (sys_clk_pin rise@10.000ns - sys_clk_pin rise@0.000ns)
  Data Path Delay:        58.913ns  (logic 27.665ns (46.959%)  route 31.248ns (53.041%))
  Logic Levels:           111  (CARRY4=77 LUT2=3 LUT3=11 LUT4=3 LUT5=6 LUT6=11)
  Clock Path Skew:        -0.024ns (DCD - SCD + CPR)
    Destination Clock Delay (DCD):    4.786ns = ( 14.786 - 10.000 ) 
    Source Clock Delay      (SCD):    5.085ns
    Clock Pessimism Removal (CPR):    0.275ns
  Clock Uncertainty:      0.035ns  ((TSJ^2 + TIJ^2)^1/2 + DJ) / 2 + PE
    Total System Jitter     (TSJ):    0.071ns
    Total Input Jitter      (TIJ):    0.000ns
    Discrete Jitter          (DJ):    0.000ns
    Phase Error              (PE):    0.000ns

    Location             Delay type                Incr(ns)  Path(ns)    Netlist Resource(s)
  -------------------------------------------------------------------    -------------------
                         (clock sys_clk_pin rise edge)
                                                      0.000     0.000 r  
    W5                                                0.000     0.000 r  clk (IN)
                         net (fo=0)                   0.000     0.000    clk
    W5                   IBUF (Prop_ibuf_I_O)         1.458     1.458 r  clk_IBUF_inst/O
                         net (fo=1, routed)           1.967     3.425    clk_IBUF
    BUFGCTRL_X0Y0        BUFG (Prop_bufg_I_O)         0.096     3.521 r  clk_IBUF_BUFG_inst/O
                         net (fo=104, routed)         1.564     5.085    U_core/clk_IBUF_BUFG
    SLICE_X37Y8          FDCE                                         r  U_core/num_reg[3][0]/C
  -------------------------------------------------------------------    -------------------
    SLICE_X37Y8          FDCE (Prop_fdce_C_Q)         0.456     5.541 r  U_core/num_reg[3][0]/Q
                         net (fo=8, routed)           0.844     6.386    U_core/num_reg_n_0_[3][0]
    SLICE_X36Y7          LUT4 (Prop_lut4_I0_O)        0.124     6.510 r  U_core/res0_i_151/O
                         net (fo=1, routed)           0.000     6.510    U_core/res0_i_151_n_0
    SLICE_X36Y7          CARRY4 (Prop_carry4_S[1]_CO[3])
                                                      0.550     7.060 r  U_core/res0_i_132/CO[3]
                         net (fo=1, routed)           0.000     7.060    U_core/res0_i_132_n_0
    SLICE_X36Y8          CARRY4 (Prop_carry4_CI_O[1])
                                                      0.334     7.394 r  U_core/res0_i_124/O[1]
                         net (fo=1, routed)           0.588     7.981    value10[10]
    SLICE_X33Y7          LUT2 (Prop_lut2_I1_O)        0.303     8.284 r  res0_i_105/O
                         net (fo=1, routed)           0.000     8.284    U_core/num_reg[2][2]_1[3]
    SLICE_X33Y7          CARRY4 (Prop_carry4_S[3]_CO[3])
                                                      0.401     8.685 r  U_core/res0_i_85/CO[3]
                         net (fo=1, routed)           0.000     8.685    U_core/res0_i_85_n_0
    SLICE_X33Y8          CARRY4 (Prop_carry4_CI_O[0])
                                                      0.222     8.907 r  U_core/res0_i_84/O[0]
                         net (fo=1, routed)           0.432     9.339    U_core/num_reg[2][2]_2[3]
    SLICE_X31Y7          CARRY4 (Prop_carry4_S[3]_CO[3])
                                                      0.700    10.039 r  U_core/res0_i_47/CO[3]
                         net (fo=1, routed)           0.000    10.039    U_core/res0_i_47_n_0
    SLICE_X31Y8          CARRY4 (Prop_carry4_CI_O[0])
                                                      0.222    10.261 r  U_core/res0_i_46/O[0]
                         net (fo=1, routed)           0.440    10.701    U_core/res0_i_46_n_7
    SLICE_X32Y7          CARRY4 (Prop_carry4_S[3]_CO[3])
                                                      0.700    11.401 r  U_core/res0_i_7/CO[3]
                         net (fo=1, routed)           0.000    11.401    U_core/res0_i_7_n_0
    SLICE_X32Y8          CARRY4 (Prop_carry4_CI_O[0])
                                                      0.222    11.623 r  U_core/res0_i_6/O[0]
                         net (fo=193, routed)         0.820    12.443    U_core/res0_0[11]
    SLICE_X42Y7          LUT2 (Prop_lut2_I1_O)        0.299    12.742 r  U_core/isError_i_194/O
                         net (fo=1, routed)           0.000    12.742    U_core/isError_i_194_n_0
    SLICE_X42Y7          CARRY4 (Prop_carry4_S[0]_CO[3])
                                                      0.513    13.255 r  U_core/isError_reg_i_150/CO[3]
                         net (fo=1, routed)           0.000    13.255    U_core/isError_reg_i_150_n_0
    SLICE_X42Y8          CARRY4 (Prop_carry4_CI_CO[3])
                                                      0.117    13.372 r  U_core/isError_reg_i_107/CO[3]
                         net (fo=1, routed)           0.000    13.372    U_core/isError_reg_i_107_n_0
    SLICE_X42Y9          CARRY4 (Prop_carry4_CI_CO[3])
                                                      0.117    13.489 r  U_core/isError_reg_i_63/CO[3]
                         net (fo=1, routed)           0.000    13.489    U_core/isError_reg_i_63_n_0
    SLICE_X42Y10         CARRY4 (Prop_carry4_CI_CO[2])
                                                      0.229    13.718 r  U_core/isError_reg_i_52/CO[2]
                         net (fo=18, routed)          0.666    14.383    U_core/res1[13]
    SLICE_X41Y7          LUT3 (Prop_lut3_I0_O)        0.310    14.693 r  U_core/isError_i_187/O
                         net (fo=1, routed)           0.000    14.693    U_core/isError_i_187_n_0
    SLICE_X41Y7          CARRY4 (Prop_carry4_S[1]_CO[3])
                                                      0.550    15.243 r  U_core/isError_reg_i_145/CO[3]
                         net (fo=1, routed)           0.000    15.243    U_core/isError_reg_i_145_n_0
    SLICE_X41Y8          CARRY4 (Prop_carry4_CI_CO[3])
                                                      0.114    15.357 r  U_core/isError_reg_i_102/CO[3]
                         net (fo=1, routed)           0.000    15.357    U_core/isError_reg_i_102_n_0
    SLICE_X41Y9          CARRY4 (Prop_carry4_CI_CO[3])
                                                      0.114    15.471 r  U_core/isError_reg_i_58/CO[3]
                         net (fo=1, routed)           0.000    15.471    U_core/isError_reg_i_58_n_0
    SLICE_X41Y10         CARRY4 (Prop_carry4_CI_CO[3])
                                                      0.114    15.585 r  U_core/isError_reg_i_49/CO[3]
                         net (fo=18, routed)          1.031    16.616    U_core/res1[12]
    SLICE_X43Y6          LUT3 (Prop_lut3_I0_O)        0.124    16.740 r  U_core/isError_i_184/O
                         net (fo=1, routed)           0.000    16.740    U_core/isError_i_184_n_0
    SLICE_X43Y6          CARRY4 (Prop_carry4_S[1]_CO[3])
                                                      0.550    17.290 r  U_core/isError_reg_i_144/CO[3]
                         net (fo=1, routed)           0.000    17.290    U_core/isError_reg_i_144_n_0
    SLICE_X43Y7          CARRY4 (Prop_carry4_CI_CO[3])
                                                      0.114    17.404 r  U_core/isError_reg_i_101/CO[3]
                         net (fo=1, routed)           0.000    17.404    U_core/isError_reg_i_101_n_0
    SLICE_X43Y8          CARRY4 (Prop_carry4_CI_CO[3])
                                                      0.114    17.518 r  U_core/isError_reg_i_57/CO[3]
                         net (fo=1, routed)           0.000    17.518    U_core/isError_reg_i_57_n_0
    SLICE_X43Y9          CARRY4 (Prop_carry4_CI_CO[3])
                                                      0.114    17.632 r  U_core/isError_reg_i_48/CO[3]
                         net (fo=18, routed)          0.824    18.457    U_core/res1[11]
    SLICE_X43Y10         LUT3 (Prop_lut3_I0_O)        0.124    18.581 r  U_core/isError_i_203/O
                         net (fo=1, routed)           0.000    18.581    U_core/isError_i_203_n_0
    SLICE_X43Y10         CARRY4 (Prop_carry4_S[1]_CO[3])
                                                      0.550    19.131 r  U_core/isError_reg_i_169/CO[3]
                         net (fo=1, routed)           0.000    19.131    U_core/isError_reg_i_169_n_0
    SLICE_X43Y11         CARRY4 (Prop_carry4_CI_CO[3])
                                                      0.114    19.245 r  U_core/isError_reg_i_126/CO[3]
                         net (fo=1, routed)           0.000    19.245    U_core/isError_reg_i_126_n_0
    SLICE_X43Y12         CARRY4 (Prop_carry4_CI_CO[3])
                                                      0.114    19.359 r  U_core/isError_reg_i_74/CO[3]
                         net (fo=1, routed)           0.000    19.359    U_core/isError_reg_i_74_n_0
    SLICE_X43Y13         CARRY4 (Prop_carry4_CI_CO[3])
                                                      0.114    19.473 r  U_core/isError_reg_i_51/CO[3]
                         net (fo=18, routed)          0.868    20.341    U_core/res1[10]
    SLICE_X41Y11         LUT3 (Prop_lut3_I0_O)        0.124    20.465 r  U_core/isError_i_200/O
                         net (fo=1, routed)           0.000    20.465    U_core/isError_i_200_n_0
    SLICE_X41Y11         CARRY4 (Prop_carry4_S[1]_CO[3])
                                                      0.550    21.015 r  U_core/isError_reg_i_164/CO[3]
                         net (fo=1, routed)           0.000    21.015    U_core/isError_reg_i_164_n_0
    SLICE_X41Y12         CARRY4 (Prop_carry4_CI_CO[3])
                                                      0.114    21.129 r  U_core/isError_reg_i_121/CO[3]
                         net (fo=1, routed)           0.000    21.129    U_core/isError_reg_i_121_n_0
    SLICE_X41Y13         CARRY4 (Prop_carry4_CI_CO[3])
                                                      0.114    21.243 r  U_core/isError_reg_i_69/CO[3]
                         net (fo=1, routed)           0.000    21.243    U_core/isError_reg_i_69_n_0
    SLICE_X41Y14         CARRY4 (Prop_carry4_CI_CO[3])
                                                      0.114    21.357 r  U_core/isError_reg_i_53/CO[3]
                         net (fo=18, routed)          0.952    22.308    U_core/res1[9]
    SLICE_X40Y12         CARRY4 (Prop_carry4_CYINIT_CO[3])
                                                      0.580    22.888 r  U_core/isError_reg_i_163/CO[3]
                         net (fo=1, routed)           0.000    22.888    U_core/isError_reg_i_163_n_0
    SLICE_X40Y13         CARRY4 (Prop_carry4_CI_CO[3])
                                                      0.114    23.002 r  U_core/isError_reg_i_120/CO[3]
                         net (fo=1, routed)           0.000    23.002    U_core/isError_reg_i_120_n_0
    SLICE_X40Y14         CARRY4 (Prop_carry4_CI_CO[3])
                                                      0.114    23.116 r  U_core/isError_reg_i_68/CO[3]
                         net (fo=1, routed)           0.000    23.116    U_core/isError_reg_i_68_n_0
    SLICE_X40Y15         CARRY4 (Prop_carry4_CI_CO[3])
                                                      0.114    23.230 r  U_core/isError_reg_i_50/CO[3]
                         net (fo=18, routed)          0.866    24.096    U_core/res1[8]
    SLICE_X39Y14         LUT3 (Prop_lut3_I0_O)        0.124    24.220 r  U_core/num[0][3]_i_301/O
                         net (fo=1, routed)           0.000    24.220    U_core/num[0][3]_i_301_n_0
    SLICE_X39Y14         CARRY4 (Prop_carry4_S[1]_CO[3])
                                                      0.550    24.770 r  U_core/num_reg[0][3]_i_232/CO[3]
                         net (fo=1, routed)           0.000    24.770    U_core/num_reg[0][3]_i_232_n_0
    SLICE_X39Y15         CARRY4 (Prop_carry4_CI_CO[3])
                                                      0.114    24.884 r  U_core/isError_reg_i_135/CO[3]
                         net (fo=1, routed)           0.000    24.884    U_core/isError_reg_i_135_n_0
    SLICE_X39Y16         CARRY4 (Prop_carry4_CI_CO[3])
                                                      0.114    24.998 r  U_core/isError_reg_i_88/CO[3]
                         net (fo=1, routed)           0.000    24.998    U_core/isError_reg_i_88_n_0
    SLICE_X39Y17         CARRY4 (Prop_carry4_CI_CO[3])
                                                      0.114    25.112 r  U_core/isError_reg_i_55/CO[3]
                         net (fo=18, routed)          0.963    26.075    U_core/res1[7]
    SLICE_X38Y15         CARRY4 (Prop_carry4_CYINIT_CO[3])
                                                      0.595    26.670 r  U_core/num_reg[0][3]_i_179/CO[3]
                         net (fo=1, routed)           0.000    26.670    U_core/num_reg[0][3]_i_179_n_0
    SLICE_X38Y16         CARRY4 (Prop_carry4_CI_CO[3])
                                                      0.117    26.787 r  U_core/num_reg[0][3]_i_163/CO[3]
                         net (fo=1, routed)           0.000    26.787    U_core/num_reg[0][3]_i_163_n_0
    SLICE_X38Y17         CARRY4 (Prop_carry4_CI_CO[3])
                                                      0.117    26.904 r  U_core/isError_reg_i_87/CO[3]
                         net (fo=1, routed)           0.000    26.904    U_core/isError_reg_i_87_n_0
    SLICE_X38Y18         CARRY4 (Prop_carry4_CI_CO[3])
                                                      0.117    27.021 r  U_core/isError_reg_i_54/CO[3]
                         net (fo=18, routed)          1.114    28.136    U_core/res1[6]
    SLICE_X38Y11         LUT3 (Prop_lut3_I0_O)        0.124    28.260 r  U_core/num[0][3]_i_245/O
                         net (fo=1, routed)           0.000    28.260    U_core/num[0][3]_i_245_n_0
    SLICE_X38Y11         CARRY4 (Prop_carry4_S[1]_CO[3])
                                                      0.533    28.793 r  U_core/num_reg[0][3]_i_174/CO[3]
                         net (fo=1, routed)           0.000    28.793    U_core/num_reg[0][3]_i_174_n_0
    SLICE_X38Y12         CARRY4 (Prop_carry4_CI_CO[3])
                                                      0.117    28.910 r  U_core/num_reg[0][3]_i_106/CO[3]
                         net (fo=1, routed)           0.000    28.910    U_core/num_reg[0][3]_i_106_n_0
    SLICE_X38Y13         CARRY4 (Prop_carry4_CI_CO[3])
                                                      0.117    29.027 r  U_core/num_reg[0][3]_i_95/CO[3]
                         net (fo=1, routed)           0.000    29.027    U_core/num_reg[0][3]_i_95_n_0
    SLICE_X38Y14         CARRY4 (Prop_carry4_CI_CO[3])
                                                      0.117    29.144 r  U_core/isError_reg_i_56/CO[3]
                         net (fo=18, routed)          1.007    30.151    U_core/res1[5]
    SLICE_X37Y10         CARRY4 (Prop_carry4_CYINIT_CO[3])
                                                      0.580    30.731 r  U_core/num_reg[0][3]_i_169/CO[3]
                         net (fo=1, routed)           0.000    30.731    U_core/num_reg[0][3]_i_169_n_0
    SLICE_X37Y11         CARRY4 (Prop_carry4_CI_CO[3])
                                                      0.114    30.845 r  U_core/num_reg[0][3]_i_101/CO[3]
                         net (fo=1, routed)           0.000    30.845    U_core/num_reg[0][3]_i_101_n_0
    SLICE_X37Y12         CARRY4 (Prop_carry4_CI_CO[3])
                                                      0.114    30.959 r  U_core/num_reg[0][3]_i_58/CO[3]
                         net (fo=1, routed)           0.000    30.959    U_core/num_reg[0][3]_i_58_n_0
    SLICE_X37Y13         CARRY4 (Prop_carry4_CI_CO[3])
                                                      0.114    31.073 r  U_core/num_reg[0][3]_i_51/CO[3]
                         net (fo=18, routed)          1.102    32.175    U_core/res1[4]
    SLICE_X36Y10         CARRY4 (Prop_carry4_CYINIT_CO[3])
                                                      0.580    32.755 r  U_core/num_reg[0][3]_i_168/CO[3]
                         net (fo=1, routed)           0.000    32.755    U_core/num_reg[0][3]_i_168_n_0
    SLICE_X36Y11         CARRY4 (Prop_carry4_CI_CO[3])
                                                      0.114    32.869 r  U_core/num_reg[0][3]_i_100/CO[3]
                         net (fo=1, routed)           0.000    32.869    U_core/num_reg[0][3]_i_100_n_0
    SLICE_X36Y12         CARRY4 (Prop_carry4_CI_CO[3])
                                                      0.114    32.983 r  U_core/num_reg[0][3]_i_57/CO[3]
                         net (fo=1, routed)           0.000    32.983    U_core/num_reg[0][3]_i_57_n_0
    SLICE_X36Y13         CARRY4 (Prop_carry4_CI_CO[3])
                                                      0.114    33.097 r  U_core/num_reg[0][3]_i_34/CO[3]
                         net (fo=18, routed)          1.149    34.246    U_core/res1[3]
    SLICE_X34Y9          CARRY4 (Prop_carry4_CYINIT_CO[3])
                                                      0.595    34.841 r  U_core/num_reg[0][3]_i_184/CO[3]
                         net (fo=1, routed)           0.000    34.841    U_core/num_reg[0][3]_i_184_n_0
    SLICE_X34Y10         CARRY4 (Prop_carry4_CI_CO[3])
                                                      0.117    34.958 r  U_core/num_reg[0][3]_i_111/CO[3]
                         net (fo=1, routed)           0.000    34.958    U_core/num_reg[0][3]_i_111_n_0
    SLICE_X34Y11         CARRY4 (Prop_carry4_CI_CO[3])
                                                      0.117    35.075 r  U_core/num_reg[0][3]_i_66/CO[3]
                         net (fo=1, routed)           0.000    35.075    U_core/num_reg[0][3]_i_66_n_0
    SLICE_X34Y12         CARRY4 (Prop_carry4_CI_CO[3])
                                                      0.117    35.192 r  U_core/num_reg[0][3]_i_36/CO[3]
                         net (fo=18, routed)          1.100    36.292    U_core/res1[2]
    SLICE_X32Y9          LUT4 (Prop_lut4_I0_O)        0.124    36.416 r  U_core/num[0][3]_i_255/O
                         net (fo=1, routed)           0.000    36.416    U_core/num[0][3]_i_255_n_0
    SLICE_X32Y9          CARRY4 (Prop_carry4_S[1]_CO[3])
                                                      0.550    36.966 r  U_core/num_reg[0][3]_i_189/CO[3]
                         net (fo=1, routed)           0.000    36.966    U_core/num_reg[0][3]_i_189_n_0
    SLICE_X32Y10         CARRY4 (Prop_carry4_CI_CO[3])
                                                      0.114    37.080 r  U_core/num_reg[0][3]_i_116/CO[3]
                         net (fo=1, routed)           0.000    37.080    U_core/num_reg[0][3]_i_116_n_0
    SLICE_X32Y11         CARRY4 (Prop_carry4_CI_CO[3])
                                                      0.114    37.194 r  U_core/num_reg[0][3]_i_71/CO[3]
                         net (fo=1, routed)           0.000    37.194    U_core/num_reg[0][3]_i_71_n_0
    SLICE_X32Y12         CARRY4 (Prop_carry4_CI_CO[3])
                                                      0.114    37.308 r  U_core/num_reg[0][3]_i_37/CO[3]
                         net (fo=18, routed)          1.138    38.446    U_core/res1[1]
    SLICE_X28Y8          LUT3 (Prop_lut3_I0_O)        0.124    38.570 r  U_core/num[0][3]_i_259/O
                         net (fo=1, routed)           0.000    38.570    U_core/num[0][3]_i_259_n_0
    SLICE_X28Y8          CARRY4 (Prop_carry4_S[0]_CO[3])
                                                      0.532    39.102 r  U_core/num_reg[0][3]_i_194/CO[3]
                         net (fo=1, routed)           0.000    39.102    U_core/num_reg[0][3]_i_194_n_0
    SLICE_X28Y9          CARRY4 (Prop_carry4_CI_CO[3])
                                                      0.114    39.216 r  U_core/num_reg[0][3]_i_121/CO[3]
                         net (fo=1, routed)           0.000    39.216    U_core/num_reg[0][3]_i_121_n_0
    SLICE_X28Y10         CARRY4 (Prop_carry4_CI_CO[3])
                                                      0.114    39.330 r  U_core/num_reg[0][3]_i_76/CO[3]
                         net (fo=1, routed)           0.000    39.330    U_core/num_reg[0][3]_i_76_n_0
    SLICE_X28Y11         CARRY4 (Prop_carry4_CI_CO[2])
                                                      0.228    39.558 r  U_core/num_reg[0][3]_i_38/CO[2]
                         net (fo=1, routed)           0.586    40.144    U_core/res1[0]
    SLICE_X28Y14         LUT6 (Prop_lut6_I4_O)        0.313    40.457 r  U_core/num[0][3]_i_21/O
                         net (fo=12, routed)          0.196    40.653    U_core/num[0][3]_i_21_n_0
    SLICE_X28Y14         LUT5 (Prop_lut5_I4_O)        0.124    40.777 r  U_core/num[0][3]_i_10/O
                         net (fo=59, routed)          0.799    41.576    U_core/num[0][3]_i_10_n_0
    SLICE_X31Y21         LUT3 (Prop_lut3_I1_O)        0.124    41.700 r  U_core/num[3][1]_i_290/O
                         net (fo=1, routed)           0.379    42.079    U_core/num[3][1]_i_290_n_0
    SLICE_X30Y21         CARRY4 (Prop_carry4_DI[3]_CO[3])
                                                      0.396    42.475 r  U_core/num_reg[3][1]_i_240/CO[3]
                         net (fo=1, routed)           0.000    42.475    U_core/num_reg[3][1]_i_240_n_0
    SLICE_X30Y22         CARRY4 (Prop_carry4_CI_CO[3])
                                                      0.117    42.592 r  U_core/num_reg[3][1]_i_165/CO[3]
                         net (fo=1, routed)           0.000    42.592    U_core/num_reg[3][1]_i_165_n_0
    SLICE_X30Y23         CARRY4 (Prop_carry4_CI_CO[3])
                                                      0.117    42.709 r  U_core/num_reg[3][1]_i_84/CO[3]
                         net (fo=1, routed)           0.000    42.709    U_core/num_reg[3][1]_i_84_n_0
    SLICE_X30Y24         CARRY4 (Prop_carry4_CI_CO[3])
                                                      0.117    42.826 r  U_core/num_reg[3][1]_i_43/CO[3]
                         net (fo=1, routed)           0.009    42.835    U_core/num_reg[3][1]_i_43_n_0
    SLICE_X30Y25         CARRY4 (Prop_carry4_CI_O[3])
                                                      0.315    43.150 r  U_core/num_reg[3][1]_i_41/O[3]
                         net (fo=2, routed)           0.763    43.913    U_core/num_reg[3][1]_i_41_n_4
    SLICE_X29Y24         LUT3 (Prop_lut3_I2_O)        0.332    44.245 r  U_core/num[3][3]_i_29/O
                         net (fo=2, routed)           0.616    44.861    U_core/num[3][3]_i_29_n_0
    SLICE_X29Y25         LUT4 (Prop_lut4_I3_O)        0.332    45.193 r  U_core/num[3][3]_i_33/O
                         net (fo=1, routed)           0.000    45.193    U_core/num[3][3]_i_33_n_0
    SLICE_X29Y25         CARRY4 (Prop_carry4_S[0]_CO[3])
                                                      0.532    45.725 r  U_core/num_reg[3][3]_i_19/CO[3]
                         net (fo=1, routed)           0.000    45.725    U_core/num_reg[3][3]_i_19_n_0
    SLICE_X29Y26         CARRY4 (Prop_carry4_CI_O[1])
                                                      0.334    46.059 r  U_core/num_reg[3][3]_i_50/O[1]
                         net (fo=18, routed)          0.986    47.045    U_core_n_297
    SLICE_X31Y29         LUT3 (Prop_lut3_I1_O)        0.303    47.348 r  num[3][1]_i_305/O
                         net (fo=1, routed)           0.472    47.821    num[3][1]_i_305_n_0
    SLICE_X31Y25         CARRY4 (Prop_carry4_DI[3]_CO[3])
                                                      0.385    48.206 r  num_reg[3][1]_i_258/CO[3]
                         net (fo=1, routed)           0.000    48.206    num_reg[3][1]_i_258_n_0
    SLICE_X31Y26         CARRY4 (Prop_carry4_CI_O[1])
                                                      0.334    48.540 r  num_reg[3][1]_i_199/O[1]
                         net (fo=3, routed)           0.680    49.220    num_reg[3][1]_i_199_n_6
    SLICE_X32Y27         LUT3 (Prop_lut3_I2_O)        0.303    49.523 r  num[3][1]_i_133/O
                         net (fo=1, routed)           0.473    49.995    num[3][1]_i_133_n_0
    SLICE_X33Y26         CARRY4 (Prop_carry4_DI[0]_CO[3])
                                                      0.526    50.521 r  num_reg[3][1]_i_54/CO[3]
                         net (fo=1, routed)           0.000    50.521    num_reg[3][1]_i_54_n_0
    SLICE_X33Y27         CARRY4 (Prop_carry4_CI_O[1])
                                                      0.334    50.855 r  num_reg[3][1]_i_22/O[1]
                         net (fo=3, routed)           0.529    51.385    U_core/res0_47[1]
    SLICE_X35Y26         LUT6 (Prop_lut6_I0_O)        0.303    51.688 r  U_core/num[3][1]_i_67/O
                         net (fo=1, routed)           0.330    52.018    U_core/num[3][1]_i_67_n_0
    SLICE_X34Y26         CARRY4 (Prop_carry4_DI[2]_CO[3])
                                                      0.404    52.422 r  U_core/num_reg[3][1]_i_24/CO[3]
                         net (fo=1, routed)           0.000    52.422    U_core/num_reg[3][1]_i_24_n_0
    SLICE_X34Y27         CARRY4 (Prop_carry4_CI_CO[0])
                                                      0.254    52.676 r  U_core/num_reg[3][1]_i_9/CO[0]
                         net (fo=20, routed)          0.711    53.386    U_core/num_reg[3][1]_i_9_n_3
    SLICE_X36Y26         LUT5 (Prop_lut5_I3_O)        0.367    53.753 r  U_core/num[3][3]_i_117/O
                         net (fo=2, routed)           0.431    54.184    U_core/num[3][3]_i_117_n_0
    SLICE_X36Y26         LUT6 (Prop_lut6_I2_O)        0.124    54.308 r  U_core/num[3][3]_i_114/O
                         net (fo=2, routed)           0.647    54.955    U_core/num[3][3]_i_114_n_0
    SLICE_X36Y27         LUT5 (Prop_lut5_I1_O)        0.152    55.107 r  U_core/num[3][3]_i_107/O
                         net (fo=1, routed)           0.356    55.463    U_core/num[3][3]_i_107_n_0
    SLICE_X36Y27         LUT6 (Prop_lut6_I5_O)        0.332    55.795 r  U_core/num[3][3]_i_92/O
                         net (fo=3, routed)           0.984    56.779    U_core/num[3][3]_i_92_n_0
    SLICE_X37Y27         LUT5 (Prop_lut5_I1_O)        0.150    56.929 r  U_core/num[3][3]_i_88/O
                         net (fo=1, routed)           0.444    57.373    U_core/num[3][3]_i_88_n_0
    SLICE_X39Y25         LUT6 (Prop_lut6_I5_O)        0.326    57.699 r  U_core/num[3][3]_i_67/O
                         net (fo=3, routed)           0.840    58.539    U_core/num[3][3]_i_67_n_0
    SLICE_X38Y24         LUT5 (Prop_lut5_I1_O)        0.150    58.689 r  U_core/num[3][3]_i_53/O
                         net (fo=1, routed)           0.452    59.141    U_core/num[3][3]_i_53_n_0
    SLICE_X38Y24         LUT6 (Prop_lut6_I5_O)        0.328    59.469 r  U_core/num[3][3]_i_39/O
                         net (fo=3, routed)           0.806    60.275    U_core/num[3][3]_i_39_n_0
    SLICE_X38Y22         LUT6 (Prop_lut6_I4_O)        0.124    60.399 r  U_core/num[3][3]_i_24/O
                         net (fo=3, routed)           0.323    60.722    U_core/num[3][3]_i_24_n_0
    SLICE_X38Y21         LUT6 (Prop_lut6_I2_O)        0.124    60.846 r  U_core/num[3][3]_i_21/O
                         net (fo=3, routed)           0.478    61.324    U_core/num[3][3]_i_21_n_0
    SLICE_X38Y21         LUT6 (Prop_lut6_I2_O)        0.124    61.448 r  U_core/num[3][3]_i_13/O
                         net (fo=3, routed)           0.329    61.777    U_core/num[3][3]_i_13_n_0
    SLICE_X38Y20         LUT6 (Prop_lut6_I2_O)        0.124    61.901 r  U_core/num[3][3]_i_11/O
                         net (fo=3, routed)           0.303    62.204    U_core/num[3][3]_i_11_n_0
    SLICE_X37Y20         LUT5 (Prop_lut5_I1_O)        0.124    62.328 r  U_core/num[3][3]_i_16/O
                         net (fo=2, routed)           0.826    63.154    U_core/num[3][3]_i_16_n_0
    SLICE_X37Y7          LUT2 (Prop_lut2_I1_O)        0.124    63.278 r  U_core/num[3][3]_i_7/O
                         net (fo=1, routed)           0.596    63.874    U_core/num[3][3]_i_7_n_0
    SLICE_X37Y6          LUT6 (Prop_lut6_I3_O)        0.124    63.998 r  U_core/num[3][3]_i_2/O
                         net (fo=1, routed)           0.000    63.998    U_core/num[3][3]_i_2_n_0
    SLICE_X37Y6          FDCE                                         r  U_core/num_reg[3][3]/D
  -------------------------------------------------------------------    -------------------

                         (clock sys_clk_pin rise edge)
                                                     10.000    10.000 r  
    W5                                                0.000    10.000 r  clk (IN)
                         net (fo=0)                   0.000    10.000    clk
    W5                   IBUF (Prop_ibuf_I_O)         1.388    11.388 r  clk_IBUF_inst/O
                         net (fo=1, routed)           1.862    13.250    clk_IBUF
    BUFGCTRL_X0Y0        BUFG (Prop_bufg_I_O)         0.091    13.341 r  clk_IBUF_BUFG_inst/O
                         net (fo=104, routed)         1.445    14.786    U_core/clk_IBUF_BUFG
    SLICE_X37Y6          FDCE                                         r  U_core/num_reg[3][3]/C
                         clock pessimism              0.275    15.061    
                         clock uncertainty           -0.035    15.026    
    SLICE_X37Y6          FDCE (Setup_fdce_C_D)        0.031    15.057    U_core/num_reg[3][3]
  -------------------------------------------------------------------
                         required time                         15.057    
                         arrival time                         -63.998    
  -------------------------------------------------------------------
                         slack                                -48.941    

Slack (VIOLATED) :        -48.873ns  (required time - arrival time)
  Source:                 U_core/num_reg[3][0]/C
                            (rising edge-triggered cell FDCE clocked by sys_clk_pin  {rise@0.000ns fall@5.000ns period=10.000ns})
  Destination:            U_core/num_reg[3][2]/D
                            (rising edge-triggered cell FDCE clocked by sys_clk_pin  {rise@0.000ns fall@5.000ns period=10.000ns})
  Path Group:             sys_clk_pin
  Path Type:              Setup (Max at Slow Process Corner)
  Requirement:            10.000ns  (sys_clk_pin rise@10.000ns - sys_clk_pin rise@0.000ns)
  Data Path Delay:        58.866ns  (logic 27.665ns (46.996%)  route 31.201ns (53.004%))
  Logic Levels:           111  (CARRY4=77 LUT2=2 LUT3=11 LUT4=4 LUT5=5 LUT6=12)
  Clock Path Skew:        0.000ns (DCD - SCD + CPR)
    Destination Clock Delay (DCD):    4.785ns = ( 14.785 - 10.000 ) 
    Source Clock Delay      (SCD):    5.085ns
    Clock Pessimism Removal (CPR):    0.300ns
  Clock Uncertainty:      0.035ns  ((TSJ^2 + TIJ^2)^1/2 + DJ) / 2 + PE
    Total System Jitter     (TSJ):    0.071ns
    Total Input Jitter      (TIJ):    0.000ns
    Discrete Jitter          (DJ):    0.000ns
    Phase Error              (PE):    0.000ns

    Location             Delay type                Incr(ns)  Path(ns)    Netlist Resource(s)
  -------------------------------------------------------------------    -------------------
                         (clock sys_clk_pin rise edge)
                                                      0.000     0.000 r  
    W5                                                0.000     0.000 r  clk (IN)
                         net (fo=0)                   0.000     0.000    clk
    W5                   IBUF (Prop_ibuf_I_O)         1.458     1.458 r  clk_IBUF_inst/O
                         net (fo=1, routed)           1.967     3.425    clk_IBUF
    BUFGCTRL_X0Y0        BUFG (Prop_bufg_I_O)         0.096     3.521 r  clk_IBUF_BUFG_inst/O
                         net (fo=104, routed)         1.564     5.085    U_core/clk_IBUF_BUFG
    SLICE_X37Y8          FDCE                                         r  U_core/num_reg[3][0]/C
  -------------------------------------------------------------------    -------------------
    SLICE_X37Y8          FDCE (Prop_fdce_C_Q)         0.456     5.541 r  U_core/num_reg[3][0]/Q
                         net (fo=8, routed)           0.844     6.386    U_core/num_reg_n_0_[3][0]
    SLICE_X36Y7          LUT4 (Prop_lut4_I0_O)        0.124     6.510 r  U_core/res0_i_151/O
                         net (fo=1, routed)           0.000     6.510    U_core/res0_i_151_n_0
    SLICE_X36Y7          CARRY4 (Prop_carry4_S[1]_CO[3])
                                                      0.550     7.060 r  U_core/res0_i_132/CO[3]
                         net (fo=1, routed)           0.000     7.060    U_core/res0_i_132_n_0
    SLICE_X36Y8          CARRY4 (Prop_carry4_CI_O[1])
                                                      0.334     7.394 r  U_core/res0_i_124/O[1]
                         net (fo=1, routed)           0.588     7.981    value10[10]
    SLICE_X33Y7          LUT2 (Prop_lut2_I1_O)        0.303     8.284 r  res0_i_105/O
                         net (fo=1, routed)           0.000     8.284    U_core/num_reg[2][2]_1[3]
    SLICE_X33Y7          CARRY4 (Prop_carry4_S[3]_CO[3])
                                                      0.401     8.685 r  U_core/res0_i_85/CO[3]
                         net (fo=1, routed)           0.000     8.685    U_core/res0_i_85_n_0
    SLICE_X33Y8          CARRY4 (Prop_carry4_CI_O[0])
                                                      0.222     8.907 r  U_core/res0_i_84/O[0]
                         net (fo=1, routed)           0.432     9.339    U_core/num_reg[2][2]_2[3]
    SLICE_X31Y7          CARRY4 (Prop_carry4_S[3]_CO[3])
                                                      0.700    10.039 r  U_core/res0_i_47/CO[3]
                         net (fo=1, routed)           0.000    10.039    U_core/res0_i_47_n_0
    SLICE_X31Y8          CARRY4 (Prop_carry4_CI_O[0])
                                                      0.222    10.261 r  U_core/res0_i_46/O[0]
                         net (fo=1, routed)           0.440    10.701    U_core/res0_i_46_n_7
    SLICE_X32Y7          CARRY4 (Prop_carry4_S[3]_CO[3])
                                                      0.700    11.401 r  U_core/res0_i_7/CO[3]
                         net (fo=1, routed)           0.000    11.401    U_core/res0_i_7_n_0
    SLICE_X32Y8          CARRY4 (Prop_carry4_CI_O[0])
                                                      0.222    11.623 r  U_core/res0_i_6/O[0]
                         net (fo=193, routed)         0.820    12.443    U_core/res0_0[11]
    SLICE_X42Y7          LUT2 (Prop_lut2_I1_O)        0.299    12.742 r  U_core/isError_i_194/O
                         net (fo=1, routed)           0.000    12.742    U_core/isError_i_194_n_0
    SLICE_X42Y7          CARRY4 (Prop_carry4_S[0]_CO[3])
                                                      0.513    13.255 r  U_core/isError_reg_i_150/CO[3]
                         net (fo=1, routed)           0.000    13.255    U_core/isError_reg_i_150_n_0
    SLICE_X42Y8          CARRY4 (Prop_carry4_CI_CO[3])
                                                      0.117    13.372 r  U_core/isError_reg_i_107/CO[3]
                         net (fo=1, routed)           0.000    13.372    U_core/isError_reg_i_107_n_0
    SLICE_X42Y9          CARRY4 (Prop_carry4_CI_CO[3])
                                                      0.117    13.489 r  U_core/isError_reg_i_63/CO[3]
                         net (fo=1, routed)           0.000    13.489    U_core/isError_reg_i_63_n_0
    SLICE_X42Y10         CARRY4 (Prop_carry4_CI_CO[2])
                                                      0.229    13.718 r  U_core/isError_reg_i_52/CO[2]
                         net (fo=18, routed)          0.666    14.383    U_core/res1[13]
    SLICE_X41Y7          LUT3 (Prop_lut3_I0_O)        0.310    14.693 r  U_core/isError_i_187/O
                         net (fo=1, routed)           0.000    14.693    U_core/isError_i_187_n_0
    SLICE_X41Y7          CARRY4 (Prop_carry4_S[1]_CO[3])
                                                      0.550    15.243 r  U_core/isError_reg_i_145/CO[3]
                         net (fo=1, routed)           0.000    15.243    U_core/isError_reg_i_145_n_0
    SLICE_X41Y8          CARRY4 (Prop_carry4_CI_CO[3])
                                                      0.114    15.357 r  U_core/isError_reg_i_102/CO[3]
                         net (fo=1, routed)           0.000    15.357    U_core/isError_reg_i_102_n_0
    SLICE_X41Y9          CARRY4 (Prop_carry4_CI_CO[3])
                                                      0.114    15.471 r  U_core/isError_reg_i_58/CO[3]
                         net (fo=1, routed)           0.000    15.471    U_core/isError_reg_i_58_n_0
    SLICE_X41Y10         CARRY4 (Prop_carry4_CI_CO[3])
                                                      0.114    15.585 r  U_core/isError_reg_i_49/CO[3]
                         net (fo=18, routed)          1.031    16.616    U_core/res1[12]
    SLICE_X43Y6          LUT3 (Prop_lut3_I0_O)        0.124    16.740 r  U_core/isError_i_184/O
                         net (fo=1, routed)           0.000    16.740    U_core/isError_i_184_n_0
    SLICE_X43Y6          CARRY4 (Prop_carry4_S[1]_CO[3])
                                                      0.550    17.290 r  U_core/isError_reg_i_144/CO[3]
                         net (fo=1, routed)           0.000    17.290    U_core/isError_reg_i_144_n_0
    SLICE_X43Y7          CARRY4 (Prop_carry4_CI_CO[3])
                                                      0.114    17.404 r  U_core/isError_reg_i_101/CO[3]
                         net (fo=1, routed)           0.000    17.404    U_core/isError_reg_i_101_n_0
    SLICE_X43Y8          CARRY4 (Prop_carry4_CI_CO[3])
                                                      0.114    17.518 r  U_core/isError_reg_i_57/CO[3]
                         net (fo=1, routed)           0.000    17.518    U_core/isError_reg_i_57_n_0
    SLICE_X43Y9          CARRY4 (Prop_carry4_CI_CO[3])
                                                      0.114    17.632 r  U_core/isError_reg_i_48/CO[3]
                         net (fo=18, routed)          0.824    18.457    U_core/res1[11]
    SLICE_X43Y10         LUT3 (Prop_lut3_I0_O)        0.124    18.581 r  U_core/isError_i_203/O
                         net (fo=1, routed)           0.000    18.581    U_core/isError_i_203_n_0
    SLICE_X43Y10         CARRY4 (Prop_carry4_S[1]_CO[3])
                                                      0.550    19.131 r  U_core/isError_reg_i_169/CO[3]
                         net (fo=1, routed)           0.000    19.131    U_core/isError_reg_i_169_n_0
    SLICE_X43Y11         CARRY4 (Prop_carry4_CI_CO[3])
                                                      0.114    19.245 r  U_core/isError_reg_i_126/CO[3]
                         net (fo=1, routed)           0.000    19.245    U_core/isError_reg_i_126_n_0
    SLICE_X43Y12         CARRY4 (Prop_carry4_CI_CO[3])
                                                      0.114    19.359 r  U_core/isError_reg_i_74/CO[3]
                         net (fo=1, routed)           0.000    19.359    U_core/isError_reg_i_74_n_0
    SLICE_X43Y13         CARRY4 (Prop_carry4_CI_CO[3])
                                                      0.114    19.473 r  U_core/isError_reg_i_51/CO[3]
                         net (fo=18, routed)          0.868    20.341    U_core/res1[10]
    SLICE_X41Y11         LUT3 (Prop_lut3_I0_O)        0.124    20.465 r  U_core/isError_i_200/O
                         net (fo=1, routed)           0.000    20.465    U_core/isError_i_200_n_0
    SLICE_X41Y11         CARRY4 (Prop_carry4_S[1]_CO[3])
                                                      0.550    21.015 r  U_core/isError_reg_i_164/CO[3]
                         net (fo=1, routed)           0.000    21.015    U_core/isError_reg_i_164_n_0
    SLICE_X41Y12         CARRY4 (Prop_carry4_CI_CO[3])
                                                      0.114    21.129 r  U_core/isError_reg_i_121/CO[3]
                         net (fo=1, routed)           0.000    21.129    U_core/isError_reg_i_121_n_0
    SLICE_X41Y13         CARRY4 (Prop_carry4_CI_CO[3])
                                                      0.114    21.243 r  U_core/isError_reg_i_69/CO[3]
                         net (fo=1, routed)           0.000    21.243    U_core/isError_reg_i_69_n_0
    SLICE_X41Y14         CARRY4 (Prop_carry4_CI_CO[3])
                                                      0.114    21.357 r  U_core/isError_reg_i_53/CO[3]
                         net (fo=18, routed)          0.952    22.308    U_core/res1[9]
    SLICE_X40Y12         CARRY4 (Prop_carry4_CYINIT_CO[3])
                                                      0.580    22.888 r  U_core/isError_reg_i_163/CO[3]
                         net (fo=1, routed)           0.000    22.888    U_core/isError_reg_i_163_n_0
    SLICE_X40Y13         CARRY4 (Prop_carry4_CI_CO[3])
                                                      0.114    23.002 r  U_core/isError_reg_i_120/CO[3]
                         net (fo=1, routed)           0.000    23.002    U_core/isError_reg_i_120_n_0
    SLICE_X40Y14         CARRY4 (Prop_carry4_CI_CO[3])
                                                      0.114    23.116 r  U_core/isError_reg_i_68/CO[3]
                         net (fo=1, routed)           0.000    23.116    U_core/isError_reg_i_68_n_0
    SLICE_X40Y15         CARRY4 (Prop_carry4_CI_CO[3])
                                                      0.114    23.230 r  U_core/isError_reg_i_50/CO[3]
                         net (fo=18, routed)          0.866    24.096    U_core/res1[8]
    SLICE_X39Y14         LUT3 (Prop_lut3_I0_O)        0.124    24.220 r  U_core/num[0][3]_i_301/O
                         net (fo=1, routed)           0.000    24.220    U_core/num[0][3]_i_301_n_0
    SLICE_X39Y14         CARRY4 (Prop_carry4_S[1]_CO[3])
                                                      0.550    24.770 r  U_core/num_reg[0][3]_i_232/CO[3]
                         net (fo=1, routed)           0.000    24.770    U_core/num_reg[0][3]_i_232_n_0
    SLICE_X39Y15         CARRY4 (Prop_carry4_CI_CO[3])
                                                      0.114    24.884 r  U_core/isError_reg_i_135/CO[3]
                         net (fo=1, routed)           0.000    24.884    U_core/isError_reg_i_135_n_0
    SLICE_X39Y16         CARRY4 (Prop_carry4_CI_CO[3])
                                                      0.114    24.998 r  U_core/isError_reg_i_88/CO[3]
                         net (fo=1, routed)           0.000    24.998    U_core/isError_reg_i_88_n_0
    SLICE_X39Y17         CARRY4 (Prop_carry4_CI_CO[3])
                                                      0.114    25.112 r  U_core/isError_reg_i_55/CO[3]
                         net (fo=18, routed)          0.963    26.075    U_core/res1[7]
    SLICE_X38Y15         CARRY4 (Prop_carry4_CYINIT_CO[3])
                                                      0.595    26.670 r  U_core/num_reg[0][3]_i_179/CO[3]
                         net (fo=1, routed)           0.000    26.670    U_core/num_reg[0][3]_i_179_n_0
    SLICE_X38Y16         CARRY4 (Prop_carry4_CI_CO[3])
                                                      0.117    26.787 r  U_core/num_reg[0][3]_i_163/CO[3]
                         net (fo=1, routed)           0.000    26.787    U_core/num_reg[0][3]_i_163_n_0
    SLICE_X38Y17         CARRY4 (Prop_carry4_CI_CO[3])
                                                      0.117    26.904 r  U_core/isError_reg_i_87/CO[3]
                         net (fo=1, routed)           0.000    26.904    U_core/isError_reg_i_87_n_0
    SLICE_X38Y18         CARRY4 (Prop_carry4_CI_CO[3])
                                                      0.117    27.021 r  U_core/isError_reg_i_54/CO[3]
                         net (fo=18, routed)          1.114    28.136    U_core/res1[6]
    SLICE_X38Y11         LUT3 (Prop_lut3_I0_O)        0.124    28.260 r  U_core/num[0][3]_i_245/O
                         net (fo=1, routed)           0.000    28.260    U_core/num[0][3]_i_245_n_0
    SLICE_X38Y11         CARRY4 (Prop_carry4_S[1]_CO[3])
                                                      0.533    28.793 r  U_core/num_reg[0][3]_i_174/CO[3]
                         net (fo=1, routed)           0.000    28.793    U_core/num_reg[0][3]_i_174_n_0
    SLICE_X38Y12         CARRY4 (Prop_carry4_CI_CO[3])
                                                      0.117    28.910 r  U_core/num_reg[0][3]_i_106/CO[3]
                         net (fo=1, routed)           0.000    28.910    U_core/num_reg[0][3]_i_106_n_0
    SLICE_X38Y13         CARRY4 (Prop_carry4_CI_CO[3])
                                                      0.117    29.027 r  U_core/num_reg[0][3]_i_95/CO[3]
                         net (fo=1, routed)           0.000    29.027    U_core/num_reg[0][3]_i_95_n_0
    SLICE_X38Y14         CARRY4 (Prop_carry4_CI_CO[3])
                                                      0.117    29.144 r  U_core/isError_reg_i_56/CO[3]
                         net (fo=18, routed)          1.007    30.151    U_core/res1[5]
    SLICE_X37Y10         CARRY4 (Prop_carry4_CYINIT_CO[3])
                                                      0.580    30.731 r  U_core/num_reg[0][3]_i_169/CO[3]
                         net (fo=1, routed)           0.000    30.731    U_core/num_reg[0][3]_i_169_n_0
    SLICE_X37Y11         CARRY4 (Prop_carry4_CI_CO[3])
                                                      0.114    30.845 r  U_core/num_reg[0][3]_i_101/CO[3]
                         net (fo=1, routed)           0.000    30.845    U_core/num_reg[0][3]_i_101_n_0
    SLICE_X37Y12         CARRY4 (Prop_carry4_CI_CO[3])
                                                      0.114    30.959 r  U_core/num_reg[0][3]_i_58/CO[3]
                         net (fo=1, routed)           0.000    30.959    U_core/num_reg[0][3]_i_58_n_0
    SLICE_X37Y13         CARRY4 (Prop_carry4_CI_CO[3])
                                                      0.114    31.073 r  U_core/num_reg[0][3]_i_51/CO[3]
                         net (fo=18, routed)          1.102    32.175    U_core/res1[4]
    SLICE_X36Y10         CARRY4 (Prop_carry4_CYINIT_CO[3])
                                                      0.580    32.755 r  U_core/num_reg[0][3]_i_168/CO[3]
                         net (fo=1, routed)           0.000    32.755    U_core/num_reg[0][3]_i_168_n_0
    SLICE_X36Y11         CARRY4 (Prop_carry4_CI_CO[3])
                                                      0.114    32.869 r  U_core/num_reg[0][3]_i_100/CO[3]
                         net (fo=1, routed)           0.000    32.869    U_core/num_reg[0][3]_i_100_n_0
    SLICE_X36Y12         CARRY4 (Prop_carry4_CI_CO[3])
                                                      0.114    32.983 r  U_core/num_reg[0][3]_i_57/CO[3]
                         net (fo=1, routed)           0.000    32.983    U_core/num_reg[0][3]_i_57_n_0
    SLICE_X36Y13         CARRY4 (Prop_carry4_CI_CO[3])
                                                      0.114    33.097 r  U_core/num_reg[0][3]_i_34/CO[3]
                         net (fo=18, routed)          1.149    34.246    U_core/res1[3]
    SLICE_X34Y9          CARRY4 (Prop_carry4_CYINIT_CO[3])
                                                      0.595    34.841 r  U_core/num_reg[0][3]_i_184/CO[3]
                         net (fo=1, routed)           0.000    34.841    U_core/num_reg[0][3]_i_184_n_0
    SLICE_X34Y10         CARRY4 (Prop_carry4_CI_CO[3])
                                                      0.117    34.958 r  U_core/num_reg[0][3]_i_111/CO[3]
                         net (fo=1, routed)           0.000    34.958    U_core/num_reg[0][3]_i_111_n_0
    SLICE_X34Y11         CARRY4 (Prop_carry4_CI_CO[3])
                                                      0.117    35.075 r  U_core/num_reg[0][3]_i_66/CO[3]
                         net (fo=1, routed)           0.000    35.075    U_core/num_reg[0][3]_i_66_n_0
    SLICE_X34Y12         CARRY4 (Prop_carry4_CI_CO[3])
                                                      0.117    35.192 r  U_core/num_reg[0][3]_i_36/CO[3]
                         net (fo=18, routed)          1.100    36.292    U_core/res1[2]
    SLICE_X32Y9          LUT4 (Prop_lut4_I0_O)        0.124    36.416 r  U_core/num[0][3]_i_255/O
                         net (fo=1, routed)           0.000    36.416    U_core/num[0][3]_i_255_n_0
    SLICE_X32Y9          CARRY4 (Prop_carry4_S[1]_CO[3])
                                                      0.550    36.966 r  U_core/num_reg[0][3]_i_189/CO[3]
                         net (fo=1, routed)           0.000    36.966    U_core/num_reg[0][3]_i_189_n_0
    SLICE_X32Y10         CARRY4 (Prop_carry4_CI_CO[3])
                                                      0.114    37.080 r  U_core/num_reg[0][3]_i_116/CO[3]
                         net (fo=1, routed)           0.000    37.080    U_core/num_reg[0][3]_i_116_n_0
    SLICE_X32Y11         CARRY4 (Prop_carry4_CI_CO[3])
                                                      0.114    37.194 r  U_core/num_reg[0][3]_i_71/CO[3]
                         net (fo=1, routed)           0.000    37.194    U_core/num_reg[0][3]_i_71_n_0
    SLICE_X32Y12         CARRY4 (Prop_carry4_CI_CO[3])
                                                      0.114    37.308 r  U_core/num_reg[0][3]_i_37/CO[3]
                         net (fo=18, routed)          1.138    38.446    U_core/res1[1]
    SLICE_X28Y8          LUT3 (Prop_lut3_I0_O)        0.124    38.570 r  U_core/num[0][3]_i_259/O
                         net (fo=1, routed)           0.000    38.570    U_core/num[0][3]_i_259_n_0
    SLICE_X28Y8          CARRY4 (Prop_carry4_S[0]_CO[3])
                                                      0.532    39.102 r  U_core/num_reg[0][3]_i_194/CO[3]
                         net (fo=1, routed)           0.000    39.102    U_core/num_reg[0][3]_i_194_n_0
    SLICE_X28Y9          CARRY4 (Prop_carry4_CI_CO[3])
                                                      0.114    39.216 r  U_core/num_reg[0][3]_i_121/CO[3]
                         net (fo=1, routed)           0.000    39.216    U_core/num_reg[0][3]_i_121_n_0
    SLICE_X28Y10         CARRY4 (Prop_carry4_CI_CO[3])
                                                      0.114    39.330 r  U_core/num_reg[0][3]_i_76/CO[3]
                         net (fo=1, routed)           0.000    39.330    U_core/num_reg[0][3]_i_76_n_0
    SLICE_X28Y11         CARRY4 (Prop_carry4_CI_CO[2])
                                                      0.228    39.558 r  U_core/num_reg[0][3]_i_38/CO[2]
                         net (fo=1, routed)           0.586    40.144    U_core/res1[0]
    SLICE_X28Y14         LUT6 (Prop_lut6_I4_O)        0.313    40.457 r  U_core/num[0][3]_i_21/O
                         net (fo=12, routed)          0.196    40.653    U_core/num[0][3]_i_21_n_0
    SLICE_X28Y14         LUT5 (Prop_lut5_I4_O)        0.124    40.777 r  U_core/num[0][3]_i_10/O
                         net (fo=59, routed)          0.799    41.576    U_core/num[0][3]_i_10_n_0
    SLICE_X31Y21         LUT3 (Prop_lut3_I1_O)        0.124    41.700 r  U_core/num[3][1]_i_290/O
                         net (fo=1, routed)           0.379    42.079    U_core/num[3][1]_i_290_n_0
    SLICE_X30Y21         CARRY4 (Prop_carry4_DI[3]_CO[3])
                                                      0.396    42.475 r  U_core/num_reg[3][1]_i_240/CO[3]
                         net (fo=1, routed)           0.000    42.475    U_core/num_reg[3][1]_i_240_n_0
    SLICE_X30Y22         CARRY4 (Prop_carry4_CI_CO[3])
                                                      0.117    42.592 r  U_core/num_reg[3][1]_i_165/CO[3]
                         net (fo=1, routed)           0.000    42.592    U_core/num_reg[3][1]_i_165_n_0
    SLICE_X30Y23         CARRY4 (Prop_carry4_CI_CO[3])
                                                      0.117    42.709 r  U_core/num_reg[3][1]_i_84/CO[3]
                         net (fo=1, routed)           0.000    42.709    U_core/num_reg[3][1]_i_84_n_0
    SLICE_X30Y24         CARRY4 (Prop_carry4_CI_CO[3])
                                                      0.117    42.826 r  U_core/num_reg[3][1]_i_43/CO[3]
                         net (fo=1, routed)           0.009    42.835    U_core/num_reg[3][1]_i_43_n_0
    SLICE_X30Y25         CARRY4 (Prop_carry4_CI_O[3])
                                                      0.315    43.150 r  U_core/num_reg[3][1]_i_41/O[3]
                         net (fo=2, routed)           0.763    43.913    U_core/num_reg[3][1]_i_41_n_4
    SLICE_X29Y24         LUT3 (Prop_lut3_I2_O)        0.332    44.245 r  U_core/num[3][3]_i_29/O
                         net (fo=2, routed)           0.616    44.861    U_core/num[3][3]_i_29_n_0
    SLICE_X29Y25         LUT4 (Prop_lut4_I3_O)        0.332    45.193 r  U_core/num[3][3]_i_33/O
                         net (fo=1, routed)           0.000    45.193    U_core/num[3][3]_i_33_n_0
    SLICE_X29Y25         CARRY4 (Prop_carry4_S[0]_CO[3])
                                                      0.532    45.725 r  U_core/num_reg[3][3]_i_19/CO[3]
                         net (fo=1, routed)           0.000    45.725    U_core/num_reg[3][3]_i_19_n_0
    SLICE_X29Y26         CARRY4 (Prop_carry4_CI_O[1])
                                                      0.334    46.059 r  U_core/num_reg[3][3]_i_50/O[1]
                         net (fo=18, routed)          0.986    47.045    U_core_n_297
    SLICE_X31Y29         LUT3 (Prop_lut3_I1_O)        0.303    47.348 r  num[3][1]_i_305/O
                         net (fo=1, routed)           0.472    47.821    num[3][1]_i_305_n_0
    SLICE_X31Y25         CARRY4 (Prop_carry4_DI[3]_CO[3])
                                                      0.385    48.206 r  num_reg[3][1]_i_258/CO[3]
                         net (fo=1, routed)           0.000    48.206    num_reg[3][1]_i_258_n_0
    SLICE_X31Y26         CARRY4 (Prop_carry4_CI_O[1])
                                                      0.334    48.540 r  num_reg[3][1]_i_199/O[1]
                         net (fo=3, routed)           0.680    49.220    num_reg[3][1]_i_199_n_6
    SLICE_X32Y27         LUT3 (Prop_lut3_I2_O)        0.303    49.523 r  num[3][1]_i_133/O
                         net (fo=1, routed)           0.473    49.995    num[3][1]_i_133_n_0
    SLICE_X33Y26         CARRY4 (Prop_carry4_DI[0]_CO[3])
                                                      0.526    50.521 r  num_reg[3][1]_i_54/CO[3]
                         net (fo=1, routed)           0.000    50.521    num_reg[3][1]_i_54_n_0
    SLICE_X33Y27         CARRY4 (Prop_carry4_CI_O[1])
                                                      0.334    50.855 r  num_reg[3][1]_i_22/O[1]
                         net (fo=3, routed)           0.529    51.385    U_core/res0_47[1]
    SLICE_X35Y26         LUT6 (Prop_lut6_I0_O)        0.303    51.688 r  U_core/num[3][1]_i_67/O
                         net (fo=1, routed)           0.330    52.018    U_core/num[3][1]_i_67_n_0
    SLICE_X34Y26         CARRY4 (Prop_carry4_DI[2]_CO[3])
                                                      0.404    52.422 r  U_core/num_reg[3][1]_i_24/CO[3]
                         net (fo=1, routed)           0.000    52.422    U_core/num_reg[3][1]_i_24_n_0
    SLICE_X34Y27         CARRY4 (Prop_carry4_CI_CO[0])
                                                      0.254    52.676 r  U_core/num_reg[3][1]_i_9/CO[0]
                         net (fo=20, routed)          0.711    53.386    U_core/num_reg[3][1]_i_9_n_3
    SLICE_X36Y26         LUT5 (Prop_lut5_I3_O)        0.367    53.753 r  U_core/num[3][3]_i_117/O
                         net (fo=2, routed)           0.431    54.184    U_core/num[3][3]_i_117_n_0
    SLICE_X36Y26         LUT6 (Prop_lut6_I2_O)        0.124    54.308 r  U_core/num[3][3]_i_114/O
                         net (fo=2, routed)           0.647    54.955    U_core/num[3][3]_i_114_n_0
    SLICE_X36Y27         LUT5 (Prop_lut5_I1_O)        0.152    55.107 r  U_core/num[3][3]_i_107/O
                         net (fo=1, routed)           0.356    55.463    U_core/num[3][3]_i_107_n_0
    SLICE_X36Y27         LUT6 (Prop_lut6_I5_O)        0.332    55.795 r  U_core/num[3][3]_i_92/O
                         net (fo=3, routed)           0.984    56.779    U_core/num[3][3]_i_92_n_0
    SLICE_X37Y27         LUT5 (Prop_lut5_I1_O)        0.150    56.929 r  U_core/num[3][3]_i_88/O
                         net (fo=1, routed)           0.444    57.373    U_core/num[3][3]_i_88_n_0
    SLICE_X39Y25         LUT6 (Prop_lut6_I5_O)        0.326    57.699 r  U_core/num[3][3]_i_67/O
                         net (fo=3, routed)           0.840    58.539    U_core/num[3][3]_i_67_n_0
    SLICE_X38Y24         LUT5 (Prop_lut5_I1_O)        0.150    58.689 r  U_core/num[3][3]_i_53/O
                         net (fo=1, routed)           0.452    59.141    U_core/num[3][3]_i_53_n_0
    SLICE_X38Y24         LUT6 (Prop_lut6_I5_O)        0.328    59.469 r  U_core/num[3][3]_i_39/O
                         net (fo=3, routed)           0.806    60.275    U_core/num[3][3]_i_39_n_0
    SLICE_X38Y22         LUT6 (Prop_lut6_I4_O)        0.124    60.399 r  U_core/num[3][3]_i_24/O
                         net (fo=3, routed)           0.323    60.722    U_core/num[3][3]_i_24_n_0
    SLICE_X38Y21         LUT6 (Prop_lut6_I2_O)        0.124    60.846 r  U_core/num[3][3]_i_21/O
                         net (fo=3, routed)           0.478    61.324    U_core/num[3][3]_i_21_n_0
    SLICE_X38Y21         LUT6 (Prop_lut6_I2_O)        0.124    61.448 r  U_core/num[3][3]_i_13/O
                         net (fo=3, routed)           0.329    61.777    U_core/num[3][3]_i_13_n_0
    SLICE_X38Y20         LUT6 (Prop_lut6_I2_O)        0.124    61.901 r  U_core/num[3][3]_i_11/O
                         net (fo=3, routed)           0.879    62.780    U_core/num[3][3]_i_11_n_0
    SLICE_X36Y6          LUT6 (Prop_lut6_I2_O)        0.124    62.904 r  U_core/num[3][3]_i_5/O
                         net (fo=3, routed)           0.646    63.549    U_core/num[3][3]_i_5_n_0
    SLICE_X37Y8          LUT4 (Prop_lut4_I2_O)        0.124    63.673 r  U_core/num[3][2]_i_2/O
                         net (fo=1, routed)           0.154    63.828    U_core/num[3][2]_i_2_n_0
    SLICE_X37Y8          LUT6 (Prop_lut6_I0_O)        0.124    63.952 r  U_core/num[3][2]_i_1/O
                         net (fo=1, routed)           0.000    63.952    U_core/num[3][2]_i_1_n_0
    SLICE_X37Y8          FDCE                                         r  U_core/num_reg[3][2]/D
  -------------------------------------------------------------------    -------------------

                         (clock sys_clk_pin rise edge)
                                                     10.000    10.000 r  
    W5                                                0.000    10.000 r  clk (IN)
                         net (fo=0)                   0.000    10.000    clk
    W5                   IBUF (Prop_ibuf_I_O)         1.388    11.388 r  clk_IBUF_inst/O
                         net (fo=1, routed)           1.862    13.250    clk_IBUF
    BUFGCTRL_X0Y0        BUFG (Prop_bufg_I_O)         0.091    13.341 r  clk_IBUF_BUFG_inst/O
                         net (fo=104, routed)         1.444    14.785    U_core/clk_IBUF_BUFG
    SLICE_X37Y8          FDCE                                         r  U_core/num_reg[3][2]/C
                         clock pessimism              0.300    15.085    
                         clock uncertainty           -0.035    15.050    
    SLICE_X37Y8          FDCE (Setup_fdce_C_D)        0.029    15.079    U_core/num_reg[3][2]
  -------------------------------------------------------------------
                         required time                         15.079    
                         arrival time                         -63.952    
  -------------------------------------------------------------------
                         slack                                -48.873    

Slack (VIOLATED) :        -48.849ns  (required time - arrival time)
  Source:                 U_core/num_reg[3][0]/C
                            (rising edge-triggered cell FDCE clocked by sys_clk_pin  {rise@0.000ns fall@5.000ns period=10.000ns})
  Destination:            U_core/num_reg[1][2]/D
                            (rising edge-triggered cell FDCE clocked by sys_clk_pin  {rise@0.000ns fall@5.000ns period=10.000ns})
  Path Group:             sys_clk_pin
  Path Type:              Setup (Max at Slow Process Corner)
  Requirement:            10.000ns  (sys_clk_pin rise@10.000ns - sys_clk_pin rise@0.000ns)
  Data Path Delay:        58.721ns  (logic 29.290ns (49.880%)  route 29.431ns (50.120%))
  Logic Levels:           115  (CARRY4=87 LUT2=4 LUT3=10 LUT4=4 LUT5=5 LUT6=5)
  Clock Path Skew:        -0.122ns (DCD - SCD + CPR)
    Destination Clock Delay (DCD):    4.775ns = ( 14.775 - 10.000 ) 
    Source Clock Delay      (SCD):    5.085ns
    Clock Pessimism Removal (CPR):    0.188ns
  Clock Uncertainty:      0.035ns  ((TSJ^2 + TIJ^2)^1/2 + DJ) / 2 + PE
    Total System Jitter     (TSJ):    0.071ns
    Total Input Jitter      (TIJ):    0.000ns
    Discrete Jitter          (DJ):    0.000ns
    Phase Error              (PE):    0.000ns

    Location             Delay type                Incr(ns)  Path(ns)    Netlist Resource(s)
  -------------------------------------------------------------------    -------------------
                         (clock sys_clk_pin rise edge)
                                                      0.000     0.000 r  
    W5                                                0.000     0.000 r  clk (IN)
                         net (fo=0)                   0.000     0.000    clk
    W5                   IBUF (Prop_ibuf_I_O)         1.458     1.458 r  clk_IBUF_inst/O
                         net (fo=1, routed)           1.967     3.425    clk_IBUF
    BUFGCTRL_X0Y0        BUFG (Prop_bufg_I_O)         0.096     3.521 r  clk_IBUF_BUFG_inst/O
                         net (fo=104, routed)         1.564     5.085    U_core/clk_IBUF_BUFG
    SLICE_X37Y8          FDCE                                         r  U_core/num_reg[3][0]/C
  -------------------------------------------------------------------    -------------------
    SLICE_X37Y8          FDCE (Prop_fdce_C_Q)         0.456     5.541 r  U_core/num_reg[3][0]/Q
                         net (fo=8, routed)           0.844     6.386    U_core/num_reg_n_0_[3][0]
    SLICE_X36Y7          LUT4 (Prop_lut4_I0_O)        0.124     6.510 r  U_core/res0_i_151/O
                         net (fo=1, routed)           0.000     6.510    U_core/res0_i_151_n_0
    SLICE_X36Y7          CARRY4 (Prop_carry4_S[1]_CO[3])
                                                      0.550     7.060 r  U_core/res0_i_132/CO[3]
                         net (fo=1, routed)           0.000     7.060    U_core/res0_i_132_n_0
    SLICE_X36Y8          CARRY4 (Prop_carry4_CI_O[1])
                                                      0.334     7.394 r  U_core/res0_i_124/O[1]
                         net (fo=1, routed)           0.588     7.981    value10[10]
    SLICE_X33Y7          LUT2 (Prop_lut2_I1_O)        0.303     8.284 r  res0_i_105/O
                         net (fo=1, routed)           0.000     8.284    U_core/num_reg[2][2]_1[3]
    SLICE_X33Y7          CARRY4 (Prop_carry4_S[3]_CO[3])
                                                      0.401     8.685 r  U_core/res0_i_85/CO[3]
                         net (fo=1, routed)           0.000     8.685    U_core/res0_i_85_n_0
    SLICE_X33Y8          CARRY4 (Prop_carry4_CI_O[0])
                                                      0.222     8.907 r  U_core/res0_i_84/O[0]
                         net (fo=1, routed)           0.432     9.339    U_core/num_reg[2][2]_2[3]
    SLICE_X31Y7          CARRY4 (Prop_carry4_S[3]_CO[3])
                                                      0.700    10.039 r  U_core/res0_i_47/CO[3]
                         net (fo=1, routed)           0.000    10.039    U_core/res0_i_47_n_0
    SLICE_X31Y8          CARRY4 (Prop_carry4_CI_O[0])
                                                      0.222    10.261 r  U_core/res0_i_46/O[0]
                         net (fo=1, routed)           0.440    10.701    U_core/res0_i_46_n_7
    SLICE_X32Y7          CARRY4 (Prop_carry4_S[3]_CO[3])
                                                      0.700    11.401 r  U_core/res0_i_7/CO[3]
                         net (fo=1, routed)           0.000    11.401    U_core/res0_i_7_n_0
    SLICE_X32Y8          CARRY4 (Prop_carry4_CI_O[0])
                                                      0.222    11.623 r  U_core/res0_i_6/O[0]
                         net (fo=193, routed)         0.820    12.443    U_core/res0_0[11]
    SLICE_X42Y7          LUT2 (Prop_lut2_I1_O)        0.299    12.742 r  U_core/isError_i_194/O
                         net (fo=1, routed)           0.000    12.742    U_core/isError_i_194_n_0
    SLICE_X42Y7          CARRY4 (Prop_carry4_S[0]_CO[3])
                                                      0.513    13.255 r  U_core/isError_reg_i_150/CO[3]
                         net (fo=1, routed)           0.000    13.255    U_core/isError_reg_i_150_n_0
    SLICE_X42Y8          CARRY4 (Prop_carry4_CI_CO[3])
                                                      0.117    13.372 r  U_core/isError_reg_i_107/CO[3]
                         net (fo=1, routed)           0.000    13.372    U_core/isError_reg_i_107_n_0
    SLICE_X42Y9          CARRY4 (Prop_carry4_CI_CO[3])
                                                      0.117    13.489 r  U_core/isError_reg_i_63/CO[3]
                         net (fo=1, routed)           0.000    13.489    U_core/isError_reg_i_63_n_0
    SLICE_X42Y10         CARRY4 (Prop_carry4_CI_CO[2])
                                                      0.229    13.718 r  U_core/isError_reg_i_52/CO[2]
                         net (fo=18, routed)          0.666    14.383    U_core/res1[13]
    SLICE_X41Y7          LUT3 (Prop_lut3_I0_O)        0.310    14.693 r  U_core/isError_i_187/O
                         net (fo=1, routed)           0.000    14.693    U_core/isError_i_187_n_0
    SLICE_X41Y7          CARRY4 (Prop_carry4_S[1]_CO[3])
                                                      0.550    15.243 r  U_core/isError_reg_i_145/CO[3]
                         net (fo=1, routed)           0.000    15.243    U_core/isError_reg_i_145_n_0
    SLICE_X41Y8          CARRY4 (Prop_carry4_CI_CO[3])
                                                      0.114    15.357 r  U_core/isError_reg_i_102/CO[3]
                         net (fo=1, routed)           0.000    15.357    U_core/isError_reg_i_102_n_0
    SLICE_X41Y9          CARRY4 (Prop_carry4_CI_CO[3])
                                                      0.114    15.471 r  U_core/isError_reg_i_58/CO[3]
                         net (fo=1, routed)           0.000    15.471    U_core/isError_reg_i_58_n_0
    SLICE_X41Y10         CARRY4 (Prop_carry4_CI_CO[3])
                                                      0.114    15.585 r  U_core/isError_reg_i_49/CO[3]
                         net (fo=18, routed)          1.031    16.616    U_core/res1[12]
    SLICE_X43Y6          LUT3 (Prop_lut3_I0_O)        0.124    16.740 r  U_core/isError_i_184/O
                         net (fo=1, routed)           0.000    16.740    U_core/isError_i_184_n_0
    SLICE_X43Y6          CARRY4 (Prop_carry4_S[1]_CO[3])
                                                      0.550    17.290 r  U_core/isError_reg_i_144/CO[3]
                         net (fo=1, routed)           0.000    17.290    U_core/isError_reg_i_144_n_0
    SLICE_X43Y7          CARRY4 (Prop_carry4_CI_CO[3])
                                                      0.114    17.404 r  U_core/isError_reg_i_101/CO[3]
                         net (fo=1, routed)           0.000    17.404    U_core/isError_reg_i_101_n_0
    SLICE_X43Y8          CARRY4 (Prop_carry4_CI_CO[3])
                                                      0.114    17.518 r  U_core/isError_reg_i_57/CO[3]
                         net (fo=1, routed)           0.000    17.518    U_core/isError_reg_i_57_n_0
    SLICE_X43Y9          CARRY4 (Prop_carry4_CI_CO[3])
                                                      0.114    17.632 r  U_core/isError_reg_i_48/CO[3]
                         net (fo=18, routed)          0.824    18.457    U_core/res1[11]
    SLICE_X43Y10         LUT3 (Prop_lut3_I0_O)        0.124    18.581 r  U_core/isError_i_203/O
                         net (fo=1, routed)           0.000    18.581    U_core/isError_i_203_n_0
    SLICE_X43Y10         CARRY4 (Prop_carry4_S[1]_CO[3])
                                                      0.550    19.131 r  U_core/isError_reg_i_169/CO[3]
                         net (fo=1, routed)           0.000    19.131    U_core/isError_reg_i_169_n_0
    SLICE_X43Y11         CARRY4 (Prop_carry4_CI_CO[3])
                                                      0.114    19.245 r  U_core/isError_reg_i_126/CO[3]
                         net (fo=1, routed)           0.000    19.245    U_core/isError_reg_i_126_n_0
    SLICE_X43Y12         CARRY4 (Prop_carry4_CI_CO[3])
                                                      0.114    19.359 r  U_core/isError_reg_i_74/CO[3]
                         net (fo=1, routed)           0.000    19.359    U_core/isError_reg_i_74_n_0
    SLICE_X43Y13         CARRY4 (Prop_carry4_CI_CO[3])
                                                      0.114    19.473 r  U_core/isError_reg_i_51/CO[3]
                         net (fo=18, routed)          0.868    20.341    U_core/res1[10]
    SLICE_X41Y11         LUT3 (Prop_lut3_I0_O)        0.124    20.465 r  U_core/isError_i_200/O
                         net (fo=1, routed)           0.000    20.465    U_core/isError_i_200_n_0
    SLICE_X41Y11         CARRY4 (Prop_carry4_S[1]_CO[3])
                                                      0.550    21.015 r  U_core/isError_reg_i_164/CO[3]
                         net (fo=1, routed)           0.000    21.015    U_core/isError_reg_i_164_n_0
    SLICE_X41Y12         CARRY4 (Prop_carry4_CI_CO[3])
                                                      0.114    21.129 r  U_core/isError_reg_i_121/CO[3]
                         net (fo=1, routed)           0.000    21.129    U_core/isError_reg_i_121_n_0
    SLICE_X41Y13         CARRY4 (Prop_carry4_CI_CO[3])
                                                      0.114    21.243 r  U_core/isError_reg_i_69/CO[3]
                         net (fo=1, routed)           0.000    21.243    U_core/isError_reg_i_69_n_0
    SLICE_X41Y14         CARRY4 (Prop_carry4_CI_CO[3])
                                                      0.114    21.357 r  U_core/isError_reg_i_53/CO[3]
                         net (fo=18, routed)          0.952    22.308    U_core/res1[9]
    SLICE_X40Y12         CARRY4 (Prop_carry4_CYINIT_CO[3])
                                                      0.580    22.888 r  U_core/isError_reg_i_163/CO[3]
                         net (fo=1, routed)           0.000    22.888    U_core/isError_reg_i_163_n_0
    SLICE_X40Y13         CARRY4 (Prop_carry4_CI_CO[3])
                                                      0.114    23.002 r  U_core/isError_reg_i_120/CO[3]
                         net (fo=1, routed)           0.000    23.002    U_core/isError_reg_i_120_n_0
    SLICE_X40Y14         CARRY4 (Prop_carry4_CI_CO[3])
                                                      0.114    23.116 r  U_core/isError_reg_i_68/CO[3]
                         net (fo=1, routed)           0.000    23.116    U_core/isError_reg_i_68_n_0
    SLICE_X40Y15         CARRY4 (Prop_carry4_CI_CO[3])
                                                      0.114    23.230 r  U_core/isError_reg_i_50/CO[3]
                         net (fo=18, routed)          0.866    24.096    U_core/res1[8]
    SLICE_X39Y14         LUT3 (Prop_lut3_I0_O)        0.124    24.220 r  U_core/num[0][3]_i_301/O
                         net (fo=1, routed)           0.000    24.220    U_core/num[0][3]_i_301_n_0
    SLICE_X39Y14         CARRY4 (Prop_carry4_S[1]_CO[3])
                                                      0.550    24.770 r  U_core/num_reg[0][3]_i_232/CO[3]
                         net (fo=1, routed)           0.000    24.770    U_core/num_reg[0][3]_i_232_n_0
    SLICE_X39Y15         CARRY4 (Prop_carry4_CI_CO[3])
                                                      0.114    24.884 r  U_core/isError_reg_i_135/CO[3]
                         net (fo=1, routed)           0.000    24.884    U_core/isError_reg_i_135_n_0
    SLICE_X39Y16         CARRY4 (Prop_carry4_CI_CO[3])
                                                      0.114    24.998 r  U_core/isError_reg_i_88/CO[3]
                         net (fo=1, routed)           0.000    24.998    U_core/isError_reg_i_88_n_0
    SLICE_X39Y17         CARRY4 (Prop_carry4_CI_CO[3])
                                                      0.114    25.112 r  U_core/isError_reg_i_55/CO[3]
                         net (fo=18, routed)          0.963    26.075    U_core/res1[7]
    SLICE_X38Y15         CARRY4 (Prop_carry4_CYINIT_CO[3])
                                                      0.595    26.670 r  U_core/num_reg[0][3]_i_179/CO[3]
                         net (fo=1, routed)           0.000    26.670    U_core/num_reg[0][3]_i_179_n_0
    SLICE_X38Y16         CARRY4 (Prop_carry4_CI_CO[3])
                                                      0.117    26.787 r  U_core/num_reg[0][3]_i_163/CO[3]
                         net (fo=1, routed)           0.000    26.787    U_core/num_reg[0][3]_i_163_n_0
    SLICE_X38Y17         CARRY4 (Prop_carry4_CI_CO[3])
                                                      0.117    26.904 r  U_core/isError_reg_i_87/CO[3]
                         net (fo=1, routed)           0.000    26.904    U_core/isError_reg_i_87_n_0
    SLICE_X38Y18         CARRY4 (Prop_carry4_CI_CO[3])
                                                      0.117    27.021 r  U_core/isError_reg_i_54/CO[3]
                         net (fo=18, routed)          1.114    28.136    U_core/res1[6]
    SLICE_X38Y11         LUT3 (Prop_lut3_I0_O)        0.124    28.260 r  U_core/num[0][3]_i_245/O
                         net (fo=1, routed)           0.000    28.260    U_core/num[0][3]_i_245_n_0
    SLICE_X38Y11         CARRY4 (Prop_carry4_S[1]_CO[3])
                                                      0.533    28.793 r  U_core/num_reg[0][3]_i_174/CO[3]
                         net (fo=1, routed)           0.000    28.793    U_core/num_reg[0][3]_i_174_n_0
    SLICE_X38Y12         CARRY4 (Prop_carry4_CI_CO[3])
                                                      0.117    28.910 r  U_core/num_reg[0][3]_i_106/CO[3]
                         net (fo=1, routed)           0.000    28.910    U_core/num_reg[0][3]_i_106_n_0
    SLICE_X38Y13         CARRY4 (Prop_carry4_CI_CO[3])
                                                      0.117    29.027 r  U_core/num_reg[0][3]_i_95/CO[3]
                         net (fo=1, routed)           0.000    29.027    U_core/num_reg[0][3]_i_95_n_0
    SLICE_X38Y14         CARRY4 (Prop_carry4_CI_CO[3])
                                                      0.117    29.144 r  U_core/isError_reg_i_56/CO[3]
                         net (fo=18, routed)          1.007    30.151    U_core/res1[5]
    SLICE_X37Y10         CARRY4 (Prop_carry4_CYINIT_CO[3])
                                                      0.580    30.731 r  U_core/num_reg[0][3]_i_169/CO[3]
                         net (fo=1, routed)           0.000    30.731    U_core/num_reg[0][3]_i_169_n_0
    SLICE_X37Y11         CARRY4 (Prop_carry4_CI_CO[3])
                                                      0.114    30.845 r  U_core/num_reg[0][3]_i_101/CO[3]
                         net (fo=1, routed)           0.000    30.845    U_core/num_reg[0][3]_i_101_n_0
    SLICE_X37Y12         CARRY4 (Prop_carry4_CI_CO[3])
                                                      0.114    30.959 r  U_core/num_reg[0][3]_i_58/CO[3]
                         net (fo=1, routed)           0.000    30.959    U_core/num_reg[0][3]_i_58_n_0
    SLICE_X37Y13         CARRY4 (Prop_carry4_CI_CO[3])
                                                      0.114    31.073 r  U_core/num_reg[0][3]_i_51/CO[3]
                         net (fo=18, routed)          1.102    32.175    U_core/res1[4]
    SLICE_X36Y10         CARRY4 (Prop_carry4_CYINIT_CO[3])
                                                      0.580    32.755 r  U_core/num_reg[0][3]_i_168/CO[3]
                         net (fo=1, routed)           0.000    32.755    U_core/num_reg[0][3]_i_168_n_0
    SLICE_X36Y11         CARRY4 (Prop_carry4_CI_CO[3])
                                                      0.114    32.869 r  U_core/num_reg[0][3]_i_100/CO[3]
                         net (fo=1, routed)           0.000    32.869    U_core/num_reg[0][3]_i_100_n_0
    SLICE_X36Y12         CARRY4 (Prop_carry4_CI_CO[3])
                                                      0.114    32.983 r  U_core/num_reg[0][3]_i_57/CO[3]
                         net (fo=1, routed)           0.000    32.983    U_core/num_reg[0][3]_i_57_n_0
    SLICE_X36Y13         CARRY4 (Prop_carry4_CI_CO[3])
                                                      0.114    33.097 r  U_core/num_reg[0][3]_i_34/CO[3]
                         net (fo=18, routed)          1.149    34.246    U_core/res1[3]
    SLICE_X34Y9          CARRY4 (Prop_carry4_CYINIT_CO[3])
                                                      0.595    34.841 r  U_core/num_reg[0][3]_i_184/CO[3]
                         net (fo=1, routed)           0.000    34.841    U_core/num_reg[0][3]_i_184_n_0
    SLICE_X34Y10         CARRY4 (Prop_carry4_CI_CO[3])
                                                      0.117    34.958 r  U_core/num_reg[0][3]_i_111/CO[3]
                         net (fo=1, routed)           0.000    34.958    U_core/num_reg[0][3]_i_111_n_0
    SLICE_X34Y11         CARRY4 (Prop_carry4_CI_CO[3])
                                                      0.117    35.075 r  U_core/num_reg[0][3]_i_66/CO[3]
                         net (fo=1, routed)           0.000    35.075    U_core/num_reg[0][3]_i_66_n_0
    SLICE_X34Y12         CARRY4 (Prop_carry4_CI_CO[3])
                                                      0.117    35.192 r  U_core/num_reg[0][3]_i_36/CO[3]
                         net (fo=18, routed)          1.100    36.292    U_core/res1[2]
    SLICE_X32Y9          LUT4 (Prop_lut4_I0_O)        0.124    36.416 r  U_core/num[0][3]_i_255/O
                         net (fo=1, routed)           0.000    36.416    U_core/num[0][3]_i_255_n_0
    SLICE_X32Y9          CARRY4 (Prop_carry4_S[1]_CO[3])
                                                      0.550    36.966 r  U_core/num_reg[0][3]_i_189/CO[3]
                         net (fo=1, routed)           0.000    36.966    U_core/num_reg[0][3]_i_189_n_0
    SLICE_X32Y10         CARRY4 (Prop_carry4_CI_CO[3])
                                                      0.114    37.080 r  U_core/num_reg[0][3]_i_116/CO[3]
                         net (fo=1, routed)           0.000    37.080    U_core/num_reg[0][3]_i_116_n_0
    SLICE_X32Y11         CARRY4 (Prop_carry4_CI_CO[3])
                                                      0.114    37.194 r  U_core/num_reg[0][3]_i_71/CO[3]
                         net (fo=1, routed)           0.000    37.194    U_core/num_reg[0][3]_i_71_n_0
    SLICE_X32Y12         CARRY4 (Prop_carry4_CI_CO[3])
                                                      0.114    37.308 r  U_core/num_reg[0][3]_i_37/CO[3]
                         net (fo=18, routed)          1.138    38.446    U_core/res1[1]
    SLICE_X28Y8          LUT3 (Prop_lut3_I0_O)        0.124    38.570 r  U_core/num[0][3]_i_259/O
                         net (fo=1, routed)           0.000    38.570    U_core/num[0][3]_i_259_n_0
    SLICE_X28Y8          CARRY4 (Prop_carry4_S[0]_CO[3])
                                                      0.532    39.102 r  U_core/num_reg[0][3]_i_194/CO[3]
                         net (fo=1, routed)           0.000    39.102    U_core/num_reg[0][3]_i_194_n_0
    SLICE_X28Y9          CARRY4 (Prop_carry4_CI_CO[3])
                                                      0.114    39.216 r  U_core/num_reg[0][3]_i_121/CO[3]
                         net (fo=1, routed)           0.000    39.216    U_core/num_reg[0][3]_i_121_n_0
    SLICE_X28Y10         CARRY4 (Prop_carry4_CI_CO[3])
                                                      0.114    39.330 r  U_core/num_reg[0][3]_i_76/CO[3]
                         net (fo=1, routed)           0.000    39.330    U_core/num_reg[0][3]_i_76_n_0
    SLICE_X28Y11         CARRY4 (Prop_carry4_CI_CO[2])
                                                      0.228    39.558 r  U_core/num_reg[0][3]_i_38/CO[2]
                         net (fo=1, routed)           0.586    40.144    U_core/res1[0]
    SLICE_X28Y14         LUT6 (Prop_lut6_I4_O)        0.313    40.457 r  U_core/num[0][3]_i_21/O
                         net (fo=12, routed)          0.196    40.653    U_core/num[0][3]_i_21_n_0
    SLICE_X28Y14         LUT5 (Prop_lut5_I4_O)        0.124    40.777 r  U_core/num[0][3]_i_10/O
                         net (fo=59, routed)          0.474    41.251    U_core/num[0][3]_i_10_n_0
    SLICE_X28Y12         LUT3 (Prop_lut3_I1_O)        0.124    41.375 r  U_core/num[1][3]_i_601/O
                         net (fo=2, routed)           0.803    42.178    U_core/num[1][3]_i_601_n_0
    SLICE_X13Y12         CARRY4 (Prop_carry4_DI[3]_CO[3])
                                                      0.385    42.563 r  U_core/num_reg[1][3]_i_519/CO[3]
                         net (fo=1, routed)           0.000    42.563    U_core/num_reg[1][3]_i_519_n_0
    SLICE_X13Y13         CARRY4 (Prop_carry4_CI_CO[3])
                                                      0.114    42.677 r  U_core/num_reg[1][3]_i_365/CO[3]
                         net (fo=1, routed)           0.000    42.677    U_core/num_reg[1][3]_i_365_n_0
    SLICE_X13Y14         CARRY4 (Prop_carry4_CI_CO[3])
                                                      0.114    42.791 r  U_core/num_reg[1][3]_i_217/CO[3]
                         net (fo=1, routed)           0.000    42.791    U_core/num_reg[1][3]_i_217_n_0
    SLICE_X13Y15         CARRY4 (Prop_carry4_CI_CO[3])
                                                      0.114    42.905 r  U_core/num_reg[1][3]_i_107/CO[3]
                         net (fo=1, routed)           0.000    42.905    U_core/num_reg[1][3]_i_107_n_0
    SLICE_X13Y16         CARRY4 (Prop_carry4_CI_CO[3])
                                                      0.114    43.019 r  U_core/num_reg[1][3]_i_87/CO[3]
                         net (fo=1, routed)           0.000    43.019    U_core/num_reg[1][3]_i_87_n_0
    SLICE_X13Y17         CARRY4 (Prop_carry4_CI_CO[3])
                                                      0.114    43.133 r  U_core/num_reg[1][3]_i_90/CO[3]
                         net (fo=1, routed)           0.000    43.133    U_core/num_reg[1][3]_i_90_n_0
    SLICE_X13Y18         CARRY4 (Prop_carry4_CI_CO[3])
                                                      0.114    43.247 r  U_core/num_reg[1][3]_i_352/CO[3]
                         net (fo=1, routed)           0.000    43.247    U_core/num_reg[1][3]_i_352_n_0
    SLICE_X13Y19         CARRY4 (Prop_carry4_CI_CO[3])
                                                      0.114    43.361 f  U_core/num_reg[1][3]_i_348/CO[3]
                         net (fo=48, routed)          1.278    44.639    U_core/num_reg[1][3]_i_348_n_0
    SLICE_X12Y21         LUT3 (Prop_lut3_I2_O)        0.153    44.792 r  U_core/num[1][3]_i_619/O
                         net (fo=2, routed)           0.674    45.466    U_core/num[1][3]_i_619_n_0
    SLICE_X12Y21         LUT4 (Prop_lut4_I3_O)        0.331    45.797 r  U_core/num[1][3]_i_623/O
                         net (fo=1, routed)           0.000    45.797    U_core/num[1][3]_i_623_n_0
    SLICE_X12Y21         CARRY4 (Prop_carry4_S[3]_CO[3])
                                                      0.376    46.173 r  U_core/num_reg[1][3]_i_587/CO[3]
                         net (fo=1, routed)           0.000    46.173    U_core/num_reg[1][3]_i_587_n_0
    SLICE_X12Y22         CARRY4 (Prop_carry4_CI_O[3])
                                                      0.315    46.488 r  U_core/num_reg[1][3]_i_473/O[3]
                         net (fo=2, routed)           0.806    47.294    U_core/num_reg[1][3]_i_473_n_4
    SLICE_X11Y23         LUT3 (Prop_lut3_I1_O)        0.336    47.630 r  U_core/num[1][3]_i_338/O
                         net (fo=2, routed)           0.592    48.222    U_core/num[1][3]_i_338_n_0
    SLICE_X11Y23         LUT4 (Prop_lut4_I3_O)        0.327    48.549 r  U_core/num[1][3]_i_342/O
                         net (fo=1, routed)           0.000    48.549    U_core/num[1][3]_i_342_n_0
    SLICE_X11Y23         CARRY4 (Prop_carry4_S[3]_CO[3])
                                                      0.401    48.950 r  U_core/num_reg[1][3]_i_142/CO[3]
                         net (fo=1, routed)           0.000    48.950    U_core/num_reg[1][3]_i_142_n_0
    SLICE_X11Y24         CARRY4 (Prop_carry4_CI_O[0])
                                                      0.222    49.172 r  U_core/num_reg[1][3]_i_82/O[0]
                         net (fo=8, routed)           0.635    49.807    U_core_n_171
    SLICE_X9Y25          LUT2 (Prop_lut2_I1_O)        0.299    50.106 r  num[1][3]_i_85/O
                         net (fo=1, routed)           0.000    50.106    num[1][3]_i_85_n_0
    SLICE_X9Y25          CARRY4 (Prop_carry4_S[1]_O[3])
                                                      0.640    50.746 r  num_reg[1][3]_i_34/O[3]
                         net (fo=3, routed)           0.476    51.222    U_core/res0_56[3]
    SLICE_X10Y25         LUT6 (Prop_lut6_I0_O)        0.306    51.528 r  U_core/num[1][3]_i_29/O
                         net (fo=1, routed)           0.632    52.160    U_core/num[1][3]_i_29_n_0
    SLICE_X8Y25          CARRY4 (Prop_carry4_DI[1]_CO[2])
                                                      0.533    52.693 r  U_core/num_reg[1][3]_i_16/CO[2]
                         net (fo=37, routed)          0.746    53.438    U_core/num_reg[1][3]_i_16_n_1
    SLICE_X10Y26         LUT5 (Prop_lut5_I3_O)        0.310    53.748 f  U_core/num[1][3]_i_8/O
                         net (fo=16, routed)          0.926    54.674    U_core/num[1][3]_i_8_n_0
    SLICE_X15Y26         LUT6 (Prop_lut6_I0_O)        0.124    54.798 r  U_core/num[1][3]_i_260/O
                         net (fo=1, routed)           0.477    55.276    U_core/num[1][3]_i_260_n_0
    SLICE_X12Y27         CARRY4 (Prop_carry4_DI[3]_CO[3])
                                                      0.396    55.672 r  U_core/num_reg[1][3]_i_119/CO[3]
                         net (fo=1, routed)           0.000    55.672    U_core/num_reg[1][3]_i_119_n_0
    SLICE_X12Y28         CARRY4 (Prop_carry4_CI_CO[3])
                                                      0.117    55.789 r  U_core/num_reg[1][3]_i_131/CO[3]
                         net (fo=1, routed)           0.000    55.789    U_core/num_reg[1][3]_i_131_n_0
    SLICE_X12Y29         CARRY4 (Prop_carry4_CI_O[1])
                                                      0.323    56.112 r  U_core/num_reg[1][3]_i_255/O[1]
                         net (fo=3, routed)           0.604    56.715    U_core/num_reg[1][3]_i_255_n_6
    SLICE_X15Y29         LUT5 (Prop_lut5_I0_O)        0.300    57.015 r  U_core/num[1][3]_i_258/O
                         net (fo=2, routed)           0.449    57.465    U_core/num[1][3]_i_258_n_0
    SLICE_X15Y29         LUT5 (Prop_lut5_I0_O)        0.326    57.791 r  U_core/num[1][3]_i_113/O
                         net (fo=2, routed)           0.683    58.473    U_core/num[1][3]_i_113_n_0
    SLICE_X14Y28         CARRY4 (Prop_carry4_DI[1]_CO[3])
                                                      0.520    58.993 r  U_core/num_reg[1][3]_i_62/CO[3]
                         net (fo=1, routed)           0.000    58.993    U_core/num_reg[1][3]_i_62_n_0
    SLICE_X14Y29         CARRY4 (Prop_carry4_CI_CO[3])
                                                      0.117    59.110 r  U_core/num_reg[1][3]_i_22/CO[3]
                         net (fo=1, routed)           0.000    59.110    U_core/num_reg[1][3]_i_22_n_0
    SLICE_X14Y30         CARRY4 (Prop_carry4_CI_O[1])
                                                      0.323    59.433 r  U_core/num_reg[1][3]_i_45/O[1]
                         net (fo=2, routed)           0.592    60.025    U_core_n_215
    SLICE_X15Y33         LUT2 (Prop_lut2_I0_O)        0.306    60.331 r  num[1][3]_i_47/O
                         net (fo=1, routed)           0.000    60.331    num[1][3]_i_47_n_0
    SLICE_X15Y33         CARRY4 (Prop_carry4_S[1]_O[1])
                                                      0.227    60.558 r  num_reg[1][3]_i_19/O[1]
                         net (fo=1, routed)           0.818    61.376    U_core/res0_71[1]
    SLICE_X29Y29         LUT6 (Prop_lut6_I5_O)        0.303    61.679 r  U_core/num[1][3]_i_11/O
                         net (fo=1, routed)           0.000    61.679    U_core/num[1][3]_i_11_n_0
    SLICE_X29Y29         CARRY4 (Prop_carry4_S[3]_CO[3])
                                                      0.401    62.080 r  U_core/num_reg[1][3]_i_5/CO[3]
                         net (fo=1, routed)           0.000    62.080    U_core/num_reg[1][3]_i_5_n_0
    SLICE_X29Y30         CARRY4 (Prop_carry4_CI_O[0])
                                                      0.222    62.302 r  U_core/num_reg[1][3]_i_4/O[0]
                         net (fo=3, routed)           0.598    62.900    U_core/num_reg[1][3]_i_4_n_7
    SLICE_X30Y29         LUT5 (Prop_lut5_I3_O)        0.299    63.199 r  U_core/num[1][2]_i_2/O
                         net (fo=1, routed)           0.483    63.682    U_core/num[1][2]_i_2_n_0
    SLICE_X31Y29         LUT6 (Prop_lut6_I0_O)        0.124    63.806 r  U_core/num[1][2]_i_1/O
                         net (fo=1, routed)           0.000    63.806    U_core/num[1][2]_i_1_n_0
    SLICE_X31Y29         FDCE                                         r  U_core/num_reg[1][2]/D
  -------------------------------------------------------------------    -------------------

                         (clock sys_clk_pin rise edge)
                                                     10.000    10.000 r  
    W5                                                0.000    10.000 r  clk (IN)
                         net (fo=0)                   0.000    10.000    clk
    W5                   IBUF (Prop_ibuf_I_O)         1.388    11.388 r  clk_IBUF_inst/O
                         net (fo=1, routed)           1.862    13.250    clk_IBUF
    BUFGCTRL_X0Y0        BUFG (Prop_bufg_I_O)         0.091    13.341 r  clk_IBUF_BUFG_inst/O
                         net (fo=104, routed)         1.434    14.775    U_core/clk_IBUF_BUFG
    SLICE_X31Y29         FDCE                                         r  U_core/num_reg[1][2]/C
                         clock pessimism              0.188    14.963    
                         clock uncertainty           -0.035    14.928    
    SLICE_X31Y29         FDCE (Setup_fdce_C_D)        0.029    14.957    U_core/num_reg[1][2]
  -------------------------------------------------------------------
                         required time                         14.957    
                         arrival time                         -63.806    
  -------------------------------------------------------------------
                         slack                                -48.849    

Slack (VIOLATED) :        -48.515ns  (required time - arrival time)
  Source:                 U_core/num_reg[3][0]/C
                            (rising edge-triggered cell FDCE clocked by sys_clk_pin  {rise@0.000ns fall@5.000ns period=10.000ns})
  Destination:            U_core/num_reg[1][1]/D
                            (rising edge-triggered cell FDCE clocked by sys_clk_pin  {rise@0.000ns fall@5.000ns period=10.000ns})
  Path Group:             sys_clk_pin
  Path Type:              Setup (Max at Slow Process Corner)
  Requirement:            10.000ns  (sys_clk_pin rise@10.000ns - sys_clk_pin rise@0.000ns)
  Data Path Delay:        58.435ns  (logic 29.290ns (50.124%)  route 29.145ns (49.876%))
  Logic Levels:           115  (CARRY4=87 LUT2=4 LUT3=10 LUT4=4 LUT5=4 LUT6=6)
  Clock Path Skew:        -0.122ns (DCD - SCD + CPR)
    Destination Clock Delay (DCD):    4.775ns = ( 14.775 - 10.000 ) 
    Source Clock Delay      (SCD):    5.085ns
    Clock Pessimism Removal (CPR):    0.188ns
  Clock Uncertainty:      0.035ns  ((TSJ^2 + TIJ^2)^1/2 + DJ) / 2 + PE
    Total System Jitter     (TSJ):    0.071ns
    Total Input Jitter      (TIJ):    0.000ns
    Discrete Jitter          (DJ):    0.000ns
    Phase Error              (PE):    0.000ns

    Location             Delay type                Incr(ns)  Path(ns)    Netlist Resource(s)
  -------------------------------------------------------------------    -------------------
                         (clock sys_clk_pin rise edge)
                                                      0.000     0.000 r  
    W5                                                0.000     0.000 r  clk (IN)
                         net (fo=0)                   0.000     0.000    clk
    W5                   IBUF (Prop_ibuf_I_O)         1.458     1.458 r  clk_IBUF_inst/O
                         net (fo=1, routed)           1.967     3.425    clk_IBUF
    BUFGCTRL_X0Y0        BUFG (Prop_bufg_I_O)         0.096     3.521 r  clk_IBUF_BUFG_inst/O
                         net (fo=104, routed)         1.564     5.085    U_core/clk_IBUF_BUFG
    SLICE_X37Y8          FDCE                                         r  U_core/num_reg[3][0]/C
  -------------------------------------------------------------------    -------------------
    SLICE_X37Y8          FDCE (Prop_fdce_C_Q)         0.456     5.541 r  U_core/num_reg[3][0]/Q
                         net (fo=8, routed)           0.844     6.386    U_core/num_reg_n_0_[3][0]
    SLICE_X36Y7          LUT4 (Prop_lut4_I0_O)        0.124     6.510 r  U_core/res0_i_151/O
                         net (fo=1, routed)           0.000     6.510    U_core/res0_i_151_n_0
    SLICE_X36Y7          CARRY4 (Prop_carry4_S[1]_CO[3])
                                                      0.550     7.060 r  U_core/res0_i_132/CO[3]
                         net (fo=1, routed)           0.000     7.060    U_core/res0_i_132_n_0
    SLICE_X36Y8          CARRY4 (Prop_carry4_CI_O[1])
                                                      0.334     7.394 r  U_core/res0_i_124/O[1]
                         net (fo=1, routed)           0.588     7.981    value10[10]
    SLICE_X33Y7          LUT2 (Prop_lut2_I1_O)        0.303     8.284 r  res0_i_105/O
                         net (fo=1, routed)           0.000     8.284    U_core/num_reg[2][2]_1[3]
    SLICE_X33Y7          CARRY4 (Prop_carry4_S[3]_CO[3])
                                                      0.401     8.685 r  U_core/res0_i_85/CO[3]
                         net (fo=1, routed)           0.000     8.685    U_core/res0_i_85_n_0
    SLICE_X33Y8          CARRY4 (Prop_carry4_CI_O[0])
                                                      0.222     8.907 r  U_core/res0_i_84/O[0]
                         net (fo=1, routed)           0.432     9.339    U_core/num_reg[2][2]_2[3]
    SLICE_X31Y7          CARRY4 (Prop_carry4_S[3]_CO[3])
                                                      0.700    10.039 r  U_core/res0_i_47/CO[3]
                         net (fo=1, routed)           0.000    10.039    U_core/res0_i_47_n_0
    SLICE_X31Y8          CARRY4 (Prop_carry4_CI_O[0])
                                                      0.222    10.261 r  U_core/res0_i_46/O[0]
                         net (fo=1, routed)           0.440    10.701    U_core/res0_i_46_n_7
    SLICE_X32Y7          CARRY4 (Prop_carry4_S[3]_CO[3])
                                                      0.700    11.401 r  U_core/res0_i_7/CO[3]
                         net (fo=1, routed)           0.000    11.401    U_core/res0_i_7_n_0
    SLICE_X32Y8          CARRY4 (Prop_carry4_CI_O[0])
                                                      0.222    11.623 r  U_core/res0_i_6/O[0]
                         net (fo=193, routed)         0.820    12.443    U_core/res0_0[11]
    SLICE_X42Y7          LUT2 (Prop_lut2_I1_O)        0.299    12.742 r  U_core/isError_i_194/O
                         net (fo=1, routed)           0.000    12.742    U_core/isError_i_194_n_0
    SLICE_X42Y7          CARRY4 (Prop_carry4_S[0]_CO[3])
                                                      0.513    13.255 r  U_core/isError_reg_i_150/CO[3]
                         net (fo=1, routed)           0.000    13.255    U_core/isError_reg_i_150_n_0
    SLICE_X42Y8          CARRY4 (Prop_carry4_CI_CO[3])
                                                      0.117    13.372 r  U_core/isError_reg_i_107/CO[3]
                         net (fo=1, routed)           0.000    13.372    U_core/isError_reg_i_107_n_0
    SLICE_X42Y9          CARRY4 (Prop_carry4_CI_CO[3])
                                                      0.117    13.489 r  U_core/isError_reg_i_63/CO[3]
                         net (fo=1, routed)           0.000    13.489    U_core/isError_reg_i_63_n_0
    SLICE_X42Y10         CARRY4 (Prop_carry4_CI_CO[2])
                                                      0.229    13.718 r  U_core/isError_reg_i_52/CO[2]
                         net (fo=18, routed)          0.666    14.383    U_core/res1[13]
    SLICE_X41Y7          LUT3 (Prop_lut3_I0_O)        0.310    14.693 r  U_core/isError_i_187/O
                         net (fo=1, routed)           0.000    14.693    U_core/isError_i_187_n_0
    SLICE_X41Y7          CARRY4 (Prop_carry4_S[1]_CO[3])
                                                      0.550    15.243 r  U_core/isError_reg_i_145/CO[3]
                         net (fo=1, routed)           0.000    15.243    U_core/isError_reg_i_145_n_0
    SLICE_X41Y8          CARRY4 (Prop_carry4_CI_CO[3])
                                                      0.114    15.357 r  U_core/isError_reg_i_102/CO[3]
                         net (fo=1, routed)           0.000    15.357    U_core/isError_reg_i_102_n_0
    SLICE_X41Y9          CARRY4 (Prop_carry4_CI_CO[3])
                                                      0.114    15.471 r  U_core/isError_reg_i_58/CO[3]
                         net (fo=1, routed)           0.000    15.471    U_core/isError_reg_i_58_n_0
    SLICE_X41Y10         CARRY4 (Prop_carry4_CI_CO[3])
                                                      0.114    15.585 r  U_core/isError_reg_i_49/CO[3]
                         net (fo=18, routed)          1.031    16.616    U_core/res1[12]
    SLICE_X43Y6          LUT3 (Prop_lut3_I0_O)        0.124    16.740 r  U_core/isError_i_184/O
                         net (fo=1, routed)           0.000    16.740    U_core/isError_i_184_n_0
    SLICE_X43Y6          CARRY4 (Prop_carry4_S[1]_CO[3])
                                                      0.550    17.290 r  U_core/isError_reg_i_144/CO[3]
                         net (fo=1, routed)           0.000    17.290    U_core/isError_reg_i_144_n_0
    SLICE_X43Y7          CARRY4 (Prop_carry4_CI_CO[3])
                                                      0.114    17.404 r  U_core/isError_reg_i_101/CO[3]
                         net (fo=1, routed)           0.000    17.404    U_core/isError_reg_i_101_n_0
    SLICE_X43Y8          CARRY4 (Prop_carry4_CI_CO[3])
                                                      0.114    17.518 r  U_core/isError_reg_i_57/CO[3]
                         net (fo=1, routed)           0.000    17.518    U_core/isError_reg_i_57_n_0
    SLICE_X43Y9          CARRY4 (Prop_carry4_CI_CO[3])
                                                      0.114    17.632 r  U_core/isError_reg_i_48/CO[3]
                         net (fo=18, routed)          0.824    18.457    U_core/res1[11]
    SLICE_X43Y10         LUT3 (Prop_lut3_I0_O)        0.124    18.581 r  U_core/isError_i_203/O
                         net (fo=1, routed)           0.000    18.581    U_core/isError_i_203_n_0
    SLICE_X43Y10         CARRY4 (Prop_carry4_S[1]_CO[3])
                                                      0.550    19.131 r  U_core/isError_reg_i_169/CO[3]
                         net (fo=1, routed)           0.000    19.131    U_core/isError_reg_i_169_n_0
    SLICE_X43Y11         CARRY4 (Prop_carry4_CI_CO[3])
                                                      0.114    19.245 r  U_core/isError_reg_i_126/CO[3]
                         net (fo=1, routed)           0.000    19.245    U_core/isError_reg_i_126_n_0
    SLICE_X43Y12         CARRY4 (Prop_carry4_CI_CO[3])
                                                      0.114    19.359 r  U_core/isError_reg_i_74/CO[3]
                         net (fo=1, routed)           0.000    19.359    U_core/isError_reg_i_74_n_0
    SLICE_X43Y13         CARRY4 (Prop_carry4_CI_CO[3])
                                                      0.114    19.473 r  U_core/isError_reg_i_51/CO[3]
                         net (fo=18, routed)          0.868    20.341    U_core/res1[10]
    SLICE_X41Y11         LUT3 (Prop_lut3_I0_O)        0.124    20.465 r  U_core/isError_i_200/O
                         net (fo=1, routed)           0.000    20.465    U_core/isError_i_200_n_0
    SLICE_X41Y11         CARRY4 (Prop_carry4_S[1]_CO[3])
                                                      0.550    21.015 r  U_core/isError_reg_i_164/CO[3]
                         net (fo=1, routed)           0.000    21.015    U_core/isError_reg_i_164_n_0
    SLICE_X41Y12         CARRY4 (Prop_carry4_CI_CO[3])
                                                      0.114    21.129 r  U_core/isError_reg_i_121/CO[3]
                         net (fo=1, routed)           0.000    21.129    U_core/isError_reg_i_121_n_0
    SLICE_X41Y13         CARRY4 (Prop_carry4_CI_CO[3])
                                                      0.114    21.243 r  U_core/isError_reg_i_69/CO[3]
                         net (fo=1, routed)           0.000    21.243    U_core/isError_reg_i_69_n_0
    SLICE_X41Y14         CARRY4 (Prop_carry4_CI_CO[3])
                                                      0.114    21.357 r  U_core/isError_reg_i_53/CO[3]
                         net (fo=18, routed)          0.952    22.308    U_core/res1[9]
    SLICE_X40Y12         CARRY4 (Prop_carry4_CYINIT_CO[3])
                                                      0.580    22.888 r  U_core/isError_reg_i_163/CO[3]
                         net (fo=1, routed)           0.000    22.888    U_core/isError_reg_i_163_n_0
    SLICE_X40Y13         CARRY4 (Prop_carry4_CI_CO[3])
                                                      0.114    23.002 r  U_core/isError_reg_i_120/CO[3]
                         net (fo=1, routed)           0.000    23.002    U_core/isError_reg_i_120_n_0
    SLICE_X40Y14         CARRY4 (Prop_carry4_CI_CO[3])
                                                      0.114    23.116 r  U_core/isError_reg_i_68/CO[3]
                         net (fo=1, routed)           0.000    23.116    U_core/isError_reg_i_68_n_0
    SLICE_X40Y15         CARRY4 (Prop_carry4_CI_CO[3])
                                                      0.114    23.230 r  U_core/isError_reg_i_50/CO[3]
                         net (fo=18, routed)          0.866    24.096    U_core/res1[8]
    SLICE_X39Y14         LUT3 (Prop_lut3_I0_O)        0.124    24.220 r  U_core/num[0][3]_i_301/O
                         net (fo=1, routed)           0.000    24.220    U_core/num[0][3]_i_301_n_0
    SLICE_X39Y14         CARRY4 (Prop_carry4_S[1]_CO[3])
                                                      0.550    24.770 r  U_core/num_reg[0][3]_i_232/CO[3]
                         net (fo=1, routed)           0.000    24.770    U_core/num_reg[0][3]_i_232_n_0
    SLICE_X39Y15         CARRY4 (Prop_carry4_CI_CO[3])
                                                      0.114    24.884 r  U_core/isError_reg_i_135/CO[3]
                         net (fo=1, routed)           0.000    24.884    U_core/isError_reg_i_135_n_0
    SLICE_X39Y16         CARRY4 (Prop_carry4_CI_CO[3])
                                                      0.114    24.998 r  U_core/isError_reg_i_88/CO[3]
                         net (fo=1, routed)           0.000    24.998    U_core/isError_reg_i_88_n_0
    SLICE_X39Y17         CARRY4 (Prop_carry4_CI_CO[3])
                                                      0.114    25.112 r  U_core/isError_reg_i_55/CO[3]
                         net (fo=18, routed)          0.963    26.075    U_core/res1[7]
    SLICE_X38Y15         CARRY4 (Prop_carry4_CYINIT_CO[3])
                                                      0.595    26.670 r  U_core/num_reg[0][3]_i_179/CO[3]
                         net (fo=1, routed)           0.000    26.670    U_core/num_reg[0][3]_i_179_n_0
    SLICE_X38Y16         CARRY4 (Prop_carry4_CI_CO[3])
                                                      0.117    26.787 r  U_core/num_reg[0][3]_i_163/CO[3]
                         net (fo=1, routed)           0.000    26.787    U_core/num_reg[0][3]_i_163_n_0
    SLICE_X38Y17         CARRY4 (Prop_carry4_CI_CO[3])
                                                      0.117    26.904 r  U_core/isError_reg_i_87/CO[3]
                         net (fo=1, routed)           0.000    26.904    U_core/isError_reg_i_87_n_0
    SLICE_X38Y18         CARRY4 (Prop_carry4_CI_CO[3])
                                                      0.117    27.021 r  U_core/isError_reg_i_54/CO[3]
                         net (fo=18, routed)          1.114    28.136    U_core/res1[6]
    SLICE_X38Y11         LUT3 (Prop_lut3_I0_O)        0.124    28.260 r  U_core/num[0][3]_i_245/O
                         net (fo=1, routed)           0.000    28.260    U_core/num[0][3]_i_245_n_0
    SLICE_X38Y11         CARRY4 (Prop_carry4_S[1]_CO[3])
                                                      0.533    28.793 r  U_core/num_reg[0][3]_i_174/CO[3]
                         net (fo=1, routed)           0.000    28.793    U_core/num_reg[0][3]_i_174_n_0
    SLICE_X38Y12         CARRY4 (Prop_carry4_CI_CO[3])
                                                      0.117    28.910 r  U_core/num_reg[0][3]_i_106/CO[3]
                         net (fo=1, routed)           0.000    28.910    U_core/num_reg[0][3]_i_106_n_0
    SLICE_X38Y13         CARRY4 (Prop_carry4_CI_CO[3])
                                                      0.117    29.027 r  U_core/num_reg[0][3]_i_95/CO[3]
                         net (fo=1, routed)           0.000    29.027    U_core/num_reg[0][3]_i_95_n_0
    SLICE_X38Y14         CARRY4 (Prop_carry4_CI_CO[3])
                                                      0.117    29.144 r  U_core/isError_reg_i_56/CO[3]
                         net (fo=18, routed)          1.007    30.151    U_core/res1[5]
    SLICE_X37Y10         CARRY4 (Prop_carry4_CYINIT_CO[3])
                                                      0.580    30.731 r  U_core/num_reg[0][3]_i_169/CO[3]
                         net (fo=1, routed)           0.000    30.731    U_core/num_reg[0][3]_i_169_n_0
    SLICE_X37Y11         CARRY4 (Prop_carry4_CI_CO[3])
                                                      0.114    30.845 r  U_core/num_reg[0][3]_i_101/CO[3]
                         net (fo=1, routed)           0.000    30.845    U_core/num_reg[0][3]_i_101_n_0
    SLICE_X37Y12         CARRY4 (Prop_carry4_CI_CO[3])
                                                      0.114    30.959 r  U_core/num_reg[0][3]_i_58/CO[3]
                         net (fo=1, routed)           0.000    30.959    U_core/num_reg[0][3]_i_58_n_0
    SLICE_X37Y13         CARRY4 (Prop_carry4_CI_CO[3])
                                                      0.114    31.073 r  U_core/num_reg[0][3]_i_51/CO[3]
                         net (fo=18, routed)          1.102    32.175    U_core/res1[4]
    SLICE_X36Y10         CARRY4 (Prop_carry4_CYINIT_CO[3])
                                                      0.580    32.755 r  U_core/num_reg[0][3]_i_168/CO[3]
                         net (fo=1, routed)           0.000    32.755    U_core/num_reg[0][3]_i_168_n_0
    SLICE_X36Y11         CARRY4 (Prop_carry4_CI_CO[3])
                                                      0.114    32.869 r  U_core/num_reg[0][3]_i_100/CO[3]
                         net (fo=1, routed)           0.000    32.869    U_core/num_reg[0][3]_i_100_n_0
    SLICE_X36Y12         CARRY4 (Prop_carry4_CI_CO[3])
                                                      0.114    32.983 r  U_core/num_reg[0][3]_i_57/CO[3]
                         net (fo=1, routed)           0.000    32.983    U_core/num_reg[0][3]_i_57_n_0
    SLICE_X36Y13         CARRY4 (Prop_carry4_CI_CO[3])
                                                      0.114    33.097 r  U_core/num_reg[0][3]_i_34/CO[3]
                         net (fo=18, routed)          1.149    34.246    U_core/res1[3]
    SLICE_X34Y9          CARRY4 (Prop_carry4_CYINIT_CO[3])
                                                      0.595    34.841 r  U_core/num_reg[0][3]_i_184/CO[3]
                         net (fo=1, routed)           0.000    34.841    U_core/num_reg[0][3]_i_184_n_0
    SLICE_X34Y10         CARRY4 (Prop_carry4_CI_CO[3])
                                                      0.117    34.958 r  U_core/num_reg[0][3]_i_111/CO[3]
                         net (fo=1, routed)           0.000    34.958    U_core/num_reg[0][3]_i_111_n_0
    SLICE_X34Y11         CARRY4 (Prop_carry4_CI_CO[3])
                                                      0.117    35.075 r  U_core/num_reg[0][3]_i_66/CO[3]
                         net (fo=1, routed)           0.000    35.075    U_core/num_reg[0][3]_i_66_n_0
    SLICE_X34Y12         CARRY4 (Prop_carry4_CI_CO[3])
                                                      0.117    35.192 r  U_core/num_reg[0][3]_i_36/CO[3]
                         net (fo=18, routed)          1.100    36.292    U_core/res1[2]
    SLICE_X32Y9          LUT4 (Prop_lut4_I0_O)        0.124    36.416 r  U_core/num[0][3]_i_255/O
                         net (fo=1, routed)           0.000    36.416    U_core/num[0][3]_i_255_n_0
    SLICE_X32Y9          CARRY4 (Prop_carry4_S[1]_CO[3])
                                                      0.550    36.966 r  U_core/num_reg[0][3]_i_189/CO[3]
                         net (fo=1, routed)           0.000    36.966    U_core/num_reg[0][3]_i_189_n_0
    SLICE_X32Y10         CARRY4 (Prop_carry4_CI_CO[3])
                                                      0.114    37.080 r  U_core/num_reg[0][3]_i_116/CO[3]
                         net (fo=1, routed)           0.000    37.080    U_core/num_reg[0][3]_i_116_n_0
    SLICE_X32Y11         CARRY4 (Prop_carry4_CI_CO[3])
                                                      0.114    37.194 r  U_core/num_reg[0][3]_i_71/CO[3]
                         net (fo=1, routed)           0.000    37.194    U_core/num_reg[0][3]_i_71_n_0
    SLICE_X32Y12         CARRY4 (Prop_carry4_CI_CO[3])
                                                      0.114    37.308 r  U_core/num_reg[0][3]_i_37/CO[3]
                         net (fo=18, routed)          1.138    38.446    U_core/res1[1]
    SLICE_X28Y8          LUT3 (Prop_lut3_I0_O)        0.124    38.570 r  U_core/num[0][3]_i_259/O
                         net (fo=1, routed)           0.000    38.570    U_core/num[0][3]_i_259_n_0
    SLICE_X28Y8          CARRY4 (Prop_carry4_S[0]_CO[3])
                                                      0.532    39.102 r  U_core/num_reg[0][3]_i_194/CO[3]
                         net (fo=1, routed)           0.000    39.102    U_core/num_reg[0][3]_i_194_n_0
    SLICE_X28Y9          CARRY4 (Prop_carry4_CI_CO[3])
                                                      0.114    39.216 r  U_core/num_reg[0][3]_i_121/CO[3]
                         net (fo=1, routed)           0.000    39.216    U_core/num_reg[0][3]_i_121_n_0
    SLICE_X28Y10         CARRY4 (Prop_carry4_CI_CO[3])
                                                      0.114    39.330 r  U_core/num_reg[0][3]_i_76/CO[3]
                         net (fo=1, routed)           0.000    39.330    U_core/num_reg[0][3]_i_76_n_0
    SLICE_X28Y11         CARRY4 (Prop_carry4_CI_CO[2])
                                                      0.228    39.558 r  U_core/num_reg[0][3]_i_38/CO[2]
                         net (fo=1, routed)           0.586    40.144    U_core/res1[0]
    SLICE_X28Y14         LUT6 (Prop_lut6_I4_O)        0.313    40.457 r  U_core/num[0][3]_i_21/O
                         net (fo=12, routed)          0.196    40.653    U_core/num[0][3]_i_21_n_0
    SLICE_X28Y14         LUT5 (Prop_lut5_I4_O)        0.124    40.777 r  U_core/num[0][3]_i_10/O
                         net (fo=59, routed)          0.474    41.251    U_core/num[0][3]_i_10_n_0
    SLICE_X28Y12         LUT3 (Prop_lut3_I1_O)        0.124    41.375 r  U_core/num[1][3]_i_601/O
                         net (fo=2, routed)           0.803    42.178    U_core/num[1][3]_i_601_n_0
    SLICE_X13Y12         CARRY4 (Prop_carry4_DI[3]_CO[3])
                                                      0.385    42.563 r  U_core/num_reg[1][3]_i_519/CO[3]
                         net (fo=1, routed)           0.000    42.563    U_core/num_reg[1][3]_i_519_n_0
    SLICE_X13Y13         CARRY4 (Prop_carry4_CI_CO[3])
                                                      0.114    42.677 r  U_core/num_reg[1][3]_i_365/CO[3]
                         net (fo=1, routed)           0.000    42.677    U_core/num_reg[1][3]_i_365_n_0
    SLICE_X13Y14         CARRY4 (Prop_carry4_CI_CO[3])
                                                      0.114    42.791 r  U_core/num_reg[1][3]_i_217/CO[3]
                         net (fo=1, routed)           0.000    42.791    U_core/num_reg[1][3]_i_217_n_0
    SLICE_X13Y15         CARRY4 (Prop_carry4_CI_CO[3])
                                                      0.114    42.905 r  U_core/num_reg[1][3]_i_107/CO[3]
                         net (fo=1, routed)           0.000    42.905    U_core/num_reg[1][3]_i_107_n_0
    SLICE_X13Y16         CARRY4 (Prop_carry4_CI_CO[3])
                                                      0.114    43.019 r  U_core/num_reg[1][3]_i_87/CO[3]
                         net (fo=1, routed)           0.000    43.019    U_core/num_reg[1][3]_i_87_n_0
    SLICE_X13Y17         CARRY4 (Prop_carry4_CI_CO[3])
                                                      0.114    43.133 r  U_core/num_reg[1][3]_i_90/CO[3]
                         net (fo=1, routed)           0.000    43.133    U_core/num_reg[1][3]_i_90_n_0
    SLICE_X13Y18         CARRY4 (Prop_carry4_CI_CO[3])
                                                      0.114    43.247 r  U_core/num_reg[1][3]_i_352/CO[3]
                         net (fo=1, routed)           0.000    43.247    U_core/num_reg[1][3]_i_352_n_0
    SLICE_X13Y19         CARRY4 (Prop_carry4_CI_CO[3])
                                                      0.114    43.361 f  U_core/num_reg[1][3]_i_348/CO[3]
                         net (fo=48, routed)          1.278    44.639    U_core/num_reg[1][3]_i_348_n_0
    SLICE_X12Y21         LUT3 (Prop_lut3_I2_O)        0.153    44.792 r  U_core/num[1][3]_i_619/O
                         net (fo=2, routed)           0.674    45.466    U_core/num[1][3]_i_619_n_0
    SLICE_X12Y21         LUT4 (Prop_lut4_I3_O)        0.331    45.797 r  U_core/num[1][3]_i_623/O
                         net (fo=1, routed)           0.000    45.797    U_core/num[1][3]_i_623_n_0
    SLICE_X12Y21         CARRY4 (Prop_carry4_S[3]_CO[3])
                                                      0.376    46.173 r  U_core/num_reg[1][3]_i_587/CO[3]
                         net (fo=1, routed)           0.000    46.173    U_core/num_reg[1][3]_i_587_n_0
    SLICE_X12Y22         CARRY4 (Prop_carry4_CI_O[3])
                                                      0.315    46.488 r  U_core/num_reg[1][3]_i_473/O[3]
                         net (fo=2, routed)           0.806    47.294    U_core/num_reg[1][3]_i_473_n_4
    SLICE_X11Y23         LUT3 (Prop_lut3_I1_O)        0.336    47.630 r  U_core/num[1][3]_i_338/O
                         net (fo=2, routed)           0.592    48.222    U_core/num[1][3]_i_338_n_0
    SLICE_X11Y23         LUT4 (Prop_lut4_I3_O)        0.327    48.549 r  U_core/num[1][3]_i_342/O
                         net (fo=1, routed)           0.000    48.549    U_core/num[1][3]_i_342_n_0
    SLICE_X11Y23         CARRY4 (Prop_carry4_S[3]_CO[3])
                                                      0.401    48.950 r  U_core/num_reg[1][3]_i_142/CO[3]
                         net (fo=1, routed)           0.000    48.950    U_core/num_reg[1][3]_i_142_n_0
    SLICE_X11Y24         CARRY4 (Prop_carry4_CI_O[0])
                                                      0.222    49.172 r  U_core/num_reg[1][3]_i_82/O[0]
                         net (fo=8, routed)           0.635    49.807    U_core_n_171
    SLICE_X9Y25          LUT2 (Prop_lut2_I1_O)        0.299    50.106 r  num[1][3]_i_85/O
                         net (fo=1, routed)           0.000    50.106    num[1][3]_i_85_n_0
    SLICE_X9Y25          CARRY4 (Prop_carry4_S[1]_O[3])
                                                      0.640    50.746 r  num_reg[1][3]_i_34/O[3]
                         net (fo=3, routed)           0.476    51.222    U_core/res0_56[3]
    SLICE_X10Y25         LUT6 (Prop_lut6_I0_O)        0.306    51.528 r  U_core/num[1][3]_i_29/O
                         net (fo=1, routed)           0.632    52.160    U_core/num[1][3]_i_29_n_0
    SLICE_X8Y25          CARRY4 (Prop_carry4_DI[1]_CO[2])
                                                      0.533    52.693 r  U_core/num_reg[1][3]_i_16/CO[2]
                         net (fo=37, routed)          0.746    53.438    U_core/num_reg[1][3]_i_16_n_1
    SLICE_X10Y26         LUT5 (Prop_lut5_I3_O)        0.310    53.748 f  U_core/num[1][3]_i_8/O
                         net (fo=16, routed)          0.926    54.674    U_core/num[1][3]_i_8_n_0
    SLICE_X15Y26         LUT6 (Prop_lut6_I0_O)        0.124    54.798 r  U_core/num[1][3]_i_260/O
                         net (fo=1, routed)           0.477    55.276    U_core/num[1][3]_i_260_n_0
    SLICE_X12Y27         CARRY4 (Prop_carry4_DI[3]_CO[3])
                                                      0.396    55.672 r  U_core/num_reg[1][3]_i_119/CO[3]
                         net (fo=1, routed)           0.000    55.672    U_core/num_reg[1][3]_i_119_n_0
    SLICE_X12Y28         CARRY4 (Prop_carry4_CI_CO[3])
                                                      0.117    55.789 r  U_core/num_reg[1][3]_i_131/CO[3]
                         net (fo=1, routed)           0.000    55.789    U_core/num_reg[1][3]_i_131_n_0
    SLICE_X12Y29         CARRY4 (Prop_carry4_CI_O[1])
                                                      0.323    56.112 r  U_core/num_reg[1][3]_i_255/O[1]
                         net (fo=3, routed)           0.604    56.715    U_core/num_reg[1][3]_i_255_n_6
    SLICE_X15Y29         LUT5 (Prop_lut5_I0_O)        0.300    57.015 r  U_core/num[1][3]_i_258/O
                         net (fo=2, routed)           0.449    57.465    U_core/num[1][3]_i_258_n_0
    SLICE_X15Y29         LUT5 (Prop_lut5_I0_O)        0.326    57.791 r  U_core/num[1][3]_i_113/O
                         net (fo=2, routed)           0.683    58.473    U_core/num[1][3]_i_113_n_0
    SLICE_X14Y28         CARRY4 (Prop_carry4_DI[1]_CO[3])
                                                      0.520    58.993 r  U_core/num_reg[1][3]_i_62/CO[3]
                         net (fo=1, routed)           0.000    58.993    U_core/num_reg[1][3]_i_62_n_0
    SLICE_X14Y29         CARRY4 (Prop_carry4_CI_CO[3])
                                                      0.117    59.110 r  U_core/num_reg[1][3]_i_22/CO[3]
                         net (fo=1, routed)           0.000    59.110    U_core/num_reg[1][3]_i_22_n_0
    SLICE_X14Y30         CARRY4 (Prop_carry4_CI_O[1])
                                                      0.323    59.433 r  U_core/num_reg[1][3]_i_45/O[1]
                         net (fo=2, routed)           0.592    60.025    U_core_n_215
    SLICE_X15Y33         LUT2 (Prop_lut2_I0_O)        0.306    60.331 r  num[1][3]_i_47/O
                         net (fo=1, routed)           0.000    60.331    num[1][3]_i_47_n_0
    SLICE_X15Y33         CARRY4 (Prop_carry4_S[1]_O[1])
                                                      0.227    60.558 r  num_reg[1][3]_i_19/O[1]
                         net (fo=1, routed)           0.818    61.376    U_core/res0_71[1]
    SLICE_X29Y29         LUT6 (Prop_lut6_I5_O)        0.303    61.679 r  U_core/num[1][3]_i_11/O
                         net (fo=1, routed)           0.000    61.679    U_core/num[1][3]_i_11_n_0
    SLICE_X29Y29         CARRY4 (Prop_carry4_S[3]_CO[3])
                                                      0.401    62.080 r  U_core/num_reg[1][3]_i_5/CO[3]
                         net (fo=1, routed)           0.000    62.080    U_core/num_reg[1][3]_i_5_n_0
    SLICE_X29Y30         CARRY4 (Prop_carry4_CI_O[0])
                                                      0.222    62.302 r  U_core/num_reg[1][3]_i_4/O[0]
                         net (fo=3, routed)           0.344    62.645    U_core/num_reg[1][3]_i_4_n_7
    SLICE_X30Y29         LUT6 (Prop_lut6_I2_O)        0.299    62.944 r  U_core/num[1][1]_i_4/O
                         net (fo=1, routed)           0.452    63.396    U_core/num[1][1]_i_4_n_0
    SLICE_X30Y29         LUT6 (Prop_lut6_I5_O)        0.124    63.520 r  U_core/num[1][1]_i_1/O
                         net (fo=1, routed)           0.000    63.520    U_core/num[1][1]_i_1_n_0
    SLICE_X30Y29         FDCE                                         r  U_core/num_reg[1][1]/D
  -------------------------------------------------------------------    -------------------

                         (clock sys_clk_pin rise edge)
                                                     10.000    10.000 r  
    W5                                                0.000    10.000 r  clk (IN)
                         net (fo=0)                   0.000    10.000    clk
    W5                   IBUF (Prop_ibuf_I_O)         1.388    11.388 r  clk_IBUF_inst/O
                         net (fo=1, routed)           1.862    13.250    clk_IBUF
    BUFGCTRL_X0Y0        BUFG (Prop_bufg_I_O)         0.091    13.341 r  clk_IBUF_BUFG_inst/O
                         net (fo=104, routed)         1.434    14.775    U_core/clk_IBUF_BUFG
    SLICE_X30Y29         FDCE                                         r  U_core/num_reg[1][1]/C
                         clock pessimism              0.188    14.963    
                         clock uncertainty           -0.035    14.928    
    SLICE_X30Y29         FDCE (Setup_fdce_C_D)        0.077    15.005    U_core/num_reg[1][1]
  -------------------------------------------------------------------
                         required time                         15.005    
                         arrival time                         -63.520    
  -------------------------------------------------------------------
                         slack                                -48.515    

Slack (VIOLATED) :        -48.416ns  (required time - arrival time)
  Source:                 U_core/num_reg[3][0]/C
                            (rising edge-triggered cell FDCE clocked by sys_clk_pin  {rise@0.000ns fall@5.000ns period=10.000ns})
  Destination:            U_core/num_reg[3][1]/D
                            (rising edge-triggered cell FDCE clocked by sys_clk_pin  {rise@0.000ns fall@5.000ns period=10.000ns})
  Path Group:             sys_clk_pin
  Path Type:              Setup (Max at Slow Process Corner)
  Requirement:            10.000ns  (sys_clk_pin rise@10.000ns - sys_clk_pin rise@0.000ns)
  Data Path Delay:        58.384ns  (logic 27.541ns (47.172%)  route 30.843ns (52.828%))
  Logic Levels:           110  (CARRY4=77 LUT2=2 LUT3=11 LUT4=3 LUT5=5 LUT6=12)
  Clock Path Skew:        -0.025ns (DCD - SCD + CPR)
    Destination Clock Delay (DCD):    4.785ns = ( 14.785 - 10.000 ) 
    Source Clock Delay      (SCD):    5.085ns
    Clock Pessimism Removal (CPR):    0.275ns
  Clock Uncertainty:      0.035ns  ((TSJ^2 + TIJ^2)^1/2 + DJ) / 2 + PE
    Total System Jitter     (TSJ):    0.071ns
    Total Input Jitter      (TIJ):    0.000ns
    Discrete Jitter          (DJ):    0.000ns
    Phase Error              (PE):    0.000ns

    Location             Delay type                Incr(ns)  Path(ns)    Netlist Resource(s)
  -------------------------------------------------------------------    -------------------
                         (clock sys_clk_pin rise edge)
                                                      0.000     0.000 r  
    W5                                                0.000     0.000 r  clk (IN)
                         net (fo=0)                   0.000     0.000    clk
    W5                   IBUF (Prop_ibuf_I_O)         1.458     1.458 r  clk_IBUF_inst/O
                         net (fo=1, routed)           1.967     3.425    clk_IBUF
    BUFGCTRL_X0Y0        BUFG (Prop_bufg_I_O)         0.096     3.521 r  clk_IBUF_BUFG_inst/O
                         net (fo=104, routed)         1.564     5.085    U_core/clk_IBUF_BUFG
    SLICE_X37Y8          FDCE                                         r  U_core/num_reg[3][0]/C
  -------------------------------------------------------------------    -------------------
    SLICE_X37Y8          FDCE (Prop_fdce_C_Q)         0.456     5.541 r  U_core/num_reg[3][0]/Q
                         net (fo=8, routed)           0.844     6.386    U_core/num_reg_n_0_[3][0]
    SLICE_X36Y7          LUT4 (Prop_lut4_I0_O)        0.124     6.510 r  U_core/res0_i_151/O
                         net (fo=1, routed)           0.000     6.510    U_core/res0_i_151_n_0
    SLICE_X36Y7          CARRY4 (Prop_carry4_S[1]_CO[3])
                                                      0.550     7.060 r  U_core/res0_i_132/CO[3]
                         net (fo=1, routed)           0.000     7.060    U_core/res0_i_132_n_0
    SLICE_X36Y8          CARRY4 (Prop_carry4_CI_O[1])
                                                      0.334     7.394 r  U_core/res0_i_124/O[1]
                         net (fo=1, routed)           0.588     7.981    value10[10]
    SLICE_X33Y7          LUT2 (Prop_lut2_I1_O)        0.303     8.284 r  res0_i_105/O
                         net (fo=1, routed)           0.000     8.284    U_core/num_reg[2][2]_1[3]
    SLICE_X33Y7          CARRY4 (Prop_carry4_S[3]_CO[3])
                                                      0.401     8.685 r  U_core/res0_i_85/CO[3]
                         net (fo=1, routed)           0.000     8.685    U_core/res0_i_85_n_0
    SLICE_X33Y8          CARRY4 (Prop_carry4_CI_O[0])
                                                      0.222     8.907 r  U_core/res0_i_84/O[0]
                         net (fo=1, routed)           0.432     9.339    U_core/num_reg[2][2]_2[3]
    SLICE_X31Y7          CARRY4 (Prop_carry4_S[3]_CO[3])
                                                      0.700    10.039 r  U_core/res0_i_47/CO[3]
                         net (fo=1, routed)           0.000    10.039    U_core/res0_i_47_n_0
    SLICE_X31Y8          CARRY4 (Prop_carry4_CI_O[0])
                                                      0.222    10.261 r  U_core/res0_i_46/O[0]
                         net (fo=1, routed)           0.440    10.701    U_core/res0_i_46_n_7
    SLICE_X32Y7          CARRY4 (Prop_carry4_S[3]_CO[3])
                                                      0.700    11.401 r  U_core/res0_i_7/CO[3]
                         net (fo=1, routed)           0.000    11.401    U_core/res0_i_7_n_0
    SLICE_X32Y8          CARRY4 (Prop_carry4_CI_O[0])
                                                      0.222    11.623 r  U_core/res0_i_6/O[0]
                         net (fo=193, routed)         0.820    12.443    U_core/res0_0[11]
    SLICE_X42Y7          LUT2 (Prop_lut2_I1_O)        0.299    12.742 r  U_core/isError_i_194/O
                         net (fo=1, routed)           0.000    12.742    U_core/isError_i_194_n_0
    SLICE_X42Y7          CARRY4 (Prop_carry4_S[0]_CO[3])
                                                      0.513    13.255 r  U_core/isError_reg_i_150/CO[3]
                         net (fo=1, routed)           0.000    13.255    U_core/isError_reg_i_150_n_0
    SLICE_X42Y8          CARRY4 (Prop_carry4_CI_CO[3])
                                                      0.117    13.372 r  U_core/isError_reg_i_107/CO[3]
                         net (fo=1, routed)           0.000    13.372    U_core/isError_reg_i_107_n_0
    SLICE_X42Y9          CARRY4 (Prop_carry4_CI_CO[3])
                                                      0.117    13.489 r  U_core/isError_reg_i_63/CO[3]
                         net (fo=1, routed)           0.000    13.489    U_core/isError_reg_i_63_n_0
    SLICE_X42Y10         CARRY4 (Prop_carry4_CI_CO[2])
                                                      0.229    13.718 r  U_core/isError_reg_i_52/CO[2]
                         net (fo=18, routed)          0.666    14.383    U_core/res1[13]
    SLICE_X41Y7          LUT3 (Prop_lut3_I0_O)        0.310    14.693 r  U_core/isError_i_187/O
                         net (fo=1, routed)           0.000    14.693    U_core/isError_i_187_n_0
    SLICE_X41Y7          CARRY4 (Prop_carry4_S[1]_CO[3])
                                                      0.550    15.243 r  U_core/isError_reg_i_145/CO[3]
                         net (fo=1, routed)           0.000    15.243    U_core/isError_reg_i_145_n_0
    SLICE_X41Y8          CARRY4 (Prop_carry4_CI_CO[3])
                                                      0.114    15.357 r  U_core/isError_reg_i_102/CO[3]
                         net (fo=1, routed)           0.000    15.357    U_core/isError_reg_i_102_n_0
    SLICE_X41Y9          CARRY4 (Prop_carry4_CI_CO[3])
                                                      0.114    15.471 r  U_core/isError_reg_i_58/CO[3]
                         net (fo=1, routed)           0.000    15.471    U_core/isError_reg_i_58_n_0
    SLICE_X41Y10         CARRY4 (Prop_carry4_CI_CO[3])
                                                      0.114    15.585 r  U_core/isError_reg_i_49/CO[3]
                         net (fo=18, routed)          1.031    16.616    U_core/res1[12]
    SLICE_X43Y6          LUT3 (Prop_lut3_I0_O)        0.124    16.740 r  U_core/isError_i_184/O
                         net (fo=1, routed)           0.000    16.740    U_core/isError_i_184_n_0
    SLICE_X43Y6          CARRY4 (Prop_carry4_S[1]_CO[3])
                                                      0.550    17.290 r  U_core/isError_reg_i_144/CO[3]
                         net (fo=1, routed)           0.000    17.290    U_core/isError_reg_i_144_n_0
    SLICE_X43Y7          CARRY4 (Prop_carry4_CI_CO[3])
                                                      0.114    17.404 r  U_core/isError_reg_i_101/CO[3]
                         net (fo=1, routed)           0.000    17.404    U_core/isError_reg_i_101_n_0
    SLICE_X43Y8          CARRY4 (Prop_carry4_CI_CO[3])
                                                      0.114    17.518 r  U_core/isError_reg_i_57/CO[3]
                         net (fo=1, routed)           0.000    17.518    U_core/isError_reg_i_57_n_0
    SLICE_X43Y9          CARRY4 (Prop_carry4_CI_CO[3])
                                                      0.114    17.632 r  U_core/isError_reg_i_48/CO[3]
                         net (fo=18, routed)          0.824    18.457    U_core/res1[11]
    SLICE_X43Y10         LUT3 (Prop_lut3_I0_O)        0.124    18.581 r  U_core/isError_i_203/O
                         net (fo=1, routed)           0.000    18.581    U_core/isError_i_203_n_0
    SLICE_X43Y10         CARRY4 (Prop_carry4_S[1]_CO[3])
                                                      0.550    19.131 r  U_core/isError_reg_i_169/CO[3]
                         net (fo=1, routed)           0.000    19.131    U_core/isError_reg_i_169_n_0
    SLICE_X43Y11         CARRY4 (Prop_carry4_CI_CO[3])
                                                      0.114    19.245 r  U_core/isError_reg_i_126/CO[3]
                         net (fo=1, routed)           0.000    19.245    U_core/isError_reg_i_126_n_0
    SLICE_X43Y12         CARRY4 (Prop_carry4_CI_CO[3])
                                                      0.114    19.359 r  U_core/isError_reg_i_74/CO[3]
                         net (fo=1, routed)           0.000    19.359    U_core/isError_reg_i_74_n_0
    SLICE_X43Y13         CARRY4 (Prop_carry4_CI_CO[3])
                                                      0.114    19.473 r  U_core/isError_reg_i_51/CO[3]
                         net (fo=18, routed)          0.868    20.341    U_core/res1[10]
    SLICE_X41Y11         LUT3 (Prop_lut3_I0_O)        0.124    20.465 r  U_core/isError_i_200/O
                         net (fo=1, routed)           0.000    20.465    U_core/isError_i_200_n_0
    SLICE_X41Y11         CARRY4 (Prop_carry4_S[1]_CO[3])
                                                      0.550    21.015 r  U_core/isError_reg_i_164/CO[3]
                         net (fo=1, routed)           0.000    21.015    U_core/isError_reg_i_164_n_0
    SLICE_X41Y12         CARRY4 (Prop_carry4_CI_CO[3])
                                                      0.114    21.129 r  U_core/isError_reg_i_121/CO[3]
                         net (fo=1, routed)           0.000    21.129    U_core/isError_reg_i_121_n_0
    SLICE_X41Y13         CARRY4 (Prop_carry4_CI_CO[3])
                                                      0.114    21.243 r  U_core/isError_reg_i_69/CO[3]
                         net (fo=1, routed)           0.000    21.243    U_core/isError_reg_i_69_n_0
    SLICE_X41Y14         CARRY4 (Prop_carry4_CI_CO[3])
                                                      0.114    21.357 r  U_core/isError_reg_i_53/CO[3]
                         net (fo=18, routed)          0.952    22.308    U_core/res1[9]
    SLICE_X40Y12         CARRY4 (Prop_carry4_CYINIT_CO[3])
                                                      0.580    22.888 r  U_core/isError_reg_i_163/CO[3]
                         net (fo=1, routed)           0.000    22.888    U_core/isError_reg_i_163_n_0
    SLICE_X40Y13         CARRY4 (Prop_carry4_CI_CO[3])
                                                      0.114    23.002 r  U_core/isError_reg_i_120/CO[3]
                         net (fo=1, routed)           0.000    23.002    U_core/isError_reg_i_120_n_0
    SLICE_X40Y14         CARRY4 (Prop_carry4_CI_CO[3])
                                                      0.114    23.116 r  U_core/isError_reg_i_68/CO[3]
                         net (fo=1, routed)           0.000    23.116    U_core/isError_reg_i_68_n_0
    SLICE_X40Y15         CARRY4 (Prop_carry4_CI_CO[3])
                                                      0.114    23.230 r  U_core/isError_reg_i_50/CO[3]
                         net (fo=18, routed)          0.866    24.096    U_core/res1[8]
    SLICE_X39Y14         LUT3 (Prop_lut3_I0_O)        0.124    24.220 r  U_core/num[0][3]_i_301/O
                         net (fo=1, routed)           0.000    24.220    U_core/num[0][3]_i_301_n_0
    SLICE_X39Y14         CARRY4 (Prop_carry4_S[1]_CO[3])
                                                      0.550    24.770 r  U_core/num_reg[0][3]_i_232/CO[3]
                         net (fo=1, routed)           0.000    24.770    U_core/num_reg[0][3]_i_232_n_0
    SLICE_X39Y15         CARRY4 (Prop_carry4_CI_CO[3])
                                                      0.114    24.884 r  U_core/isError_reg_i_135/CO[3]
                         net (fo=1, routed)           0.000    24.884    U_core/isError_reg_i_135_n_0
    SLICE_X39Y16         CARRY4 (Prop_carry4_CI_CO[3])
                                                      0.114    24.998 r  U_core/isError_reg_i_88/CO[3]
                         net (fo=1, routed)           0.000    24.998    U_core/isError_reg_i_88_n_0
    SLICE_X39Y17         CARRY4 (Prop_carry4_CI_CO[3])
                                                      0.114    25.112 r  U_core/isError_reg_i_55/CO[3]
                         net (fo=18, routed)          0.963    26.075    U_core/res1[7]
    SLICE_X38Y15         CARRY4 (Prop_carry4_CYINIT_CO[3])
                                                      0.595    26.670 r  U_core/num_reg[0][3]_i_179/CO[3]
                         net (fo=1, routed)           0.000    26.670    U_core/num_reg[0][3]_i_179_n_0
    SLICE_X38Y16         CARRY4 (Prop_carry4_CI_CO[3])
                                                      0.117    26.787 r  U_core/num_reg[0][3]_i_163/CO[3]
                         net (fo=1, routed)           0.000    26.787    U_core/num_reg[0][3]_i_163_n_0
    SLICE_X38Y17         CARRY4 (Prop_carry4_CI_CO[3])
                                                      0.117    26.904 r  U_core/isError_reg_i_87/CO[3]
                         net (fo=1, routed)           0.000    26.904    U_core/isError_reg_i_87_n_0
    SLICE_X38Y18         CARRY4 (Prop_carry4_CI_CO[3])
                                                      0.117    27.021 r  U_core/isError_reg_i_54/CO[3]
                         net (fo=18, routed)          1.114    28.136    U_core/res1[6]
    SLICE_X38Y11         LUT3 (Prop_lut3_I0_O)        0.124    28.260 r  U_core/num[0][3]_i_245/O
                         net (fo=1, routed)           0.000    28.260    U_core/num[0][3]_i_245_n_0
    SLICE_X38Y11         CARRY4 (Prop_carry4_S[1]_CO[3])
                                                      0.533    28.793 r  U_core/num_reg[0][3]_i_174/CO[3]
                         net (fo=1, routed)           0.000    28.793    U_core/num_reg[0][3]_i_174_n_0
    SLICE_X38Y12         CARRY4 (Prop_carry4_CI_CO[3])
                                                      0.117    28.910 r  U_core/num_reg[0][3]_i_106/CO[3]
                         net (fo=1, routed)           0.000    28.910    U_core/num_reg[0][3]_i_106_n_0
    SLICE_X38Y13         CARRY4 (Prop_carry4_CI_CO[3])
                                                      0.117    29.027 r  U_core/num_reg[0][3]_i_95/CO[3]
                         net (fo=1, routed)           0.000    29.027    U_core/num_reg[0][3]_i_95_n_0
    SLICE_X38Y14         CARRY4 (Prop_carry4_CI_CO[3])
                                                      0.117    29.144 r  U_core/isError_reg_i_56/CO[3]
                         net (fo=18, routed)          1.007    30.151    U_core/res1[5]
    SLICE_X37Y10         CARRY4 (Prop_carry4_CYINIT_CO[3])
                                                      0.580    30.731 r  U_core/num_reg[0][3]_i_169/CO[3]
                         net (fo=1, routed)           0.000    30.731    U_core/num_reg[0][3]_i_169_n_0
    SLICE_X37Y11         CARRY4 (Prop_carry4_CI_CO[3])
                                                      0.114    30.845 r  U_core/num_reg[0][3]_i_101/CO[3]
                         net (fo=1, routed)           0.000    30.845    U_core/num_reg[0][3]_i_101_n_0
    SLICE_X37Y12         CARRY4 (Prop_carry4_CI_CO[3])
                                                      0.114    30.959 r  U_core/num_reg[0][3]_i_58/CO[3]
                         net (fo=1, routed)           0.000    30.959    U_core/num_reg[0][3]_i_58_n_0
    SLICE_X37Y13         CARRY4 (Prop_carry4_CI_CO[3])
                                                      0.114    31.073 r  U_core/num_reg[0][3]_i_51/CO[3]
                         net (fo=18, routed)          1.102    32.175    U_core/res1[4]
    SLICE_X36Y10         CARRY4 (Prop_carry4_CYINIT_CO[3])
                                                      0.580    32.755 r  U_core/num_reg[0][3]_i_168/CO[3]
                         net (fo=1, routed)           0.000    32.755    U_core/num_reg[0][3]_i_168_n_0
    SLICE_X36Y11         CARRY4 (Prop_carry4_CI_CO[3])
                                                      0.114    32.869 r  U_core/num_reg[0][3]_i_100/CO[3]
                         net (fo=1, routed)           0.000    32.869    U_core/num_reg[0][3]_i_100_n_0
    SLICE_X36Y12         CARRY4 (Prop_carry4_CI_CO[3])
                                                      0.114    32.983 r  U_core/num_reg[0][3]_i_57/CO[3]
                         net (fo=1, routed)           0.000    32.983    U_core/num_reg[0][3]_i_57_n_0
    SLICE_X36Y13         CARRY4 (Prop_carry4_CI_CO[3])
                                                      0.114    33.097 r  U_core/num_reg[0][3]_i_34/CO[3]
                         net (fo=18, routed)          1.149    34.246    U_core/res1[3]
    SLICE_X34Y9          CARRY4 (Prop_carry4_CYINIT_CO[3])
                                                      0.595    34.841 r  U_core/num_reg[0][3]_i_184/CO[3]
                         net (fo=1, routed)           0.000    34.841    U_core/num_reg[0][3]_i_184_n_0
    SLICE_X34Y10         CARRY4 (Prop_carry4_CI_CO[3])
                                                      0.117    34.958 r  U_core/num_reg[0][3]_i_111/CO[3]
                         net (fo=1, routed)           0.000    34.958    U_core/num_reg[0][3]_i_111_n_0
    SLICE_X34Y11         CARRY4 (Prop_carry4_CI_CO[3])
                                                      0.117    35.075 r  U_core/num_reg[0][3]_i_66/CO[3]
                         net (fo=1, routed)           0.000    35.075    U_core/num_reg[0][3]_i_66_n_0
    SLICE_X34Y12         CARRY4 (Prop_carry4_CI_CO[3])
                                                      0.117    35.192 r  U_core/num_reg[0][3]_i_36/CO[3]
                         net (fo=18, routed)          1.100    36.292    U_core/res1[2]
    SLICE_X32Y9          LUT4 (Prop_lut4_I0_O)        0.124    36.416 r  U_core/num[0][3]_i_255/O
                         net (fo=1, routed)           0.000    36.416    U_core/num[0][3]_i_255_n_0
    SLICE_X32Y9          CARRY4 (Prop_carry4_S[1]_CO[3])
                                                      0.550    36.966 r  U_core/num_reg[0][3]_i_189/CO[3]
                         net (fo=1, routed)           0.000    36.966    U_core/num_reg[0][3]_i_189_n_0
    SLICE_X32Y10         CARRY4 (Prop_carry4_CI_CO[3])
                                                      0.114    37.080 r  U_core/num_reg[0][3]_i_116/CO[3]
                         net (fo=1, routed)           0.000    37.080    U_core/num_reg[0][3]_i_116_n_0
    SLICE_X32Y11         CARRY4 (Prop_carry4_CI_CO[3])
                                                      0.114    37.194 r  U_core/num_reg[0][3]_i_71/CO[3]
                         net (fo=1, routed)           0.000    37.194    U_core/num_reg[0][3]_i_71_n_0
    SLICE_X32Y12         CARRY4 (Prop_carry4_CI_CO[3])
                                                      0.114    37.308 r  U_core/num_reg[0][3]_i_37/CO[3]
                         net (fo=18, routed)          1.138    38.446    U_core/res1[1]
    SLICE_X28Y8          LUT3 (Prop_lut3_I0_O)        0.124    38.570 r  U_core/num[0][3]_i_259/O
                         net (fo=1, routed)           0.000    38.570    U_core/num[0][3]_i_259_n_0
    SLICE_X28Y8          CARRY4 (Prop_carry4_S[0]_CO[3])
                                                      0.532    39.102 r  U_core/num_reg[0][3]_i_194/CO[3]
                         net (fo=1, routed)           0.000    39.102    U_core/num_reg[0][3]_i_194_n_0
    SLICE_X28Y9          CARRY4 (Prop_carry4_CI_CO[3])
                                                      0.114    39.216 r  U_core/num_reg[0][3]_i_121/CO[3]
                         net (fo=1, routed)           0.000    39.216    U_core/num_reg[0][3]_i_121_n_0
    SLICE_X28Y10         CARRY4 (Prop_carry4_CI_CO[3])
                                                      0.114    39.330 r  U_core/num_reg[0][3]_i_76/CO[3]
                         net (fo=1, routed)           0.000    39.330    U_core/num_reg[0][3]_i_76_n_0
    SLICE_X28Y11         CARRY4 (Prop_carry4_CI_CO[2])
                                                      0.228    39.558 r  U_core/num_reg[0][3]_i_38/CO[2]
                         net (fo=1, routed)           0.586    40.144    U_core/res1[0]
    SLICE_X28Y14         LUT6 (Prop_lut6_I4_O)        0.313    40.457 r  U_core/num[0][3]_i_21/O
                         net (fo=12, routed)          0.196    40.653    U_core/num[0][3]_i_21_n_0
    SLICE_X28Y14         LUT5 (Prop_lut5_I4_O)        0.124    40.777 r  U_core/num[0][3]_i_10/O
                         net (fo=59, routed)          0.799    41.576    U_core/num[0][3]_i_10_n_0
    SLICE_X31Y21         LUT3 (Prop_lut3_I1_O)        0.124    41.700 r  U_core/num[3][1]_i_290/O
                         net (fo=1, routed)           0.379    42.079    U_core/num[3][1]_i_290_n_0
    SLICE_X30Y21         CARRY4 (Prop_carry4_DI[3]_CO[3])
                                                      0.396    42.475 r  U_core/num_reg[3][1]_i_240/CO[3]
                         net (fo=1, routed)           0.000    42.475    U_core/num_reg[3][1]_i_240_n_0
    SLICE_X30Y22         CARRY4 (Prop_carry4_CI_CO[3])
                                                      0.117    42.592 r  U_core/num_reg[3][1]_i_165/CO[3]
                         net (fo=1, routed)           0.000    42.592    U_core/num_reg[3][1]_i_165_n_0
    SLICE_X30Y23         CARRY4 (Prop_carry4_CI_CO[3])
                                                      0.117    42.709 r  U_core/num_reg[3][1]_i_84/CO[3]
                         net (fo=1, routed)           0.000    42.709    U_core/num_reg[3][1]_i_84_n_0
    SLICE_X30Y24         CARRY4 (Prop_carry4_CI_CO[3])
                                                      0.117    42.826 r  U_core/num_reg[3][1]_i_43/CO[3]
                         net (fo=1, routed)           0.009    42.835    U_core/num_reg[3][1]_i_43_n_0
    SLICE_X30Y25         CARRY4 (Prop_carry4_CI_O[3])
                                                      0.315    43.150 r  U_core/num_reg[3][1]_i_41/O[3]
                         net (fo=2, routed)           0.763    43.913    U_core/num_reg[3][1]_i_41_n_4
    SLICE_X29Y24         LUT3 (Prop_lut3_I2_O)        0.332    44.245 r  U_core/num[3][3]_i_29/O
                         net (fo=2, routed)           0.616    44.861    U_core/num[3][3]_i_29_n_0
    SLICE_X29Y25         LUT4 (Prop_lut4_I3_O)        0.332    45.193 r  U_core/num[3][3]_i_33/O
                         net (fo=1, routed)           0.000    45.193    U_core/num[3][3]_i_33_n_0
    SLICE_X29Y25         CARRY4 (Prop_carry4_S[0]_CO[3])
                                                      0.532    45.725 r  U_core/num_reg[3][3]_i_19/CO[3]
                         net (fo=1, routed)           0.000    45.725    U_core/num_reg[3][3]_i_19_n_0
    SLICE_X29Y26         CARRY4 (Prop_carry4_CI_O[1])
                                                      0.334    46.059 r  U_core/num_reg[3][3]_i_50/O[1]
                         net (fo=18, routed)          0.986    47.045    U_core_n_297
    SLICE_X31Y29         LUT3 (Prop_lut3_I1_O)        0.303    47.348 r  num[3][1]_i_305/O
                         net (fo=1, routed)           0.472    47.821    num[3][1]_i_305_n_0
    SLICE_X31Y25         CARRY4 (Prop_carry4_DI[3]_CO[3])
                                                      0.385    48.206 r  num_reg[3][1]_i_258/CO[3]
                         net (fo=1, routed)           0.000    48.206    num_reg[3][1]_i_258_n_0
    SLICE_X31Y26         CARRY4 (Prop_carry4_CI_O[1])
                                                      0.334    48.540 r  num_reg[3][1]_i_199/O[1]
                         net (fo=3, routed)           0.680    49.220    num_reg[3][1]_i_199_n_6
    SLICE_X32Y27         LUT3 (Prop_lut3_I2_O)        0.303    49.523 r  num[3][1]_i_133/O
                         net (fo=1, routed)           0.473    49.995    num[3][1]_i_133_n_0
    SLICE_X33Y26         CARRY4 (Prop_carry4_DI[0]_CO[3])
                                                      0.526    50.521 r  num_reg[3][1]_i_54/CO[3]
                         net (fo=1, routed)           0.000    50.521    num_reg[3][1]_i_54_n_0
    SLICE_X33Y27         CARRY4 (Prop_carry4_CI_O[1])
                                                      0.334    50.855 r  num_reg[3][1]_i_22/O[1]
                         net (fo=3, routed)           0.529    51.385    U_core/res0_47[1]
    SLICE_X35Y26         LUT6 (Prop_lut6_I0_O)        0.303    51.688 r  U_core/num[3][1]_i_67/O
                         net (fo=1, routed)           0.330    52.018    U_core/num[3][1]_i_67_n_0
    SLICE_X34Y26         CARRY4 (Prop_carry4_DI[2]_CO[3])
                                                      0.404    52.422 r  U_core/num_reg[3][1]_i_24/CO[3]
                         net (fo=1, routed)           0.000    52.422    U_core/num_reg[3][1]_i_24_n_0
    SLICE_X34Y27         CARRY4 (Prop_carry4_CI_CO[0])
                                                      0.254    52.676 r  U_core/num_reg[3][1]_i_9/CO[0]
                         net (fo=20, routed)          0.711    53.386    U_core/num_reg[3][1]_i_9_n_3
    SLICE_X36Y26         LUT5 (Prop_lut5_I3_O)        0.367    53.753 r  U_core/num[3][3]_i_117/O
                         net (fo=2, routed)           0.431    54.184    U_core/num[3][3]_i_117_n_0
    SLICE_X36Y26         LUT6 (Prop_lut6_I2_O)        0.124    54.308 r  U_core/num[3][3]_i_114/O
                         net (fo=2, routed)           0.647    54.955    U_core/num[3][3]_i_114_n_0
    SLICE_X36Y27         LUT5 (Prop_lut5_I1_O)        0.152    55.107 r  U_core/num[3][3]_i_107/O
                         net (fo=1, routed)           0.356    55.463    U_core/num[3][3]_i_107_n_0
    SLICE_X36Y27         LUT6 (Prop_lut6_I5_O)        0.332    55.795 r  U_core/num[3][3]_i_92/O
                         net (fo=3, routed)           0.984    56.779    U_core/num[3][3]_i_92_n_0
    SLICE_X37Y27         LUT5 (Prop_lut5_I1_O)        0.150    56.929 r  U_core/num[3][3]_i_88/O
                         net (fo=1, routed)           0.444    57.373    U_core/num[3][3]_i_88_n_0
    SLICE_X39Y25         LUT6 (Prop_lut6_I5_O)        0.326    57.699 r  U_core/num[3][3]_i_67/O
                         net (fo=3, routed)           0.840    58.539    U_core/num[3][3]_i_67_n_0
    SLICE_X38Y24         LUT5 (Prop_lut5_I1_O)        0.150    58.689 r  U_core/num[3][3]_i_53/O
                         net (fo=1, routed)           0.452    59.141    U_core/num[3][3]_i_53_n_0
    SLICE_X38Y24         LUT6 (Prop_lut6_I5_O)        0.328    59.469 r  U_core/num[3][3]_i_39/O
                         net (fo=3, routed)           0.806    60.275    U_core/num[3][3]_i_39_n_0
    SLICE_X38Y22         LUT6 (Prop_lut6_I4_O)        0.124    60.399 r  U_core/num[3][3]_i_24/O
                         net (fo=3, routed)           0.323    60.722    U_core/num[3][3]_i_24_n_0
    SLICE_X38Y21         LUT6 (Prop_lut6_I2_O)        0.124    60.846 r  U_core/num[3][3]_i_21/O
                         net (fo=3, routed)           0.478    61.324    U_core/num[3][3]_i_21_n_0
    SLICE_X38Y21         LUT6 (Prop_lut6_I2_O)        0.124    61.448 r  U_core/num[3][3]_i_13/O
                         net (fo=3, routed)           0.329    61.777    U_core/num[3][3]_i_13_n_0
    SLICE_X38Y20         LUT6 (Prop_lut6_I2_O)        0.124    61.901 r  U_core/num[3][3]_i_11/O
                         net (fo=3, routed)           0.879    62.780    U_core/num[3][3]_i_11_n_0
    SLICE_X36Y6          LUT6 (Prop_lut6_I2_O)        0.124    62.904 r  U_core/num[3][3]_i_5/O
                         net (fo=3, routed)           0.442    63.346    U_core/num[3][3]_i_5_n_0
    SLICE_X37Y7          LUT6 (Prop_lut6_I4_O)        0.124    63.470 r  U_core/num[3][1]_i_1/O
                         net (fo=1, routed)           0.000    63.470    U_core/num[3][1]_i_1_n_0
    SLICE_X37Y7          FDCE                                         r  U_core/num_reg[3][1]/D
  -------------------------------------------------------------------    -------------------

                         (clock sys_clk_pin rise edge)
                                                     10.000    10.000 r  
    W5                                                0.000    10.000 r  clk (IN)
                         net (fo=0)                   0.000    10.000    clk
    W5                   IBUF (Prop_ibuf_I_O)         1.388    11.388 r  clk_IBUF_inst/O
                         net (fo=1, routed)           1.862    13.250    clk_IBUF
    BUFGCTRL_X0Y0        BUFG (Prop_bufg_I_O)         0.091    13.341 r  clk_IBUF_BUFG_inst/O
                         net (fo=104, routed)         1.444    14.785    U_core/clk_IBUF_BUFG
    SLICE_X37Y7          FDCE                                         r  U_core/num_reg[3][1]/C
                         clock pessimism              0.275    15.060    
                         clock uncertainty           -0.035    15.025    
    SLICE_X37Y7          FDCE (Setup_fdce_C_D)        0.029    15.054    U_core/num_reg[3][1]
  -------------------------------------------------------------------
                         required time                         15.054    
                         arrival time                         -63.470    
  -------------------------------------------------------------------
                         slack                                -48.416    

Slack (VIOLATED) :        -47.974ns  (required time - arrival time)
  Source:                 U_core/num_reg[3][0]/C
                            (rising edge-triggered cell FDCE clocked by sys_clk_pin  {rise@0.000ns fall@5.000ns period=10.000ns})
  Destination:            U_core/num_reg[1][3]/D
                            (rising edge-triggered cell FDCE clocked by sys_clk_pin  {rise@0.000ns fall@5.000ns period=10.000ns})
  Path Group:             sys_clk_pin
  Path Type:              Setup (Max at Slow Process Corner)
  Requirement:            10.000ns  (sys_clk_pin rise@10.000ns - sys_clk_pin rise@0.000ns)
  Data Path Delay:        57.847ns  (logic 29.166ns (50.419%)  route 28.681ns (49.581%))
  Logic Levels:           114  (CARRY4=87 LUT2=4 LUT3=10 LUT4=4 LUT5=4 LUT6=5)
  Clock Path Skew:        -0.120ns (DCD - SCD + CPR)
    Destination Clock Delay (DCD):    4.777ns = ( 14.777 - 10.000 ) 
    Source Clock Delay      (SCD):    5.085ns
    Clock Pessimism Removal (CPR):    0.188ns
  Clock Uncertainty:      0.035ns  ((TSJ^2 + TIJ^2)^1/2 + DJ) / 2 + PE
    Total System Jitter     (TSJ):    0.071ns
    Total Input Jitter      (TIJ):    0.000ns
    Discrete Jitter          (DJ):    0.000ns
    Phase Error              (PE):    0.000ns

    Location             Delay type                Incr(ns)  Path(ns)    Netlist Resource(s)
  -------------------------------------------------------------------    -------------------
                         (clock sys_clk_pin rise edge)
                                                      0.000     0.000 r  
    W5                                                0.000     0.000 r  clk (IN)
                         net (fo=0)                   0.000     0.000    clk
    W5                   IBUF (Prop_ibuf_I_O)         1.458     1.458 r  clk_IBUF_inst/O
                         net (fo=1, routed)           1.967     3.425    clk_IBUF
    BUFGCTRL_X0Y0        BUFG (Prop_bufg_I_O)         0.096     3.521 r  clk_IBUF_BUFG_inst/O
                         net (fo=104, routed)         1.564     5.085    U_core/clk_IBUF_BUFG
    SLICE_X37Y8          FDCE                                         r  U_core/num_reg[3][0]/C
  -------------------------------------------------------------------    -------------------
    SLICE_X37Y8          FDCE (Prop_fdce_C_Q)         0.456     5.541 r  U_core/num_reg[3][0]/Q
                         net (fo=8, routed)           0.844     6.386    U_core/num_reg_n_0_[3][0]
    SLICE_X36Y7          LUT4 (Prop_lut4_I0_O)        0.124     6.510 r  U_core/res0_i_151/O
                         net (fo=1, routed)           0.000     6.510    U_core/res0_i_151_n_0
    SLICE_X36Y7          CARRY4 (Prop_carry4_S[1]_CO[3])
                                                      0.550     7.060 r  U_core/res0_i_132/CO[3]
                         net (fo=1, routed)           0.000     7.060    U_core/res0_i_132_n_0
    SLICE_X36Y8          CARRY4 (Prop_carry4_CI_O[1])
                                                      0.334     7.394 r  U_core/res0_i_124/O[1]
                         net (fo=1, routed)           0.588     7.981    value10[10]
    SLICE_X33Y7          LUT2 (Prop_lut2_I1_O)        0.303     8.284 r  res0_i_105/O
                         net (fo=1, routed)           0.000     8.284    U_core/num_reg[2][2]_1[3]
    SLICE_X33Y7          CARRY4 (Prop_carry4_S[3]_CO[3])
                                                      0.401     8.685 r  U_core/res0_i_85/CO[3]
                         net (fo=1, routed)           0.000     8.685    U_core/res0_i_85_n_0
    SLICE_X33Y8          CARRY4 (Prop_carry4_CI_O[0])
                                                      0.222     8.907 r  U_core/res0_i_84/O[0]
                         net (fo=1, routed)           0.432     9.339    U_core/num_reg[2][2]_2[3]
    SLICE_X31Y7          CARRY4 (Prop_carry4_S[3]_CO[3])
                                                      0.700    10.039 r  U_core/res0_i_47/CO[3]
                         net (fo=1, routed)           0.000    10.039    U_core/res0_i_47_n_0
    SLICE_X31Y8          CARRY4 (Prop_carry4_CI_O[0])
                                                      0.222    10.261 r  U_core/res0_i_46/O[0]
                         net (fo=1, routed)           0.440    10.701    U_core/res0_i_46_n_7
    SLICE_X32Y7          CARRY4 (Prop_carry4_S[3]_CO[3])
                                                      0.700    11.401 r  U_core/res0_i_7/CO[3]
                         net (fo=1, routed)           0.000    11.401    U_core/res0_i_7_n_0
    SLICE_X32Y8          CARRY4 (Prop_carry4_CI_O[0])
                                                      0.222    11.623 r  U_core/res0_i_6/O[0]
                         net (fo=193, routed)         0.820    12.443    U_core/res0_0[11]
    SLICE_X42Y7          LUT2 (Prop_lut2_I1_O)        0.299    12.742 r  U_core/isError_i_194/O
                         net (fo=1, routed)           0.000    12.742    U_core/isError_i_194_n_0
    SLICE_X42Y7          CARRY4 (Prop_carry4_S[0]_CO[3])
                                                      0.513    13.255 r  U_core/isError_reg_i_150/CO[3]
                         net (fo=1, routed)           0.000    13.255    U_core/isError_reg_i_150_n_0
    SLICE_X42Y8          CARRY4 (Prop_carry4_CI_CO[3])
                                                      0.117    13.372 r  U_core/isError_reg_i_107/CO[3]
                         net (fo=1, routed)           0.000    13.372    U_core/isError_reg_i_107_n_0
    SLICE_X42Y9          CARRY4 (Prop_carry4_CI_CO[3])
                                                      0.117    13.489 r  U_core/isError_reg_i_63/CO[3]
                         net (fo=1, routed)           0.000    13.489    U_core/isError_reg_i_63_n_0
    SLICE_X42Y10         CARRY4 (Prop_carry4_CI_CO[2])
                                                      0.229    13.718 r  U_core/isError_reg_i_52/CO[2]
                         net (fo=18, routed)          0.666    14.383    U_core/res1[13]
    SLICE_X41Y7          LUT3 (Prop_lut3_I0_O)        0.310    14.693 r  U_core/isError_i_187/O
                         net (fo=1, routed)           0.000    14.693    U_core/isError_i_187_n_0
    SLICE_X41Y7          CARRY4 (Prop_carry4_S[1]_CO[3])
                                                      0.550    15.243 r  U_core/isError_reg_i_145/CO[3]
                         net (fo=1, routed)           0.000    15.243    U_core/isError_reg_i_145_n_0
    SLICE_X41Y8          CARRY4 (Prop_carry4_CI_CO[3])
                                                      0.114    15.357 r  U_core/isError_reg_i_102/CO[3]
                         net (fo=1, routed)           0.000    15.357    U_core/isError_reg_i_102_n_0
    SLICE_X41Y9          CARRY4 (Prop_carry4_CI_CO[3])
                                                      0.114    15.471 r  U_core/isError_reg_i_58/CO[3]
                         net (fo=1, routed)           0.000    15.471    U_core/isError_reg_i_58_n_0
    SLICE_X41Y10         CARRY4 (Prop_carry4_CI_CO[3])
                                                      0.114    15.585 r  U_core/isError_reg_i_49/CO[3]
                         net (fo=18, routed)          1.031    16.616    U_core/res1[12]
    SLICE_X43Y6          LUT3 (Prop_lut3_I0_O)        0.124    16.740 r  U_core/isError_i_184/O
                         net (fo=1, routed)           0.000    16.740    U_core/isError_i_184_n_0
    SLICE_X43Y6          CARRY4 (Prop_carry4_S[1]_CO[3])
                                                      0.550    17.290 r  U_core/isError_reg_i_144/CO[3]
                         net (fo=1, routed)           0.000    17.290    U_core/isError_reg_i_144_n_0
    SLICE_X43Y7          CARRY4 (Prop_carry4_CI_CO[3])
                                                      0.114    17.404 r  U_core/isError_reg_i_101/CO[3]
                         net (fo=1, routed)           0.000    17.404    U_core/isError_reg_i_101_n_0
    SLICE_X43Y8          CARRY4 (Prop_carry4_CI_CO[3])
                                                      0.114    17.518 r  U_core/isError_reg_i_57/CO[3]
                         net (fo=1, routed)           0.000    17.518    U_core/isError_reg_i_57_n_0
    SLICE_X43Y9          CARRY4 (Prop_carry4_CI_CO[3])
                                                      0.114    17.632 r  U_core/isError_reg_i_48/CO[3]
                         net (fo=18, routed)          0.824    18.457    U_core/res1[11]
    SLICE_X43Y10         LUT3 (Prop_lut3_I0_O)        0.124    18.581 r  U_core/isError_i_203/O
                         net (fo=1, routed)           0.000    18.581    U_core/isError_i_203_n_0
    SLICE_X43Y10         CARRY4 (Prop_carry4_S[1]_CO[3])
                                                      0.550    19.131 r  U_core/isError_reg_i_169/CO[3]
                         net (fo=1, routed)           0.000    19.131    U_core/isError_reg_i_169_n_0
    SLICE_X43Y11         CARRY4 (Prop_carry4_CI_CO[3])
                                                      0.114    19.245 r  U_core/isError_reg_i_126/CO[3]
                         net (fo=1, routed)           0.000    19.245    U_core/isError_reg_i_126_n_0
    SLICE_X43Y12         CARRY4 (Prop_carry4_CI_CO[3])
                                                      0.114    19.359 r  U_core/isError_reg_i_74/CO[3]
                         net (fo=1, routed)           0.000    19.359    U_core/isError_reg_i_74_n_0
    SLICE_X43Y13         CARRY4 (Prop_carry4_CI_CO[3])
                                                      0.114    19.473 r  U_core/isError_reg_i_51/CO[3]
                         net (fo=18, routed)          0.868    20.341    U_core/res1[10]
    SLICE_X41Y11         LUT3 (Prop_lut3_I0_O)        0.124    20.465 r  U_core/isError_i_200/O
                         net (fo=1, routed)           0.000    20.465    U_core/isError_i_200_n_0
    SLICE_X41Y11         CARRY4 (Prop_carry4_S[1]_CO[3])
                                                      0.550    21.015 r  U_core/isError_reg_i_164/CO[3]
                         net (fo=1, routed)           0.000    21.015    U_core/isError_reg_i_164_n_0
    SLICE_X41Y12         CARRY4 (Prop_carry4_CI_CO[3])
                                                      0.114    21.129 r  U_core/isError_reg_i_121/CO[3]
                         net (fo=1, routed)           0.000    21.129    U_core/isError_reg_i_121_n_0
    SLICE_X41Y13         CARRY4 (Prop_carry4_CI_CO[3])
                                                      0.114    21.243 r  U_core/isError_reg_i_69/CO[3]
                         net (fo=1, routed)           0.000    21.243    U_core/isError_reg_i_69_n_0
    SLICE_X41Y14         CARRY4 (Prop_carry4_CI_CO[3])
                                                      0.114    21.357 r  U_core/isError_reg_i_53/CO[3]
                         net (fo=18, routed)          0.952    22.308    U_core/res1[9]
    SLICE_X40Y12         CARRY4 (Prop_carry4_CYINIT_CO[3])
                                                      0.580    22.888 r  U_core/isError_reg_i_163/CO[3]
                         net (fo=1, routed)           0.000    22.888    U_core/isError_reg_i_163_n_0
    SLICE_X40Y13         CARRY4 (Prop_carry4_CI_CO[3])
                                                      0.114    23.002 r  U_core/isError_reg_i_120/CO[3]
                         net (fo=1, routed)           0.000    23.002    U_core/isError_reg_i_120_n_0
    SLICE_X40Y14         CARRY4 (Prop_carry4_CI_CO[3])
                                                      0.114    23.116 r  U_core/isError_reg_i_68/CO[3]
                         net (fo=1, routed)           0.000    23.116    U_core/isError_reg_i_68_n_0
    SLICE_X40Y15         CARRY4 (Prop_carry4_CI_CO[3])
                                                      0.114    23.230 r  U_core/isError_reg_i_50/CO[3]
                         net (fo=18, routed)          0.866    24.096    U_core/res1[8]
    SLICE_X39Y14         LUT3 (Prop_lut3_I0_O)        0.124    24.220 r  U_core/num[0][3]_i_301/O
                         net (fo=1, routed)           0.000    24.220    U_core/num[0][3]_i_301_n_0
    SLICE_X39Y14         CARRY4 (Prop_carry4_S[1]_CO[3])
                                                      0.550    24.770 r  U_core/num_reg[0][3]_i_232/CO[3]
                         net (fo=1, routed)           0.000    24.770    U_core/num_reg[0][3]_i_232_n_0
    SLICE_X39Y15         CARRY4 (Prop_carry4_CI_CO[3])
                                                      0.114    24.884 r  U_core/isError_reg_i_135/CO[3]
                         net (fo=1, routed)           0.000    24.884    U_core/isError_reg_i_135_n_0
    SLICE_X39Y16         CARRY4 (Prop_carry4_CI_CO[3])
                                                      0.114    24.998 r  U_core/isError_reg_i_88/CO[3]
                         net (fo=1, routed)           0.000    24.998    U_core/isError_reg_i_88_n_0
    SLICE_X39Y17         CARRY4 (Prop_carry4_CI_CO[3])
                                                      0.114    25.112 r  U_core/isError_reg_i_55/CO[3]
                         net (fo=18, routed)          0.963    26.075    U_core/res1[7]
    SLICE_X38Y15         CARRY4 (Prop_carry4_CYINIT_CO[3])
                                                      0.595    26.670 r  U_core/num_reg[0][3]_i_179/CO[3]
                         net (fo=1, routed)           0.000    26.670    U_core/num_reg[0][3]_i_179_n_0
    SLICE_X38Y16         CARRY4 (Prop_carry4_CI_CO[3])
                                                      0.117    26.787 r  U_core/num_reg[0][3]_i_163/CO[3]
                         net (fo=1, routed)           0.000    26.787    U_core/num_reg[0][3]_i_163_n_0
    SLICE_X38Y17         CARRY4 (Prop_carry4_CI_CO[3])
                                                      0.117    26.904 r  U_core/isError_reg_i_87/CO[3]
                         net (fo=1, routed)           0.000    26.904    U_core/isError_reg_i_87_n_0
    SLICE_X38Y18         CARRY4 (Prop_carry4_CI_CO[3])
                                                      0.117    27.021 r  U_core/isError_reg_i_54/CO[3]
                         net (fo=18, routed)          1.114    28.136    U_core/res1[6]
    SLICE_X38Y11         LUT3 (Prop_lut3_I0_O)        0.124    28.260 r  U_core/num[0][3]_i_245/O
                         net (fo=1, routed)           0.000    28.260    U_core/num[0][3]_i_245_n_0
    SLICE_X38Y11         CARRY4 (Prop_carry4_S[1]_CO[3])
                                                      0.533    28.793 r  U_core/num_reg[0][3]_i_174/CO[3]
                         net (fo=1, routed)           0.000    28.793    U_core/num_reg[0][3]_i_174_n_0
    SLICE_X38Y12         CARRY4 (Prop_carry4_CI_CO[3])
                                                      0.117    28.910 r  U_core/num_reg[0][3]_i_106/CO[3]
                         net (fo=1, routed)           0.000    28.910    U_core/num_reg[0][3]_i_106_n_0
    SLICE_X38Y13         CARRY4 (Prop_carry4_CI_CO[3])
                                                      0.117    29.027 r  U_core/num_reg[0][3]_i_95/CO[3]
                         net (fo=1, routed)           0.000    29.027    U_core/num_reg[0][3]_i_95_n_0
    SLICE_X38Y14         CARRY4 (Prop_carry4_CI_CO[3])
                                                      0.117    29.144 r  U_core/isError_reg_i_56/CO[3]
                         net (fo=18, routed)          1.007    30.151    U_core/res1[5]
    SLICE_X37Y10         CARRY4 (Prop_carry4_CYINIT_CO[3])
                                                      0.580    30.731 r  U_core/num_reg[0][3]_i_169/CO[3]
                         net (fo=1, routed)           0.000    30.731    U_core/num_reg[0][3]_i_169_n_0
    SLICE_X37Y11         CARRY4 (Prop_carry4_CI_CO[3])
                                                      0.114    30.845 r  U_core/num_reg[0][3]_i_101/CO[3]
                         net (fo=1, routed)           0.000    30.845    U_core/num_reg[0][3]_i_101_n_0
    SLICE_X37Y12         CARRY4 (Prop_carry4_CI_CO[3])
                                                      0.114    30.959 r  U_core/num_reg[0][3]_i_58/CO[3]
                         net (fo=1, routed)           0.000    30.959    U_core/num_reg[0][3]_i_58_n_0
    SLICE_X37Y13         CARRY4 (Prop_carry4_CI_CO[3])
                                                      0.114    31.073 r  U_core/num_reg[0][3]_i_51/CO[3]
                         net (fo=18, routed)          1.102    32.175    U_core/res1[4]
    SLICE_X36Y10         CARRY4 (Prop_carry4_CYINIT_CO[3])
                                                      0.580    32.755 r  U_core/num_reg[0][3]_i_168/CO[3]
                         net (fo=1, routed)           0.000    32.755    U_core/num_reg[0][3]_i_168_n_0
    SLICE_X36Y11         CARRY4 (Prop_carry4_CI_CO[3])
                                                      0.114    32.869 r  U_core/num_reg[0][3]_i_100/CO[3]
                         net (fo=1, routed)           0.000    32.869    U_core/num_reg[0][3]_i_100_n_0
    SLICE_X36Y12         CARRY4 (Prop_carry4_CI_CO[3])
                                                      0.114    32.983 r  U_core/num_reg[0][3]_i_57/CO[3]
                         net (fo=1, routed)           0.000    32.983    U_core/num_reg[0][3]_i_57_n_0
    SLICE_X36Y13         CARRY4 (Prop_carry4_CI_CO[3])
                                                      0.114    33.097 r  U_core/num_reg[0][3]_i_34/CO[3]
                         net (fo=18, routed)          1.149    34.246    U_core/res1[3]
    SLICE_X34Y9          CARRY4 (Prop_carry4_CYINIT_CO[3])
                                                      0.595    34.841 r  U_core/num_reg[0][3]_i_184/CO[3]
                         net (fo=1, routed)           0.000    34.841    U_core/num_reg[0][3]_i_184_n_0
    SLICE_X34Y10         CARRY4 (Prop_carry4_CI_CO[3])
                                                      0.117    34.958 r  U_core/num_reg[0][3]_i_111/CO[3]
                         net (fo=1, routed)           0.000    34.958    U_core/num_reg[0][3]_i_111_n_0
    SLICE_X34Y11         CARRY4 (Prop_carry4_CI_CO[3])
                                                      0.117    35.075 r  U_core/num_reg[0][3]_i_66/CO[3]
                         net (fo=1, routed)           0.000    35.075    U_core/num_reg[0][3]_i_66_n_0
    SLICE_X34Y12         CARRY4 (Prop_carry4_CI_CO[3])
                                                      0.117    35.192 r  U_core/num_reg[0][3]_i_36/CO[3]
                         net (fo=18, routed)          1.100    36.292    U_core/res1[2]
    SLICE_X32Y9          LUT4 (Prop_lut4_I0_O)        0.124    36.416 r  U_core/num[0][3]_i_255/O
                         net (fo=1, routed)           0.000    36.416    U_core/num[0][3]_i_255_n_0
    SLICE_X32Y9          CARRY4 (Prop_carry4_S[1]_CO[3])
                                                      0.550    36.966 r  U_core/num_reg[0][3]_i_189/CO[3]
                         net (fo=1, routed)           0.000    36.966    U_core/num_reg[0][3]_i_189_n_0
    SLICE_X32Y10         CARRY4 (Prop_carry4_CI_CO[3])
                                                      0.114    37.080 r  U_core/num_reg[0][3]_i_116/CO[3]
                         net (fo=1, routed)           0.000    37.080    U_core/num_reg[0][3]_i_116_n_0
    SLICE_X32Y11         CARRY4 (Prop_carry4_CI_CO[3])
                                                      0.114    37.194 r  U_core/num_reg[0][3]_i_71/CO[3]
                         net (fo=1, routed)           0.000    37.194    U_core/num_reg[0][3]_i_71_n_0
    SLICE_X32Y12         CARRY4 (Prop_carry4_CI_CO[3])
                                                      0.114    37.308 r  U_core/num_reg[0][3]_i_37/CO[3]
                         net (fo=18, routed)          1.138    38.446    U_core/res1[1]
    SLICE_X28Y8          LUT3 (Prop_lut3_I0_O)        0.124    38.570 r  U_core/num[0][3]_i_259/O
                         net (fo=1, routed)           0.000    38.570    U_core/num[0][3]_i_259_n_0
    SLICE_X28Y8          CARRY4 (Prop_carry4_S[0]_CO[3])
                                                      0.532    39.102 r  U_core/num_reg[0][3]_i_194/CO[3]
                         net (fo=1, routed)           0.000    39.102    U_core/num_reg[0][3]_i_194_n_0
    SLICE_X28Y9          CARRY4 (Prop_carry4_CI_CO[3])
                                                      0.114    39.216 r  U_core/num_reg[0][3]_i_121/CO[3]
                         net (fo=1, routed)           0.000    39.216    U_core/num_reg[0][3]_i_121_n_0
    SLICE_X28Y10         CARRY4 (Prop_carry4_CI_CO[3])
                                                      0.114    39.330 r  U_core/num_reg[0][3]_i_76/CO[3]
                         net (fo=1, routed)           0.000    39.330    U_core/num_reg[0][3]_i_76_n_0
    SLICE_X28Y11         CARRY4 (Prop_carry4_CI_CO[2])
                                                      0.228    39.558 r  U_core/num_reg[0][3]_i_38/CO[2]
                         net (fo=1, routed)           0.586    40.144    U_core/res1[0]
    SLICE_X28Y14         LUT6 (Prop_lut6_I4_O)        0.313    40.457 r  U_core/num[0][3]_i_21/O
                         net (fo=12, routed)          0.196    40.653    U_core/num[0][3]_i_21_n_0
    SLICE_X28Y14         LUT5 (Prop_lut5_I4_O)        0.124    40.777 r  U_core/num[0][3]_i_10/O
                         net (fo=59, routed)          0.474    41.251    U_core/num[0][3]_i_10_n_0
    SLICE_X28Y12         LUT3 (Prop_lut3_I1_O)        0.124    41.375 r  U_core/num[1][3]_i_601/O
                         net (fo=2, routed)           0.803    42.178    U_core/num[1][3]_i_601_n_0
    SLICE_X13Y12         CARRY4 (Prop_carry4_DI[3]_CO[3])
                                                      0.385    42.563 r  U_core/num_reg[1][3]_i_519/CO[3]
                         net (fo=1, routed)           0.000    42.563    U_core/num_reg[1][3]_i_519_n_0
    SLICE_X13Y13         CARRY4 (Prop_carry4_CI_CO[3])
                                                      0.114    42.677 r  U_core/num_reg[1][3]_i_365/CO[3]
                         net (fo=1, routed)           0.000    42.677    U_core/num_reg[1][3]_i_365_n_0
    SLICE_X13Y14         CARRY4 (Prop_carry4_CI_CO[3])
                                                      0.114    42.791 r  U_core/num_reg[1][3]_i_217/CO[3]
                         net (fo=1, routed)           0.000    42.791    U_core/num_reg[1][3]_i_217_n_0
    SLICE_X13Y15         CARRY4 (Prop_carry4_CI_CO[3])
                                                      0.114    42.905 r  U_core/num_reg[1][3]_i_107/CO[3]
                         net (fo=1, routed)           0.000    42.905    U_core/num_reg[1][3]_i_107_n_0
    SLICE_X13Y16         CARRY4 (Prop_carry4_CI_CO[3])
                                                      0.114    43.019 r  U_core/num_reg[1][3]_i_87/CO[3]
                         net (fo=1, routed)           0.000    43.019    U_core/num_reg[1][3]_i_87_n_0
    SLICE_X13Y17         CARRY4 (Prop_carry4_CI_CO[3])
                                                      0.114    43.133 r  U_core/num_reg[1][3]_i_90/CO[3]
                         net (fo=1, routed)           0.000    43.133    U_core/num_reg[1][3]_i_90_n_0
    SLICE_X13Y18         CARRY4 (Prop_carry4_CI_CO[3])
                                                      0.114    43.247 r  U_core/num_reg[1][3]_i_352/CO[3]
                         net (fo=1, routed)           0.000    43.247    U_core/num_reg[1][3]_i_352_n_0
    SLICE_X13Y19         CARRY4 (Prop_carry4_CI_CO[3])
                                                      0.114    43.361 f  U_core/num_reg[1][3]_i_348/CO[3]
                         net (fo=48, routed)          1.278    44.639    U_core/num_reg[1][3]_i_348_n_0
    SLICE_X12Y21         LUT3 (Prop_lut3_I2_O)        0.153    44.792 r  U_core/num[1][3]_i_619/O
                         net (fo=2, routed)           0.674    45.466    U_core/num[1][3]_i_619_n_0
    SLICE_X12Y21         LUT4 (Prop_lut4_I3_O)        0.331    45.797 r  U_core/num[1][3]_i_623/O
                         net (fo=1, routed)           0.000    45.797    U_core/num[1][3]_i_623_n_0
    SLICE_X12Y21         CARRY4 (Prop_carry4_S[3]_CO[3])
                                                      0.376    46.173 r  U_core/num_reg[1][3]_i_587/CO[3]
                         net (fo=1, routed)           0.000    46.173    U_core/num_reg[1][3]_i_587_n_0
    SLICE_X12Y22         CARRY4 (Prop_carry4_CI_O[3])
                                                      0.315    46.488 r  U_core/num_reg[1][3]_i_473/O[3]
                         net (fo=2, routed)           0.806    47.294    U_core/num_reg[1][3]_i_473_n_4
    SLICE_X11Y23         LUT3 (Prop_lut3_I1_O)        0.336    47.630 r  U_core/num[1][3]_i_338/O
                         net (fo=2, routed)           0.592    48.222    U_core/num[1][3]_i_338_n_0
    SLICE_X11Y23         LUT4 (Prop_lut4_I3_O)        0.327    48.549 r  U_core/num[1][3]_i_342/O
                         net (fo=1, routed)           0.000    48.549    U_core/num[1][3]_i_342_n_0
    SLICE_X11Y23         CARRY4 (Prop_carry4_S[3]_CO[3])
                                                      0.401    48.950 r  U_core/num_reg[1][3]_i_142/CO[3]
                         net (fo=1, routed)           0.000    48.950    U_core/num_reg[1][3]_i_142_n_0
    SLICE_X11Y24         CARRY4 (Prop_carry4_CI_O[0])
                                                      0.222    49.172 r  U_core/num_reg[1][3]_i_82/O[0]
                         net (fo=8, routed)           0.635    49.807    U_core_n_171
    SLICE_X9Y25          LUT2 (Prop_lut2_I1_O)        0.299    50.106 r  num[1][3]_i_85/O
                         net (fo=1, routed)           0.000    50.106    num[1][3]_i_85_n_0
    SLICE_X9Y25          CARRY4 (Prop_carry4_S[1]_O[3])
                                                      0.640    50.746 r  num_reg[1][3]_i_34/O[3]
                         net (fo=3, routed)           0.476    51.222    U_core/res0_56[3]
    SLICE_X10Y25         LUT6 (Prop_lut6_I0_O)        0.306    51.528 r  U_core/num[1][3]_i_29/O
                         net (fo=1, routed)           0.632    52.160    U_core/num[1][3]_i_29_n_0
    SLICE_X8Y25          CARRY4 (Prop_carry4_DI[1]_CO[2])
                                                      0.533    52.693 r  U_core/num_reg[1][3]_i_16/CO[2]
                         net (fo=37, routed)          0.746    53.438    U_core/num_reg[1][3]_i_16_n_1
    SLICE_X10Y26         LUT5 (Prop_lut5_I3_O)        0.310    53.748 f  U_core/num[1][3]_i_8/O
                         net (fo=16, routed)          0.926    54.674    U_core/num[1][3]_i_8_n_0
    SLICE_X15Y26         LUT6 (Prop_lut6_I0_O)        0.124    54.798 r  U_core/num[1][3]_i_260/O
                         net (fo=1, routed)           0.477    55.276    U_core/num[1][3]_i_260_n_0
    SLICE_X12Y27         CARRY4 (Prop_carry4_DI[3]_CO[3])
                                                      0.396    55.672 r  U_core/num_reg[1][3]_i_119/CO[3]
                         net (fo=1, routed)           0.000    55.672    U_core/num_reg[1][3]_i_119_n_0
    SLICE_X12Y28         CARRY4 (Prop_carry4_CI_CO[3])
                                                      0.117    55.789 r  U_core/num_reg[1][3]_i_131/CO[3]
                         net (fo=1, routed)           0.000    55.789    U_core/num_reg[1][3]_i_131_n_0
    SLICE_X12Y29         CARRY4 (Prop_carry4_CI_O[1])
                                                      0.323    56.112 r  U_core/num_reg[1][3]_i_255/O[1]
                         net (fo=3, routed)           0.604    56.715    U_core/num_reg[1][3]_i_255_n_6
    SLICE_X15Y29         LUT5 (Prop_lut5_I0_O)        0.300    57.015 r  U_core/num[1][3]_i_258/O
                         net (fo=2, routed)           0.449    57.465    U_core/num[1][3]_i_258_n_0
    SLICE_X15Y29         LUT5 (Prop_lut5_I0_O)        0.326    57.791 r  U_core/num[1][3]_i_113/O
                         net (fo=2, routed)           0.683    58.473    U_core/num[1][3]_i_113_n_0
    SLICE_X14Y28         CARRY4 (Prop_carry4_DI[1]_CO[3])
                                                      0.520    58.993 r  U_core/num_reg[1][3]_i_62/CO[3]
                         net (fo=1, routed)           0.000    58.993    U_core/num_reg[1][3]_i_62_n_0
    SLICE_X14Y29         CARRY4 (Prop_carry4_CI_CO[3])
                                                      0.117    59.110 r  U_core/num_reg[1][3]_i_22/CO[3]
                         net (fo=1, routed)           0.000    59.110    U_core/num_reg[1][3]_i_22_n_0
    SLICE_X14Y30         CARRY4 (Prop_carry4_CI_O[1])
                                                      0.323    59.433 r  U_core/num_reg[1][3]_i_45/O[1]
                         net (fo=2, routed)           0.592    60.025    U_core_n_215
    SLICE_X15Y33         LUT2 (Prop_lut2_I0_O)        0.306    60.331 r  num[1][3]_i_47/O
                         net (fo=1, routed)           0.000    60.331    num[1][3]_i_47_n_0
    SLICE_X15Y33         CARRY4 (Prop_carry4_S[1]_O[1])
                                                      0.227    60.558 r  num_reg[1][3]_i_19/O[1]
                         net (fo=1, routed)           0.818    61.376    U_core/res0_71[1]
    SLICE_X29Y29         LUT6 (Prop_lut6_I5_O)        0.303    61.679 r  U_core/num[1][3]_i_11/O
                         net (fo=1, routed)           0.000    61.679    U_core/num[1][3]_i_11_n_0
    SLICE_X29Y29         CARRY4 (Prop_carry4_S[3]_CO[3])
                                                      0.401    62.080 r  U_core/num_reg[1][3]_i_5/CO[3]
                         net (fo=1, routed)           0.000    62.080    U_core/num_reg[1][3]_i_5_n_0
    SLICE_X29Y30         CARRY4 (Prop_carry4_CI_O[0])
                                                      0.222    62.302 r  U_core/num_reg[1][3]_i_4/O[0]
                         net (fo=3, routed)           0.332    62.634    U_core/num_reg[1][3]_i_4_n_7
    SLICE_X28Y29         LUT6 (Prop_lut6_I1_O)        0.299    62.933 r  U_core/num[1][3]_i_2/O
                         net (fo=1, routed)           0.000    62.933    U_core/num[1][3]_i_2_n_0
    SLICE_X28Y29         FDCE                                         r  U_core/num_reg[1][3]/D
  -------------------------------------------------------------------    -------------------

                         (clock sys_clk_pin rise edge)
                                                     10.000    10.000 r  
    W5                                                0.000    10.000 r  clk (IN)
                         net (fo=0)                   0.000    10.000    clk
    W5                   IBUF (Prop_ibuf_I_O)         1.388    11.388 r  clk_IBUF_inst/O
                         net (fo=1, routed)           1.862    13.250    clk_IBUF
    BUFGCTRL_X0Y0        BUFG (Prop_bufg_I_O)         0.091    13.341 r  clk_IBUF_BUFG_inst/O
                         net (fo=104, routed)         1.436    14.777    U_core/clk_IBUF_BUFG
    SLICE_X28Y29         FDCE                                         r  U_core/num_reg[1][3]/C
                         clock pessimism              0.188    14.965    
                         clock uncertainty           -0.035    14.930    
    SLICE_X28Y29         FDCE (Setup_fdce_C_D)        0.029    14.959    U_core/num_reg[1][3]
  -------------------------------------------------------------------
                         required time                         14.959    
                         arrival time                         -62.933    
  -------------------------------------------------------------------
                         slack                                -47.974    

Slack (VIOLATED) :        -41.340ns  (required time - arrival time)
  Source:                 U_core/num_reg[3][0]/C
                            (rising edge-triggered cell FDCE clocked by sys_clk_pin  {rise@0.000ns fall@5.000ns period=10.000ns})
  Destination:            U_core/num_reg[1][0]/D
                            (rising edge-triggered cell FDCE clocked by sys_clk_pin  {rise@0.000ns fall@5.000ns period=10.000ns})
  Path Group:             sys_clk_pin
  Path Type:              Setup (Max at Slow Process Corner)
  Requirement:            10.000ns  (sys_clk_pin rise@10.000ns - sys_clk_pin rise@0.000ns)
  Data Path Delay:        51.275ns  (logic 25.408ns (49.553%)  route 25.867ns (50.447%))
  Logic Levels:           101  (CARRY4=79 LUT2=3 LUT3=10 LUT4=4 LUT5=2 LUT6=3)
  Clock Path Skew:        -0.111ns (DCD - SCD + CPR)
    Destination Clock Delay (DCD):    4.786ns = ( 14.786 - 10.000 ) 
    Source Clock Delay      (SCD):    5.085ns
    Clock Pessimism Removal (CPR):    0.188ns
  Clock Uncertainty:      0.035ns  ((TSJ^2 + TIJ^2)^1/2 + DJ) / 2 + PE
    Total System Jitter     (TSJ):    0.071ns
    Total Input Jitter      (TIJ):    0.000ns
    Discrete Jitter          (DJ):    0.000ns
    Phase Error              (PE):    0.000ns

    Location             Delay type                Incr(ns)  Path(ns)    Netlist Resource(s)
  -------------------------------------------------------------------    -------------------
                         (clock sys_clk_pin rise edge)
                                                      0.000     0.000 r  
    W5                                                0.000     0.000 r  clk (IN)
                         net (fo=0)                   0.000     0.000    clk
    W5                   IBUF (Prop_ibuf_I_O)         1.458     1.458 r  clk_IBUF_inst/O
                         net (fo=1, routed)           1.967     3.425    clk_IBUF
    BUFGCTRL_X0Y0        BUFG (Prop_bufg_I_O)         0.096     3.521 r  clk_IBUF_BUFG_inst/O
                         net (fo=104, routed)         1.564     5.085    U_core/clk_IBUF_BUFG
    SLICE_X37Y8          FDCE                                         r  U_core/num_reg[3][0]/C
  -------------------------------------------------------------------    -------------------
    SLICE_X37Y8          FDCE (Prop_fdce_C_Q)         0.456     5.541 r  U_core/num_reg[3][0]/Q
                         net (fo=8, routed)           0.844     6.386    U_core/num_reg_n_0_[3][0]
    SLICE_X36Y7          LUT4 (Prop_lut4_I0_O)        0.124     6.510 r  U_core/res0_i_151/O
                         net (fo=1, routed)           0.000     6.510    U_core/res0_i_151_n_0
    SLICE_X36Y7          CARRY4 (Prop_carry4_S[1]_CO[3])
                                                      0.550     7.060 r  U_core/res0_i_132/CO[3]
                         net (fo=1, routed)           0.000     7.060    U_core/res0_i_132_n_0
    SLICE_X36Y8          CARRY4 (Prop_carry4_CI_O[1])
                                                      0.334     7.394 r  U_core/res0_i_124/O[1]
                         net (fo=1, routed)           0.588     7.981    value10[10]
    SLICE_X33Y7          LUT2 (Prop_lut2_I1_O)        0.303     8.284 r  res0_i_105/O
                         net (fo=1, routed)           0.000     8.284    U_core/num_reg[2][2]_1[3]
    SLICE_X33Y7          CARRY4 (Prop_carry4_S[3]_CO[3])
                                                      0.401     8.685 r  U_core/res0_i_85/CO[3]
                         net (fo=1, routed)           0.000     8.685    U_core/res0_i_85_n_0
    SLICE_X33Y8          CARRY4 (Prop_carry4_CI_O[0])
                                                      0.222     8.907 r  U_core/res0_i_84/O[0]
                         net (fo=1, routed)           0.432     9.339    U_core/num_reg[2][2]_2[3]
    SLICE_X31Y7          CARRY4 (Prop_carry4_S[3]_CO[3])
                                                      0.700    10.039 r  U_core/res0_i_47/CO[3]
                         net (fo=1, routed)           0.000    10.039    U_core/res0_i_47_n_0
    SLICE_X31Y8          CARRY4 (Prop_carry4_CI_O[0])
                                                      0.222    10.261 r  U_core/res0_i_46/O[0]
                         net (fo=1, routed)           0.440    10.701    U_core/res0_i_46_n_7
    SLICE_X32Y7          CARRY4 (Prop_carry4_S[3]_CO[3])
                                                      0.700    11.401 r  U_core/res0_i_7/CO[3]
                         net (fo=1, routed)           0.000    11.401    U_core/res0_i_7_n_0
    SLICE_X32Y8          CARRY4 (Prop_carry4_CI_O[0])
                                                      0.222    11.623 r  U_core/res0_i_6/O[0]
                         net (fo=193, routed)         0.820    12.443    U_core/res0_0[11]
    SLICE_X42Y7          LUT2 (Prop_lut2_I1_O)        0.299    12.742 r  U_core/isError_i_194/O
                         net (fo=1, routed)           0.000    12.742    U_core/isError_i_194_n_0
    SLICE_X42Y7          CARRY4 (Prop_carry4_S[0]_CO[3])
                                                      0.513    13.255 r  U_core/isError_reg_i_150/CO[3]
                         net (fo=1, routed)           0.000    13.255    U_core/isError_reg_i_150_n_0
    SLICE_X42Y8          CARRY4 (Prop_carry4_CI_CO[3])
                                                      0.117    13.372 r  U_core/isError_reg_i_107/CO[3]
                         net (fo=1, routed)           0.000    13.372    U_core/isError_reg_i_107_n_0
    SLICE_X42Y9          CARRY4 (Prop_carry4_CI_CO[3])
                                                      0.117    13.489 r  U_core/isError_reg_i_63/CO[3]
                         net (fo=1, routed)           0.000    13.489    U_core/isError_reg_i_63_n_0
    SLICE_X42Y10         CARRY4 (Prop_carry4_CI_CO[2])
                                                      0.229    13.718 r  U_core/isError_reg_i_52/CO[2]
                         net (fo=18, routed)          0.666    14.383    U_core/res1[13]
    SLICE_X41Y7          LUT3 (Prop_lut3_I0_O)        0.310    14.693 r  U_core/isError_i_187/O
                         net (fo=1, routed)           0.000    14.693    U_core/isError_i_187_n_0
    SLICE_X41Y7          CARRY4 (Prop_carry4_S[1]_CO[3])
                                                      0.550    15.243 r  U_core/isError_reg_i_145/CO[3]
                         net (fo=1, routed)           0.000    15.243    U_core/isError_reg_i_145_n_0
    SLICE_X41Y8          CARRY4 (Prop_carry4_CI_CO[3])
                                                      0.114    15.357 r  U_core/isError_reg_i_102/CO[3]
                         net (fo=1, routed)           0.000    15.357    U_core/isError_reg_i_102_n_0
    SLICE_X41Y9          CARRY4 (Prop_carry4_CI_CO[3])
                                                      0.114    15.471 r  U_core/isError_reg_i_58/CO[3]
                         net (fo=1, routed)           0.000    15.471    U_core/isError_reg_i_58_n_0
    SLICE_X41Y10         CARRY4 (Prop_carry4_CI_CO[3])
                                                      0.114    15.585 r  U_core/isError_reg_i_49/CO[3]
                         net (fo=18, routed)          1.031    16.616    U_core/res1[12]
    SLICE_X43Y6          LUT3 (Prop_lut3_I0_O)        0.124    16.740 r  U_core/isError_i_184/O
                         net (fo=1, routed)           0.000    16.740    U_core/isError_i_184_n_0
    SLICE_X43Y6          CARRY4 (Prop_carry4_S[1]_CO[3])
                                                      0.550    17.290 r  U_core/isError_reg_i_144/CO[3]
                         net (fo=1, routed)           0.000    17.290    U_core/isError_reg_i_144_n_0
    SLICE_X43Y7          CARRY4 (Prop_carry4_CI_CO[3])
                                                      0.114    17.404 r  U_core/isError_reg_i_101/CO[3]
                         net (fo=1, routed)           0.000    17.404    U_core/isError_reg_i_101_n_0
    SLICE_X43Y8          CARRY4 (Prop_carry4_CI_CO[3])
                                                      0.114    17.518 r  U_core/isError_reg_i_57/CO[3]
                         net (fo=1, routed)           0.000    17.518    U_core/isError_reg_i_57_n_0
    SLICE_X43Y9          CARRY4 (Prop_carry4_CI_CO[3])
                                                      0.114    17.632 r  U_core/isError_reg_i_48/CO[3]
                         net (fo=18, routed)          0.824    18.457    U_core/res1[11]
    SLICE_X43Y10         LUT3 (Prop_lut3_I0_O)        0.124    18.581 r  U_core/isError_i_203/O
                         net (fo=1, routed)           0.000    18.581    U_core/isError_i_203_n_0
    SLICE_X43Y10         CARRY4 (Prop_carry4_S[1]_CO[3])
                                                      0.550    19.131 r  U_core/isError_reg_i_169/CO[3]
                         net (fo=1, routed)           0.000    19.131    U_core/isError_reg_i_169_n_0
    SLICE_X43Y11         CARRY4 (Prop_carry4_CI_CO[3])
                                                      0.114    19.245 r  U_core/isError_reg_i_126/CO[3]
                         net (fo=1, routed)           0.000    19.245    U_core/isError_reg_i_126_n_0
    SLICE_X43Y12         CARRY4 (Prop_carry4_CI_CO[3])
                                                      0.114    19.359 r  U_core/isError_reg_i_74/CO[3]
                         net (fo=1, routed)           0.000    19.359    U_core/isError_reg_i_74_n_0
    SLICE_X43Y13         CARRY4 (Prop_carry4_CI_CO[3])
                                                      0.114    19.473 r  U_core/isError_reg_i_51/CO[3]
                         net (fo=18, routed)          0.868    20.341    U_core/res1[10]
    SLICE_X41Y11         LUT3 (Prop_lut3_I0_O)        0.124    20.465 r  U_core/isError_i_200/O
                         net (fo=1, routed)           0.000    20.465    U_core/isError_i_200_n_0
    SLICE_X41Y11         CARRY4 (Prop_carry4_S[1]_CO[3])
                                                      0.550    21.015 r  U_core/isError_reg_i_164/CO[3]
                         net (fo=1, routed)           0.000    21.015    U_core/isError_reg_i_164_n_0
    SLICE_X41Y12         CARRY4 (Prop_carry4_CI_CO[3])
                                                      0.114    21.129 r  U_core/isError_reg_i_121/CO[3]
                         net (fo=1, routed)           0.000    21.129    U_core/isError_reg_i_121_n_0
    SLICE_X41Y13         CARRY4 (Prop_carry4_CI_CO[3])
                                                      0.114    21.243 r  U_core/isError_reg_i_69/CO[3]
                         net (fo=1, routed)           0.000    21.243    U_core/isError_reg_i_69_n_0
    SLICE_X41Y14         CARRY4 (Prop_carry4_CI_CO[3])
                                                      0.114    21.357 r  U_core/isError_reg_i_53/CO[3]
                         net (fo=18, routed)          0.952    22.308    U_core/res1[9]
    SLICE_X40Y12         CARRY4 (Prop_carry4_CYINIT_CO[3])
                                                      0.580    22.888 r  U_core/isError_reg_i_163/CO[3]
                         net (fo=1, routed)           0.000    22.888    U_core/isError_reg_i_163_n_0
    SLICE_X40Y13         CARRY4 (Prop_carry4_CI_CO[3])
                                                      0.114    23.002 r  U_core/isError_reg_i_120/CO[3]
                         net (fo=1, routed)           0.000    23.002    U_core/isError_reg_i_120_n_0
    SLICE_X40Y14         CARRY4 (Prop_carry4_CI_CO[3])
                                                      0.114    23.116 r  U_core/isError_reg_i_68/CO[3]
                         net (fo=1, routed)           0.000    23.116    U_core/isError_reg_i_68_n_0
    SLICE_X40Y15         CARRY4 (Prop_carry4_CI_CO[3])
                                                      0.114    23.230 r  U_core/isError_reg_i_50/CO[3]
                         net (fo=18, routed)          0.866    24.096    U_core/res1[8]
    SLICE_X39Y14         LUT3 (Prop_lut3_I0_O)        0.124    24.220 r  U_core/num[0][3]_i_301/O
                         net (fo=1, routed)           0.000    24.220    U_core/num[0][3]_i_301_n_0
    SLICE_X39Y14         CARRY4 (Prop_carry4_S[1]_CO[3])
                                                      0.550    24.770 r  U_core/num_reg[0][3]_i_232/CO[3]
                         net (fo=1, routed)           0.000    24.770    U_core/num_reg[0][3]_i_232_n_0
    SLICE_X39Y15         CARRY4 (Prop_carry4_CI_CO[3])
                                                      0.114    24.884 r  U_core/isError_reg_i_135/CO[3]
                         net (fo=1, routed)           0.000    24.884    U_core/isError_reg_i_135_n_0
    SLICE_X39Y16         CARRY4 (Prop_carry4_CI_CO[3])
                                                      0.114    24.998 r  U_core/isError_reg_i_88/CO[3]
                         net (fo=1, routed)           0.000    24.998    U_core/isError_reg_i_88_n_0
    SLICE_X39Y17         CARRY4 (Prop_carry4_CI_CO[3])
                                                      0.114    25.112 r  U_core/isError_reg_i_55/CO[3]
                         net (fo=18, routed)          0.963    26.075    U_core/res1[7]
    SLICE_X38Y15         CARRY4 (Prop_carry4_CYINIT_CO[3])
                                                      0.595    26.670 r  U_core/num_reg[0][3]_i_179/CO[3]
                         net (fo=1, routed)           0.000    26.670    U_core/num_reg[0][3]_i_179_n_0
    SLICE_X38Y16         CARRY4 (Prop_carry4_CI_CO[3])
                                                      0.117    26.787 r  U_core/num_reg[0][3]_i_163/CO[3]
                         net (fo=1, routed)           0.000    26.787    U_core/num_reg[0][3]_i_163_n_0
    SLICE_X38Y17         CARRY4 (Prop_carry4_CI_CO[3])
                                                      0.117    26.904 r  U_core/isError_reg_i_87/CO[3]
                         net (fo=1, routed)           0.000    26.904    U_core/isError_reg_i_87_n_0
    SLICE_X38Y18         CARRY4 (Prop_carry4_CI_CO[3])
                                                      0.117    27.021 r  U_core/isError_reg_i_54/CO[3]
                         net (fo=18, routed)          1.114    28.136    U_core/res1[6]
    SLICE_X38Y11         LUT3 (Prop_lut3_I0_O)        0.124    28.260 r  U_core/num[0][3]_i_245/O
                         net (fo=1, routed)           0.000    28.260    U_core/num[0][3]_i_245_n_0
    SLICE_X38Y11         CARRY4 (Prop_carry4_S[1]_CO[3])
                                                      0.533    28.793 r  U_core/num_reg[0][3]_i_174/CO[3]
                         net (fo=1, routed)           0.000    28.793    U_core/num_reg[0][3]_i_174_n_0
    SLICE_X38Y12         CARRY4 (Prop_carry4_CI_CO[3])
                                                      0.117    28.910 r  U_core/num_reg[0][3]_i_106/CO[3]
                         net (fo=1, routed)           0.000    28.910    U_core/num_reg[0][3]_i_106_n_0
    SLICE_X38Y13         CARRY4 (Prop_carry4_CI_CO[3])
                                                      0.117    29.027 r  U_core/num_reg[0][3]_i_95/CO[3]
                         net (fo=1, routed)           0.000    29.027    U_core/num_reg[0][3]_i_95_n_0
    SLICE_X38Y14         CARRY4 (Prop_carry4_CI_CO[3])
                                                      0.117    29.144 r  U_core/isError_reg_i_56/CO[3]
                         net (fo=18, routed)          1.007    30.151    U_core/res1[5]
    SLICE_X37Y10         CARRY4 (Prop_carry4_CYINIT_CO[3])
                                                      0.580    30.731 r  U_core/num_reg[0][3]_i_169/CO[3]
                         net (fo=1, routed)           0.000    30.731    U_core/num_reg[0][3]_i_169_n_0
    SLICE_X37Y11         CARRY4 (Prop_carry4_CI_CO[3])
                                                      0.114    30.845 r  U_core/num_reg[0][3]_i_101/CO[3]
                         net (fo=1, routed)           0.000    30.845    U_core/num_reg[0][3]_i_101_n_0
    SLICE_X37Y12         CARRY4 (Prop_carry4_CI_CO[3])
                                                      0.114    30.959 r  U_core/num_reg[0][3]_i_58/CO[3]
                         net (fo=1, routed)           0.000    30.959    U_core/num_reg[0][3]_i_58_n_0
    SLICE_X37Y13         CARRY4 (Prop_carry4_CI_CO[3])
                                                      0.114    31.073 r  U_core/num_reg[0][3]_i_51/CO[3]
                         net (fo=18, routed)          1.102    32.175    U_core/res1[4]
    SLICE_X36Y10         CARRY4 (Prop_carry4_CYINIT_CO[3])
                                                      0.580    32.755 r  U_core/num_reg[0][3]_i_168/CO[3]
                         net (fo=1, routed)           0.000    32.755    U_core/num_reg[0][3]_i_168_n_0
    SLICE_X36Y11         CARRY4 (Prop_carry4_CI_CO[3])
                                                      0.114    32.869 r  U_core/num_reg[0][3]_i_100/CO[3]
                         net (fo=1, routed)           0.000    32.869    U_core/num_reg[0][3]_i_100_n_0
    SLICE_X36Y12         CARRY4 (Prop_carry4_CI_CO[3])
                                                      0.114    32.983 r  U_core/num_reg[0][3]_i_57/CO[3]
                         net (fo=1, routed)           0.000    32.983    U_core/num_reg[0][3]_i_57_n_0
    SLICE_X36Y13         CARRY4 (Prop_carry4_CI_CO[3])
                                                      0.114    33.097 r  U_core/num_reg[0][3]_i_34/CO[3]
                         net (fo=18, routed)          1.149    34.246    U_core/res1[3]
    SLICE_X34Y9          CARRY4 (Prop_carry4_CYINIT_CO[3])
                                                      0.595    34.841 r  U_core/num_reg[0][3]_i_184/CO[3]
                         net (fo=1, routed)           0.000    34.841    U_core/num_reg[0][3]_i_184_n_0
    SLICE_X34Y10         CARRY4 (Prop_carry4_CI_CO[3])
                                                      0.117    34.958 r  U_core/num_reg[0][3]_i_111/CO[3]
                         net (fo=1, routed)           0.000    34.958    U_core/num_reg[0][3]_i_111_n_0
    SLICE_X34Y11         CARRY4 (Prop_carry4_CI_CO[3])
                                                      0.117    35.075 r  U_core/num_reg[0][3]_i_66/CO[3]
                         net (fo=1, routed)           0.000    35.075    U_core/num_reg[0][3]_i_66_n_0
    SLICE_X34Y12         CARRY4 (Prop_carry4_CI_CO[3])
                                                      0.117    35.192 r  U_core/num_reg[0][3]_i_36/CO[3]
                         net (fo=18, routed)          1.100    36.292    U_core/res1[2]
    SLICE_X32Y9          LUT4 (Prop_lut4_I0_O)        0.124    36.416 r  U_core/num[0][3]_i_255/O
                         net (fo=1, routed)           0.000    36.416    U_core/num[0][3]_i_255_n_0
    SLICE_X32Y9          CARRY4 (Prop_carry4_S[1]_CO[3])
                                                      0.550    36.966 r  U_core/num_reg[0][3]_i_189/CO[3]
                         net (fo=1, routed)           0.000    36.966    U_core/num_reg[0][3]_i_189_n_0
    SLICE_X32Y10         CARRY4 (Prop_carry4_CI_CO[3])
                                                      0.114    37.080 r  U_core/num_reg[0][3]_i_116/CO[3]
                         net (fo=1, routed)           0.000    37.080    U_core/num_reg[0][3]_i_116_n_0
    SLICE_X32Y11         CARRY4 (Prop_carry4_CI_CO[3])
                                                      0.114    37.194 r  U_core/num_reg[0][3]_i_71/CO[3]
                         net (fo=1, routed)           0.000    37.194    U_core/num_reg[0][3]_i_71_n_0
    SLICE_X32Y12         CARRY4 (Prop_carry4_CI_CO[3])
                                                      0.114    37.308 r  U_core/num_reg[0][3]_i_37/CO[3]
                         net (fo=18, routed)          1.138    38.446    U_core/res1[1]
    SLICE_X28Y8          LUT3 (Prop_lut3_I0_O)        0.124    38.570 r  U_core/num[0][3]_i_259/O
                         net (fo=1, routed)           0.000    38.570    U_core/num[0][3]_i_259_n_0
    SLICE_X28Y8          CARRY4 (Prop_carry4_S[0]_CO[3])
                                                      0.532    39.102 r  U_core/num_reg[0][3]_i_194/CO[3]
                         net (fo=1, routed)           0.000    39.102    U_core/num_reg[0][3]_i_194_n_0
    SLICE_X28Y9          CARRY4 (Prop_carry4_CI_CO[3])
                                                      0.114    39.216 r  U_core/num_reg[0][3]_i_121/CO[3]
                         net (fo=1, routed)           0.000    39.216    U_core/num_reg[0][3]_i_121_n_0
    SLICE_X28Y10         CARRY4 (Prop_carry4_CI_CO[3])
                                                      0.114    39.330 r  U_core/num_reg[0][3]_i_76/CO[3]
                         net (fo=1, routed)           0.000    39.330    U_core/num_reg[0][3]_i_76_n_0
    SLICE_X28Y11         CARRY4 (Prop_carry4_CI_CO[2])
                                                      0.228    39.558 r  U_core/num_reg[0][3]_i_38/CO[2]
                         net (fo=1, routed)           0.586    40.144    U_core/res1[0]
    SLICE_X28Y14         LUT6 (Prop_lut6_I4_O)        0.313    40.457 r  U_core/num[0][3]_i_21/O
                         net (fo=12, routed)          0.196    40.653    U_core/num[0][3]_i_21_n_0
    SLICE_X28Y14         LUT5 (Prop_lut5_I4_O)        0.124    40.777 r  U_core/num[0][3]_i_10/O
                         net (fo=59, routed)          0.474    41.251    U_core/num[0][3]_i_10_n_0
    SLICE_X28Y12         LUT3 (Prop_lut3_I1_O)        0.124    41.375 r  U_core/num[1][3]_i_601/O
                         net (fo=2, routed)           0.803    42.178    U_core/num[1][3]_i_601_n_0
    SLICE_X13Y12         CARRY4 (Prop_carry4_DI[3]_CO[3])
                                                      0.385    42.563 r  U_core/num_reg[1][3]_i_519/CO[3]
                         net (fo=1, routed)           0.000    42.563    U_core/num_reg[1][3]_i_519_n_0
    SLICE_X13Y13         CARRY4 (Prop_carry4_CI_CO[3])
                                                      0.114    42.677 r  U_core/num_reg[1][3]_i_365/CO[3]
                         net (fo=1, routed)           0.000    42.677    U_core/num_reg[1][3]_i_365_n_0
    SLICE_X13Y14         CARRY4 (Prop_carry4_CI_CO[3])
                                                      0.114    42.791 r  U_core/num_reg[1][3]_i_217/CO[3]
                         net (fo=1, routed)           0.000    42.791    U_core/num_reg[1][3]_i_217_n_0
    SLICE_X13Y15         CARRY4 (Prop_carry4_CI_CO[3])
                                                      0.114    42.905 r  U_core/num_reg[1][3]_i_107/CO[3]
                         net (fo=1, routed)           0.000    42.905    U_core/num_reg[1][3]_i_107_n_0
    SLICE_X13Y16         CARRY4 (Prop_carry4_CI_CO[3])
                                                      0.114    43.019 r  U_core/num_reg[1][3]_i_87/CO[3]
                         net (fo=1, routed)           0.000    43.019    U_core/num_reg[1][3]_i_87_n_0
    SLICE_X13Y17         CARRY4 (Prop_carry4_CI_CO[3])
                                                      0.114    43.133 r  U_core/num_reg[1][3]_i_90/CO[3]
                         net (fo=1, routed)           0.000    43.133    U_core/num_reg[1][3]_i_90_n_0
    SLICE_X13Y18         CARRY4 (Prop_carry4_CI_CO[3])
                                                      0.114    43.247 r  U_core/num_reg[1][3]_i_352/CO[3]
                         net (fo=1, routed)           0.000    43.247    U_core/num_reg[1][3]_i_352_n_0
    SLICE_X13Y19         CARRY4 (Prop_carry4_CI_CO[3])
                                                      0.114    43.361 f  U_core/num_reg[1][3]_i_348/CO[3]
                         net (fo=48, routed)          1.278    44.639    U_core/num_reg[1][3]_i_348_n_0
    SLICE_X12Y21         LUT3 (Prop_lut3_I2_O)        0.153    44.792 r  U_core/num[1][3]_i_619/O
                         net (fo=2, routed)           0.674    45.466    U_core/num[1][3]_i_619_n_0
    SLICE_X12Y21         LUT4 (Prop_lut4_I3_O)        0.331    45.797 r  U_core/num[1][3]_i_623/O
                         net (fo=1, routed)           0.000    45.797    U_core/num[1][3]_i_623_n_0
    SLICE_X12Y21         CARRY4 (Prop_carry4_S[3]_CO[3])
                                                      0.376    46.173 r  U_core/num_reg[1][3]_i_587/CO[3]
                         net (fo=1, routed)           0.000    46.173    U_core/num_reg[1][3]_i_587_n_0
    SLICE_X12Y22         CARRY4 (Prop_carry4_CI_O[3])
                                                      0.315    46.488 r  U_core/num_reg[1][3]_i_473/O[3]
                         net (fo=2, routed)           0.806    47.294    U_core/num_reg[1][3]_i_473_n_4
    SLICE_X11Y23         LUT3 (Prop_lut3_I1_O)        0.336    47.630 r  U_core/num[1][3]_i_338/O
                         net (fo=2, routed)           0.592    48.222    U_core/num[1][3]_i_338_n_0
    SLICE_X11Y23         LUT4 (Prop_lut4_I3_O)        0.327    48.549 r  U_core/num[1][3]_i_342/O
                         net (fo=1, routed)           0.000    48.549    U_core/num[1][3]_i_342_n_0
    SLICE_X11Y23         CARRY4 (Prop_carry4_S[3]_CO[3])
                                                      0.401    48.950 r  U_core/num_reg[1][3]_i_142/CO[3]
                         net (fo=1, routed)           0.000    48.950    U_core/num_reg[1][3]_i_142_n_0
    SLICE_X11Y24         CARRY4 (Prop_carry4_CI_O[0])
                                                      0.222    49.172 r  U_core/num_reg[1][3]_i_82/O[0]
                         net (fo=8, routed)           0.635    49.807    U_core_n_171
    SLICE_X9Y25          LUT2 (Prop_lut2_I1_O)        0.299    50.106 r  num[1][3]_i_85/O
                         net (fo=1, routed)           0.000    50.106    num[1][3]_i_85_n_0
    SLICE_X9Y25          CARRY4 (Prop_carry4_S[1]_O[3])
                                                      0.640    50.746 r  num_reg[1][3]_i_34/O[3]
                         net (fo=3, routed)           0.476    51.222    U_core/res0_56[3]
    SLICE_X10Y25         LUT6 (Prop_lut6_I0_O)        0.306    51.528 r  U_core/num[1][3]_i_29/O
                         net (fo=1, routed)           0.632    52.160    U_core/num[1][3]_i_29_n_0
    SLICE_X8Y25          CARRY4 (Prop_carry4_DI[1]_CO[2])
                                                      0.533    52.693 r  U_core/num_reg[1][3]_i_16/CO[2]
                         net (fo=37, routed)          1.650    54.343    U_core/num_reg[1][3]_i_16_n_1
    SLICE_X29Y29         LUT5 (Prop_lut5_I1_O)        0.310    54.653 r  U_core/num[1][3]_i_14/O
                         net (fo=1, routed)           0.000    54.653    U_core/num[1][3]_i_14_n_0
    SLICE_X29Y29         CARRY4 (Prop_carry4_S[0]_O[0])
                                                      0.247    54.900 r  U_core/num_reg[1][3]_i_5/O[0]
                         net (fo=1, routed)           1.161    56.061    U_core/num_reg[1][3]_i_5_n_7
    SLICE_X30Y6          LUT6 (Prop_lut6_I1_O)        0.299    56.360 r  U_core/num[1][0]_i_1/O
                         net (fo=1, routed)           0.000    56.360    U_core/num[1][0]_i_1_n_0
    SLICE_X30Y6          FDCE                                         r  U_core/num_reg[1][0]/D
  -------------------------------------------------------------------    -------------------

                         (clock sys_clk_pin rise edge)
                                                     10.000    10.000 r  
    W5                                                0.000    10.000 r  clk (IN)
                         net (fo=0)                   0.000    10.000    clk
    W5                   IBUF (Prop_ibuf_I_O)         1.388    11.388 r  clk_IBUF_inst/O
                         net (fo=1, routed)           1.862    13.250    clk_IBUF
    BUFGCTRL_X0Y0        BUFG (Prop_bufg_I_O)         0.091    13.341 r  clk_IBUF_BUFG_inst/O
                         net (fo=104, routed)         1.445    14.786    U_core/clk_IBUF_BUFG
    SLICE_X30Y6          FDCE                                         r  U_core/num_reg[1][0]/C
                         clock pessimism              0.188    14.974    
                         clock uncertainty           -0.035    14.939    
    SLICE_X30Y6          FDCE (Setup_fdce_C_D)        0.081    15.020    U_core/num_reg[1][0]
  -------------------------------------------------------------------
                         required time                         15.020    
                         arrival time                         -56.360    
  -------------------------------------------------------------------
                         slack                                -41.340    





Min Delay Paths
--------------------------------------------------------------------------------------
Slack (MET) :             0.203ns  (arrival time - required time)
  Source:                 U_core/prev_btnL_reg/C
                            (rising edge-triggered cell FDCE clocked by sys_clk_pin  {rise@0.000ns fall@5.000ns period=10.000ns})
  Destination:            U_core/active_digit_reg[1]/D
                            (rising edge-triggered cell FDCE clocked by sys_clk_pin  {rise@0.000ns fall@5.000ns period=10.000ns})
  Path Group:             sys_clk_pin
  Path Type:              Hold (Min at Fast Process Corner)
  Requirement:            0.000ns  (sys_clk_pin rise@0.000ns - sys_clk_pin rise@0.000ns)
  Data Path Delay:        0.295ns  (logic 0.227ns (76.997%)  route 0.068ns (23.003%))
  Logic Levels:           1  (LUT6=1)
  Clock Path Skew:        0.000ns (DCD - SCD - CPR)
    Destination Clock Delay (DCD):    1.985ns
    Source Clock Delay      (SCD):    1.472ns
    Clock Pessimism Removal (CPR):    0.513ns

    Location             Delay type                Incr(ns)  Path(ns)    Netlist Resource(s)
  -------------------------------------------------------------------    -------------------
                         (clock sys_clk_pin rise edge)
                                                      0.000     0.000 r  
    W5                                                0.000     0.000 r  clk (IN)
                         net (fo=0)                   0.000     0.000    clk
    W5                   IBUF (Prop_ibuf_I_O)         0.226     0.226 r  clk_IBUF_inst/O
                         net (fo=1, routed)           0.631     0.858    clk_IBUF
    BUFGCTRL_X0Y0        BUFG (Prop_bufg_I_O)         0.026     0.884 r  clk_IBUF_BUFG_inst/O
                         net (fo=104, routed)         0.589     1.472    U_core/clk_IBUF_BUFG
    SLICE_X3Y17          FDCE                                         r  U_core/prev_btnL_reg/C
  -------------------------------------------------------------------    -------------------
    SLICE_X3Y17          FDCE (Prop_fdce_C_Q)         0.128     1.600 r  U_core/prev_btnL_reg/Q
                         net (fo=2, routed)           0.068     1.668    U_core/prev_btnL
    SLICE_X3Y17          LUT6 (Prop_lut6_I3_O)        0.099     1.767 r  U_core/active_digit[1]_i_1/O
                         net (fo=1, routed)           0.000     1.767    U_core/active_digit[1]_i_1_n_0
    SLICE_X3Y17          FDCE                                         r  U_core/active_digit_reg[1]/D
  -------------------------------------------------------------------    -------------------

                         (clock sys_clk_pin rise edge)
                                                      0.000     0.000 r  
    W5                                                0.000     0.000 r  clk (IN)
                         net (fo=0)                   0.000     0.000    clk
    W5                   IBUF (Prop_ibuf_I_O)         0.414     0.414 r  clk_IBUF_inst/O
                         net (fo=1, routed)           0.685     1.099    clk_IBUF
    BUFGCTRL_X0Y0        BUFG (Prop_bufg_I_O)         0.029     1.128 r  clk_IBUF_BUFG_inst/O
                         net (fo=104, routed)         0.858     1.985    U_core/clk_IBUF_BUFG
    SLICE_X3Y17          FDCE                                         r  U_core/active_digit_reg[1]/C
                         clock pessimism             -0.513     1.472    
    SLICE_X3Y17          FDCE (Hold_fdce_C_D)         0.092     1.564    U_core/active_digit_reg[1]
  -------------------------------------------------------------------
                         required time                         -1.564    
                         arrival time                           1.767    
  -------------------------------------------------------------------
                         slack                                  0.203    

Slack (MET) :             0.205ns  (arrival time - required time)
  Source:                 U_core/prev_btnL_reg/C
                            (rising edge-triggered cell FDCE clocked by sys_clk_pin  {rise@0.000ns fall@5.000ns period=10.000ns})
  Destination:            U_core/active_digit_reg[0]/D
                            (rising edge-triggered cell FDCE clocked by sys_clk_pin  {rise@0.000ns fall@5.000ns period=10.000ns})
  Path Group:             sys_clk_pin
  Path Type:              Hold (Min at Fast Process Corner)
  Requirement:            0.000ns  (sys_clk_pin rise@0.000ns - sys_clk_pin rise@0.000ns)
  Data Path Delay:        0.296ns  (logic 0.227ns (76.736%)  route 0.069ns (23.264%))
  Logic Levels:           1  (LUT5=1)
  Clock Path Skew:        0.000ns (DCD - SCD - CPR)
    Destination Clock Delay (DCD):    1.985ns
    Source Clock Delay      (SCD):    1.472ns
    Clock Pessimism Removal (CPR):    0.513ns

    Location             Delay type                Incr(ns)  Path(ns)    Netlist Resource(s)
  -------------------------------------------------------------------    -------------------
                         (clock sys_clk_pin rise edge)
                                                      0.000     0.000 r  
    W5                                                0.000     0.000 r  clk (IN)
                         net (fo=0)                   0.000     0.000    clk
    W5                   IBUF (Prop_ibuf_I_O)         0.226     0.226 r  clk_IBUF_inst/O
                         net (fo=1, routed)           0.631     0.858    clk_IBUF
    BUFGCTRL_X0Y0        BUFG (Prop_bufg_I_O)         0.026     0.884 r  clk_IBUF_BUFG_inst/O
                         net (fo=104, routed)         0.589     1.472    U_core/clk_IBUF_BUFG
    SLICE_X3Y17          FDCE                                         r  U_core/prev_btnL_reg/C
  -------------------------------------------------------------------    -------------------
    SLICE_X3Y17          FDCE (Prop_fdce_C_Q)         0.128     1.600 r  U_core/prev_btnL_reg/Q
                         net (fo=2, routed)           0.069     1.669    U_core/prev_btnL
    SLICE_X3Y17          LUT5 (Prop_lut5_I2_O)        0.099     1.768 r  U_core/active_digit[0]_i_1/O
                         net (fo=1, routed)           0.000     1.768    U_core/active_digit[0]_i_1_n_0
    SLICE_X3Y17          FDCE                                         r  U_core/active_digit_reg[0]/D
  -------------------------------------------------------------------    -------------------

                         (clock sys_clk_pin rise edge)
                                                      0.000     0.000 r  
    W5                                                0.000     0.000 r  clk (IN)
                         net (fo=0)                   0.000     0.000    clk
    W5                   IBUF (Prop_ibuf_I_O)         0.414     0.414 r  clk_IBUF_inst/O
                         net (fo=1, routed)           0.685     1.099    clk_IBUF
    BUFGCTRL_X0Y0        BUFG (Prop_bufg_I_O)         0.029     1.128 r  clk_IBUF_BUFG_inst/O
                         net (fo=104, routed)         0.858     1.985    U_core/clk_IBUF_BUFG
    SLICE_X3Y17          FDCE                                         r  U_core/active_digit_reg[0]/C
                         clock pessimism             -0.513     1.472    
    SLICE_X3Y17          FDCE (Hold_fdce_C_D)         0.091     1.563    U_core/active_digit_reg[0]
  -------------------------------------------------------------------
                         required time                         -1.563    
                         arrival time                           1.768    
  -------------------------------------------------------------------
                         slack                                  0.205    

Slack (MET) :             0.237ns  (arrival time - required time)
  Source:                 U_core/prev_btnC_reg/C
                            (rising edge-triggered cell FDCE clocked by sys_clk_pin  {rise@0.000ns fall@5.000ns period=10.000ns})
  Destination:            U_core/saved_op_reg[0]/D
                            (rising edge-triggered cell FDRE clocked by sys_clk_pin  {rise@0.000ns fall@5.000ns period=10.000ns})
  Path Group:             sys_clk_pin
  Path Type:              Hold (Min at Fast Process Corner)
  Requirement:            0.000ns  (sys_clk_pin rise@0.000ns - sys_clk_pin rise@0.000ns)
  Data Path Delay:        0.617ns  (logic 0.186ns (30.148%)  route 0.431ns (69.852%))
  Logic Levels:           1  (LUT6=1)
  Clock Path Skew:        0.260ns (DCD - SCD - CPR)
    Destination Clock Delay (DCD):    1.955ns
    Source Clock Delay      (SCD):    1.446ns
    Clock Pessimism Removal (CPR):    0.249ns

    Location             Delay type                Incr(ns)  Path(ns)    Netlist Resource(s)
  -------------------------------------------------------------------    -------------------
                         (clock sys_clk_pin rise edge)
                                                      0.000     0.000 r  
    W5                                                0.000     0.000 r  clk (IN)
                         net (fo=0)                   0.000     0.000    clk
    W5                   IBUF (Prop_ibuf_I_O)         0.226     0.226 r  clk_IBUF_inst/O
                         net (fo=1, routed)           0.631     0.858    clk_IBUF
    BUFGCTRL_X0Y0        BUFG (Prop_bufg_I_O)         0.026     0.884 r  clk_IBUF_BUFG_inst/O
                         net (fo=104, routed)         0.563     1.446    U_core/clk_IBUF_BUFG
    SLICE_X40Y6          FDCE                                         r  U_core/prev_btnC_reg/C
  -------------------------------------------------------------------    -------------------
    SLICE_X40Y6          FDCE (Prop_fdce_C_Q)         0.141     1.587 r  U_core/prev_btnC_reg/Q
                         net (fo=27, routed)          0.431     2.018    U_core/prev_btnC
    SLICE_X30Y12         LUT6 (Prop_lut6_I3_O)        0.045     2.063 r  U_core/saved_op[0]_i_1/O
                         net (fo=1, routed)           0.000     2.063    U_core/saved_op[0]_i_1_n_0
    SLICE_X30Y12         FDRE                                         r  U_core/saved_op_reg[0]/D
  -------------------------------------------------------------------    -------------------

                         (clock sys_clk_pin rise edge)
                                                      0.000     0.000 r  
    W5                                                0.000     0.000 r  clk (IN)
                         net (fo=0)                   0.000     0.000    clk
    W5                   IBUF (Prop_ibuf_I_O)         0.414     0.414 r  clk_IBUF_inst/O
                         net (fo=1, routed)           0.685     1.099    clk_IBUF
    BUFGCTRL_X0Y0        BUFG (Prop_bufg_I_O)         0.029     1.128 r  clk_IBUF_BUFG_inst/O
                         net (fo=104, routed)         0.828     1.955    U_core/clk_IBUF_BUFG
    SLICE_X30Y12         FDRE                                         r  U_core/saved_op_reg[0]/C
                         clock pessimism             -0.249     1.706    
    SLICE_X30Y12         FDRE (Hold_fdre_C_D)         0.120     1.826    U_core/saved_op_reg[0]
  -------------------------------------------------------------------
                         required time                         -1.826    
                         arrival time                           2.063    
  -------------------------------------------------------------------
                         slack                                  0.237    

Slack (MET) :             0.252ns  (arrival time - required time)
  Source:                 U_anode/blink_counter_reg[3]/C
                            (rising edge-triggered cell FDRE clocked by sys_clk_pin  {rise@0.000ns fall@5.000ns period=10.000ns})
  Destination:            U_anode/blink_counter_reg[3]/D
                            (rising edge-triggered cell FDRE clocked by sys_clk_pin  {rise@0.000ns fall@5.000ns period=10.000ns})
  Path Group:             sys_clk_pin
  Path Type:              Hold (Min at Fast Process Corner)
  Requirement:            0.000ns  (sys_clk_pin rise@0.000ns - sys_clk_pin rise@0.000ns)
  Data Path Delay:        0.357ns  (logic 0.249ns (69.714%)  route 0.108ns (30.286%))
  Logic Levels:           1  (CARRY4=1)
  Clock Path Skew:        0.000ns (DCD - SCD - CPR)
    Destination Clock Delay (DCD):    1.945ns
    Source Clock Delay      (SCD):    1.434ns
    Clock Pessimism Removal (CPR):    0.511ns

    Location             Delay type                Incr(ns)  Path(ns)    Netlist Resource(s)
  -------------------------------------------------------------------    -------------------
                         (clock sys_clk_pin rise edge)
                                                      0.000     0.000 r  
    W5                                                0.000     0.000 r  clk (IN)
                         net (fo=0)                   0.000     0.000    clk
    W5                   IBUF (Prop_ibuf_I_O)         0.226     0.226 r  clk_IBUF_inst/O
                         net (fo=1, routed)           0.631     0.858    clk_IBUF
    BUFGCTRL_X0Y0        BUFG (Prop_bufg_I_O)         0.026     0.884 r  clk_IBUF_BUFG_inst/O
                         net (fo=104, routed)         0.551     1.434    U_anode/clk_IBUF_BUFG
    SLICE_X47Y25         FDRE                                         r  U_anode/blink_counter_reg[3]/C
  -------------------------------------------------------------------    -------------------
    SLICE_X47Y25         FDRE (Prop_fdre_C_Q)         0.141     1.575 r  U_anode/blink_counter_reg[3]/Q
                         net (fo=1, routed)           0.108     1.683    U_anode/blink_counter_reg_n_0_[3]
    SLICE_X47Y25         CARRY4 (Prop_carry4_S[3]_O[3])
                                                      0.108     1.791 r  U_anode/blink_counter_reg[0]_i_2/O[3]
                         net (fo=1, routed)           0.000     1.791    U_anode/blink_counter_reg[0]_i_2_n_4
    SLICE_X47Y25         FDRE                                         r  U_anode/blink_counter_reg[3]/D
  -------------------------------------------------------------------    -------------------

                         (clock sys_clk_pin rise edge)
                                                      0.000     0.000 r  
    W5                                                0.000     0.000 r  clk (IN)
                         net (fo=0)                   0.000     0.000    clk
    W5                   IBUF (Prop_ibuf_I_O)         0.414     0.414 r  clk_IBUF_inst/O
                         net (fo=1, routed)           0.685     1.099    clk_IBUF
    BUFGCTRL_X0Y0        BUFG (Prop_bufg_I_O)         0.029     1.128 r  clk_IBUF_BUFG_inst/O
                         net (fo=104, routed)         0.818     1.945    U_anode/clk_IBUF_BUFG
    SLICE_X47Y25         FDRE                                         r  U_anode/blink_counter_reg[3]/C
                         clock pessimism             -0.511     1.434    
    SLICE_X47Y25         FDRE (Hold_fdre_C_D)         0.105     1.539    U_anode/blink_counter_reg[3]
  -------------------------------------------------------------------
                         required time                         -1.539    
                         arrival time                           1.791    
  -------------------------------------------------------------------
                         slack                                  0.252    

Slack (MET) :             0.256ns  (arrival time - required time)
  Source:                 U_anode/blink_counter_reg[4]/C
                            (rising edge-triggered cell FDRE clocked by sys_clk_pin  {rise@0.000ns fall@5.000ns period=10.000ns})
  Destination:            U_anode/blink_counter_reg[4]/D
                            (rising edge-triggered cell FDRE clocked by sys_clk_pin  {rise@0.000ns fall@5.000ns period=10.000ns})
  Path Group:             sys_clk_pin
  Path Type:              Hold (Min at Fast Process Corner)
  Requirement:            0.000ns  (sys_clk_pin rise@0.000ns - sys_clk_pin rise@0.000ns)
  Data Path Delay:        0.361ns  (logic 0.256ns (70.880%)  route 0.105ns (29.120%))
  Logic Levels:           1  (CARRY4=1)
  Clock Path Skew:        0.000ns (DCD - SCD - CPR)
    Destination Clock Delay (DCD):    1.946ns
    Source Clock Delay      (SCD):    1.435ns
    Clock Pessimism Removal (CPR):    0.511ns

    Location             Delay type                Incr(ns)  Path(ns)    Netlist Resource(s)
  -------------------------------------------------------------------    -------------------
                         (clock sys_clk_pin rise edge)
                                                      0.000     0.000 r  
    W5                                                0.000     0.000 r  clk (IN)
                         net (fo=0)                   0.000     0.000    clk
    W5                   IBUF (Prop_ibuf_I_O)         0.226     0.226 r  clk_IBUF_inst/O
                         net (fo=1, routed)           0.631     0.858    clk_IBUF
    BUFGCTRL_X0Y0        BUFG (Prop_bufg_I_O)         0.026     0.884 r  clk_IBUF_BUFG_inst/O
                         net (fo=104, routed)         0.552     1.435    U_anode/clk_IBUF_BUFG
    SLICE_X47Y26         FDRE                                         r  U_anode/blink_counter_reg[4]/C
  -------------------------------------------------------------------    -------------------
    SLICE_X47Y26         FDRE (Prop_fdre_C_Q)         0.141     1.576 r  U_anode/blink_counter_reg[4]/Q
                         net (fo=1, routed)           0.105     1.681    U_anode/blink_counter_reg_n_0_[4]
    SLICE_X47Y26         CARRY4 (Prop_carry4_S[0]_O[0])
                                                      0.115     1.796 r  U_anode/blink_counter_reg[4]_i_1/O[0]
                         net (fo=1, routed)           0.000     1.796    U_anode/blink_counter_reg[4]_i_1_n_7
    SLICE_X47Y26         FDRE                                         r  U_anode/blink_counter_reg[4]/D
  -------------------------------------------------------------------    -------------------

                         (clock sys_clk_pin rise edge)
                                                      0.000     0.000 r  
    W5                                                0.000     0.000 r  clk (IN)
                         net (fo=0)                   0.000     0.000    clk
    W5                   IBUF (Prop_ibuf_I_O)         0.414     0.414 r  clk_IBUF_inst/O
                         net (fo=1, routed)           0.685     1.099    clk_IBUF
    BUFGCTRL_X0Y0        BUFG (Prop_bufg_I_O)         0.029     1.128 r  clk_IBUF_BUFG_inst/O
                         net (fo=104, routed)         0.819     1.946    U_anode/clk_IBUF_BUFG
    SLICE_X47Y26         FDRE                                         r  U_anode/blink_counter_reg[4]/C
                         clock pessimism             -0.511     1.435    
    SLICE_X47Y26         FDRE (Hold_fdre_C_D)         0.105     1.540    U_anode/blink_counter_reg[4]
  -------------------------------------------------------------------
                         required time                         -1.540    
                         arrival time                           1.796    
  -------------------------------------------------------------------
                         slack                                  0.256    

Slack (MET) :             0.256ns  (arrival time - required time)
  Source:                 U_anode/blink_counter_reg[2]/C
                            (rising edge-triggered cell FDRE clocked by sys_clk_pin  {rise@0.000ns fall@5.000ns period=10.000ns})
  Destination:            U_anode/blink_counter_reg[2]/D
                            (rising edge-triggered cell FDRE clocked by sys_clk_pin  {rise@0.000ns fall@5.000ns period=10.000ns})
  Path Group:             sys_clk_pin
  Path Type:              Hold (Min at Fast Process Corner)
  Requirement:            0.000ns  (sys_clk_pin rise@0.000ns - sys_clk_pin rise@0.000ns)
  Data Path Delay:        0.361ns  (logic 0.252ns (69.733%)  route 0.109ns (30.267%))
  Logic Levels:           1  (CARRY4=1)
  Clock Path Skew:        0.000ns (DCD - SCD - CPR)
    Destination Clock Delay (DCD):    1.945ns
    Source Clock Delay      (SCD):    1.434ns
    Clock Pessimism Removal (CPR):    0.511ns

    Location             Delay type                Incr(ns)  Path(ns)    Netlist Resource(s)
  -------------------------------------------------------------------    -------------------
                         (clock sys_clk_pin rise edge)
                                                      0.000     0.000 r  
    W5                                                0.000     0.000 r  clk (IN)
                         net (fo=0)                   0.000     0.000    clk
    W5                   IBUF (Prop_ibuf_I_O)         0.226     0.226 r  clk_IBUF_inst/O
                         net (fo=1, routed)           0.631     0.858    clk_IBUF
    BUFGCTRL_X0Y0        BUFG (Prop_bufg_I_O)         0.026     0.884 r  clk_IBUF_BUFG_inst/O
                         net (fo=104, routed)         0.551     1.434    U_anode/clk_IBUF_BUFG
    SLICE_X47Y25         FDRE                                         r  U_anode/blink_counter_reg[2]/C
  -------------------------------------------------------------------    -------------------
    SLICE_X47Y25         FDRE (Prop_fdre_C_Q)         0.141     1.575 r  U_anode/blink_counter_reg[2]/Q
                         net (fo=1, routed)           0.109     1.685    U_anode/blink_counter_reg_n_0_[2]
    SLICE_X47Y25         CARRY4 (Prop_carry4_S[2]_O[2])
                                                      0.111     1.796 r  U_anode/blink_counter_reg[0]_i_2/O[2]
                         net (fo=1, routed)           0.000     1.796    U_anode/blink_counter_reg[0]_i_2_n_5
    SLICE_X47Y25         FDRE                                         r  U_anode/blink_counter_reg[2]/D
  -------------------------------------------------------------------    -------------------

                         (clock sys_clk_pin rise edge)
                                                      0.000     0.000 r  
    W5                                                0.000     0.000 r  clk (IN)
                         net (fo=0)                   0.000     0.000    clk
    W5                   IBUF (Prop_ibuf_I_O)         0.414     0.414 r  clk_IBUF_inst/O
                         net (fo=1, routed)           0.685     1.099    clk_IBUF
    BUFGCTRL_X0Y0        BUFG (Prop_bufg_I_O)         0.029     1.128 r  clk_IBUF_BUFG_inst/O
                         net (fo=104, routed)         0.818     1.945    U_anode/clk_IBUF_BUFG
    SLICE_X47Y25         FDRE                                         r  U_anode/blink_counter_reg[2]/C
                         clock pessimism             -0.511     1.434    
    SLICE_X47Y25         FDRE (Hold_fdre_C_D)         0.105     1.539    U_anode/blink_counter_reg[2]
  -------------------------------------------------------------------
                         required time                         -1.539    
                         arrival time                           1.796    
  -------------------------------------------------------------------
                         slack                                  0.256    

Slack (MET) :             0.263ns  (arrival time - required time)
  Source:                 U_image/activate_reg[0]/C
                            (rising edge-triggered cell FDRE clocked by sys_clk_pin  {rise@0.000ns fall@5.000ns period=10.000ns})
  Destination:            U_image/activate_reg[0]/D
                            (rising edge-triggered cell FDRE clocked by sys_clk_pin  {rise@0.000ns fall@5.000ns period=10.000ns})
  Path Group:             sys_clk_pin
  Path Type:              Hold (Min at Fast Process Corner)
  Requirement:            0.000ns  (sys_clk_pin rise@0.000ns - sys_clk_pin rise@0.000ns)
  Data Path Delay:        0.354ns  (logic 0.186ns (52.507%)  route 0.168ns (47.493%))
  Logic Levels:           1  (LUT2=1)
  Clock Path Skew:        0.000ns (DCD - SCD - CPR)
    Destination Clock Delay (DCD):    1.944ns
    Source Clock Delay      (SCD):    1.433ns
    Clock Pessimism Removal (CPR):    0.511ns

    Location             Delay type                Incr(ns)  Path(ns)    Netlist Resource(s)
  -------------------------------------------------------------------    -------------------
                         (clock sys_clk_pin rise edge)
                                                      0.000     0.000 r  
    W5                                                0.000     0.000 r  clk (IN)
                         net (fo=0)                   0.000     0.000    clk
    W5                   IBUF (Prop_ibuf_I_O)         0.226     0.226 r  clk_IBUF_inst/O
                         net (fo=1, routed)           0.631     0.858    clk_IBUF
    BUFGCTRL_X0Y0        BUFG (Prop_bufg_I_O)         0.026     0.884 r  clk_IBUF_BUFG_inst/O
                         net (fo=104, routed)         0.550     1.433    U_image/clk_IBUF_BUFG
    SLICE_X43Y25         FDRE                                         r  U_image/activate_reg[0]/C
  -------------------------------------------------------------------    -------------------
    SLICE_X43Y25         FDRE (Prop_fdre_C_Q)         0.141     1.574 f  U_image/activate_reg[0]/Q
                         net (fo=3, routed)           0.168     1.742    U_image/activate_display[0]
    SLICE_X43Y25         LUT2 (Prop_lut2_I1_O)        0.045     1.787 r  U_image/activate[0]_i_1/O
                         net (fo=1, routed)           0.000     1.787    U_image/activate[0]
    SLICE_X43Y25         FDRE                                         r  U_image/activate_reg[0]/D
  -------------------------------------------------------------------    -------------------

                         (clock sys_clk_pin rise edge)
                                                      0.000     0.000 r  
    W5                                                0.000     0.000 r  clk (IN)
                         net (fo=0)                   0.000     0.000    clk
    W5                   IBUF (Prop_ibuf_I_O)         0.414     0.414 r  clk_IBUF_inst/O
                         net (fo=1, routed)           0.685     1.099    clk_IBUF
    BUFGCTRL_X0Y0        BUFG (Prop_bufg_I_O)         0.029     1.128 r  clk_IBUF_BUFG_inst/O
                         net (fo=104, routed)         0.817     1.944    U_image/clk_IBUF_BUFG
    SLICE_X43Y25         FDRE                                         r  U_image/activate_reg[0]/C
                         clock pessimism             -0.511     1.433    
    SLICE_X43Y25         FDRE (Hold_fdre_C_D)         0.091     1.524    U_image/activate_reg[0]
  -------------------------------------------------------------------
                         required time                         -1.524    
                         arrival time                           1.787    
  -------------------------------------------------------------------
                         slack                                  0.263    

Slack (MET) :             0.263ns  (arrival time - required time)
  Source:                 U_anode/blink_counter_reg[15]/C
                            (rising edge-triggered cell FDRE clocked by sys_clk_pin  {rise@0.000ns fall@5.000ns period=10.000ns})
  Destination:            U_anode/blink_counter_reg[15]/D
                            (rising edge-triggered cell FDRE clocked by sys_clk_pin  {rise@0.000ns fall@5.000ns period=10.000ns})
  Path Group:             sys_clk_pin
  Path Type:              Hold (Min at Fast Process Corner)
  Requirement:            0.000ns  (sys_clk_pin rise@0.000ns - sys_clk_pin rise@0.000ns)
  Data Path Delay:        0.368ns  (logic 0.249ns (67.612%)  route 0.119ns (32.388%))
  Logic Levels:           1  (CARRY4=1)
  Clock Path Skew:        0.000ns (DCD - SCD - CPR)
    Destination Clock Delay (DCD):    1.949ns
    Source Clock Delay      (SCD):    1.437ns
    Clock Pessimism Removal (CPR):    0.512ns

    Location             Delay type                Incr(ns)  Path(ns)    Netlist Resource(s)
  -------------------------------------------------------------------    -------------------
                         (clock sys_clk_pin rise edge)
                                                      0.000     0.000 r  
    W5                                                0.000     0.000 r  clk (IN)
                         net (fo=0)                   0.000     0.000    clk
    W5                   IBUF (Prop_ibuf_I_O)         0.226     0.226 r  clk_IBUF_inst/O
                         net (fo=1, routed)           0.631     0.858    clk_IBUF
    BUFGCTRL_X0Y0        BUFG (Prop_bufg_I_O)         0.026     0.884 r  clk_IBUF_BUFG_inst/O
                         net (fo=104, routed)         0.554     1.437    U_anode/clk_IBUF_BUFG
    SLICE_X47Y28         FDRE                                         r  U_anode/blink_counter_reg[15]/C
  -------------------------------------------------------------------    -------------------
    SLICE_X47Y28         FDRE (Prop_fdre_C_Q)         0.141     1.578 r  U_anode/blink_counter_reg[15]/Q
                         net (fo=2, routed)           0.119     1.697    U_anode/blink_counter_reg[15]
    SLICE_X47Y28         CARRY4 (Prop_carry4_S[3]_O[3])
                                                      0.108     1.805 r  U_anode/blink_counter_reg[12]_i_1/O[3]
                         net (fo=1, routed)           0.000     1.805    U_anode/blink_counter_reg[12]_i_1_n_4
    SLICE_X47Y28         FDRE                                         r  U_anode/blink_counter_reg[15]/D
  -------------------------------------------------------------------    -------------------

                         (clock sys_clk_pin rise edge)
                                                      0.000     0.000 r  
    W5                                                0.000     0.000 r  clk (IN)
                         net (fo=0)                   0.000     0.000    clk
    W5                   IBUF (Prop_ibuf_I_O)         0.414     0.414 r  clk_IBUF_inst/O
                         net (fo=1, routed)           0.685     1.099    clk_IBUF
    BUFGCTRL_X0Y0        BUFG (Prop_bufg_I_O)         0.029     1.128 r  clk_IBUF_BUFG_inst/O
                         net (fo=104, routed)         0.822     1.949    U_anode/clk_IBUF_BUFG
    SLICE_X47Y28         FDRE                                         r  U_anode/blink_counter_reg[15]/C
                         clock pessimism             -0.512     1.437    
    SLICE_X47Y28         FDRE (Hold_fdre_C_D)         0.105     1.542    U_anode/blink_counter_reg[15]
  -------------------------------------------------------------------
                         required time                         -1.542    
                         arrival time                           1.805    
  -------------------------------------------------------------------
                         slack                                  0.263    

Slack (MET) :             0.263ns  (arrival time - required time)
  Source:                 U_anode/blink_counter_reg[19]/C
                            (rising edge-triggered cell FDRE clocked by sys_clk_pin  {rise@0.000ns fall@5.000ns period=10.000ns})
  Destination:            U_anode/blink_counter_reg[19]/D
                            (rising edge-triggered cell FDRE clocked by sys_clk_pin  {rise@0.000ns fall@5.000ns period=10.000ns})
  Path Group:             sys_clk_pin
  Path Type:              Hold (Min at Fast Process Corner)
  Requirement:            0.000ns  (sys_clk_pin rise@0.000ns - sys_clk_pin rise@0.000ns)
  Data Path Delay:        0.368ns  (logic 0.249ns (67.612%)  route 0.119ns (32.388%))
  Logic Levels:           1  (CARRY4=1)
  Clock Path Skew:        0.000ns (DCD - SCD - CPR)
    Destination Clock Delay (DCD):    1.950ns
    Source Clock Delay      (SCD):    1.438ns
    Clock Pessimism Removal (CPR):    0.512ns

    Location             Delay type                Incr(ns)  Path(ns)    Netlist Resource(s)
  -------------------------------------------------------------------    -------------------
                         (clock sys_clk_pin rise edge)
                                                      0.000     0.000 r  
    W5                                                0.000     0.000 r  clk (IN)
                         net (fo=0)                   0.000     0.000    clk
    W5                   IBUF (Prop_ibuf_I_O)         0.226     0.226 r  clk_IBUF_inst/O
                         net (fo=1, routed)           0.631     0.858    clk_IBUF
    BUFGCTRL_X0Y0        BUFG (Prop_bufg_I_O)         0.026     0.884 r  clk_IBUF_BUFG_inst/O
                         net (fo=104, routed)         0.555     1.438    U_anode/clk_IBUF_BUFG
    SLICE_X47Y29         FDRE                                         r  U_anode/blink_counter_reg[19]/C
  -------------------------------------------------------------------    -------------------
    SLICE_X47Y29         FDRE (Prop_fdre_C_Q)         0.141     1.579 r  U_anode/blink_counter_reg[19]/Q
                         net (fo=2, routed)           0.119     1.698    U_anode/blink_counter_reg[19]
    SLICE_X47Y29         CARRY4 (Prop_carry4_S[3]_O[3])
                                                      0.108     1.806 r  U_anode/blink_counter_reg[16]_i_1/O[3]
                         net (fo=1, routed)           0.000     1.806    U_anode/blink_counter_reg[16]_i_1_n_4
    SLICE_X47Y29         FDRE                                         r  U_anode/blink_counter_reg[19]/D
  -------------------------------------------------------------------    -------------------

                         (clock sys_clk_pin rise edge)
                                                      0.000     0.000 r  
    W5                                                0.000     0.000 r  clk (IN)
                         net (fo=0)                   0.000     0.000    clk
    W5                   IBUF (Prop_ibuf_I_O)         0.414     0.414 r  clk_IBUF_inst/O
                         net (fo=1, routed)           0.685     1.099    clk_IBUF
    BUFGCTRL_X0Y0        BUFG (Prop_bufg_I_O)         0.029     1.128 r  clk_IBUF_BUFG_inst/O
                         net (fo=104, routed)         0.823     1.950    U_anode/clk_IBUF_BUFG
    SLICE_X47Y29         FDRE                                         r  U_anode/blink_counter_reg[19]/C
                         clock pessimism             -0.512     1.438    
    SLICE_X47Y29         FDRE (Hold_fdre_C_D)         0.105     1.543    U_anode/blink_counter_reg[19]
  -------------------------------------------------------------------
                         required time                         -1.543    
                         arrival time                           1.806    
  -------------------------------------------------------------------
                         slack                                  0.263    

Slack (MET) :             0.264ns  (arrival time - required time)
  Source:                 U_core/prev_btnC_reg/C
                            (rising edge-triggered cell FDCE clocked by sys_clk_pin  {rise@0.000ns fall@5.000ns period=10.000ns})
  Destination:            U_core/num2_reg[2][2]/D
                            (rising edge-triggered cell FDCE clocked by sys_clk_pin  {rise@0.000ns fall@5.000ns period=10.000ns})
  Path Group:             sys_clk_pin
  Path Type:              Hold (Min at Fast Process Corner)
  Requirement:            0.000ns  (sys_clk_pin rise@0.000ns - sys_clk_pin rise@0.000ns)
  Data Path Delay:        0.372ns  (logic 0.186ns (50.002%)  route 0.186ns (49.998%))
  Logic Levels:           1  (LUT6=1)
  Clock Path Skew:        0.016ns (DCD - SCD - CPR)
    Destination Clock Delay (DCD):    1.960ns
    Source Clock Delay      (SCD):    1.446ns
    Clock Pessimism Removal (CPR):    0.498ns

    Location             Delay type                Incr(ns)  Path(ns)    Netlist Resource(s)
  -------------------------------------------------------------------    -------------------
                         (clock sys_clk_pin rise edge)
                                                      0.000     0.000 r  
    W5                                                0.000     0.000 r  clk (IN)
                         net (fo=0)                   0.000     0.000    clk
    W5                   IBUF (Prop_ibuf_I_O)         0.226     0.226 r  clk_IBUF_inst/O
                         net (fo=1, routed)           0.631     0.858    clk_IBUF
    BUFGCTRL_X0Y0        BUFG (Prop_bufg_I_O)         0.026     0.884 r  clk_IBUF_BUFG_inst/O
                         net (fo=104, routed)         0.563     1.446    U_core/clk_IBUF_BUFG
    SLICE_X40Y6          FDCE                                         r  U_core/prev_btnC_reg/C
  -------------------------------------------------------------------    -------------------
    SLICE_X40Y6          FDCE (Prop_fdce_C_Q)         0.141     1.587 r  U_core/prev_btnC_reg/Q
                         net (fo=27, routed)          0.186     1.773    U_core/prev_btnC
    SLICE_X40Y5          LUT6 (Prop_lut6_I3_O)        0.045     1.818 r  U_core/num2[2][2]_i_1/O
                         net (fo=1, routed)           0.000     1.818    U_core/num2[2][2]_i_1_n_0
    SLICE_X40Y5          FDCE                                         r  U_core/num2_reg[2][2]/D
  -------------------------------------------------------------------    -------------------

                         (clock sys_clk_pin rise edge)
                                                      0.000     0.000 r  
    W5                                                0.000     0.000 r  clk (IN)
                         net (fo=0)                   0.000     0.000    clk
    W5                   IBUF (Prop_ibuf_I_O)         0.414     0.414 r  clk_IBUF_inst/O
                         net (fo=1, routed)           0.685     1.099    clk_IBUF
    BUFGCTRL_X0Y0        BUFG (Prop_bufg_I_O)         0.029     1.128 r  clk_IBUF_BUFG_inst/O
                         net (fo=104, routed)         0.833     1.960    U_core/clk_IBUF_BUFG
    SLICE_X40Y5          FDCE                                         r  U_core/num2_reg[2][2]/C
                         clock pessimism             -0.498     1.462    
    SLICE_X40Y5          FDCE (Hold_fdce_C_D)         0.092     1.554    U_core/num2_reg[2][2]
  -------------------------------------------------------------------
                         required time                         -1.554    
                         arrival time                           1.818    
  -------------------------------------------------------------------
                         slack                                  0.264    





Pulse Width Checks
--------------------------------------------------------------------------------------
Clock Name:         sys_clk_pin
Waveform(ns):       { 0.000 5.000 }
Period(ns):         10.000
Sources:            { clk }

Check Type        Corner  Lib Pin  Reference Pin  Required(ns)  Actual(ns)  Slack(ns)  Location       Pin
Min Period        n/a     BUFG/I   n/a            2.155         10.000      7.845      BUFGCTRL_X0Y0  clk_IBUF_BUFG_inst/I
Min Period        n/a     FDRE/C   n/a            1.000         10.000      9.000      SLICE_X47Y25   U_anode/blink_counter_reg[0]/C
Min Period        n/a     FDRE/C   n/a            1.000         10.000      9.000      SLICE_X47Y27   U_anode/blink_counter_reg[10]/C
Min Period        n/a     FDRE/C   n/a            1.000         10.000      9.000      SLICE_X47Y27   U_anode/blink_counter_reg[11]/C
Min Period        n/a     FDRE/C   n/a            1.000         10.000      9.000      SLICE_X47Y28   U_anode/blink_counter_reg[12]/C
Min Period        n/a     FDRE/C   n/a            1.000         10.000      9.000      SLICE_X47Y28   U_anode/blink_counter_reg[13]/C
Min Period        n/a     FDRE/C   n/a            1.000         10.000      9.000      SLICE_X47Y28   U_anode/blink_counter_reg[14]/C
Min Period        n/a     FDCE/C   n/a            1.000         10.000      9.000      SLICE_X35Y7    U_core/num_reg[2][2]/C
Min Period        n/a     FDRE/C   n/a            1.000         10.000      9.000      SLICE_X47Y28   U_anode/blink_counter_reg[15]/C
Min Period        n/a     FDRE/C   n/a            1.000         10.000      9.000      SLICE_X47Y29   U_anode/blink_counter_reg[16]/C
Low Pulse Width   Slow    FDRE/C   n/a            0.500         5.000       4.500      SLICE_X29Y6    U_core/count_reg/C
Low Pulse Width   Slow    FDCE/C   n/a            0.500         5.000       4.500      SLICE_X37Y6    U_core/num_reg[3][3]/C
Low Pulse Width   Slow    FDCE/C   n/a            0.500         5.000       4.500      SLICE_X30Y5    U_core/num_reg[0][0]/C
Low Pulse Width   Slow    FDCE/C   n/a            0.500         5.000       4.500      SLICE_X30Y5    U_core/num_reg[0][1]/C
Low Pulse Width   Slow    FDCE/C   n/a            0.500         5.000       4.500      SLICE_X33Y5    U_core/num_reg[0][2]/C
Low Pulse Width   Slow    FDCE/C   n/a            0.500         5.000       4.500      SLICE_X29Y5    U_core/num_reg[0][3]/C
Low Pulse Width   Slow    FDCE/C   n/a            0.500         5.000       4.500      SLICE_X40Y6    U_core/prev_btnC_reg/C
Low Pulse Width   Slow    FDCE/C   n/a            0.500         5.000       4.500      SLICE_X32Y6    U_core/prev_btnD_reg/C
Low Pulse Width   Slow    FDCE/C   n/a            0.500         5.000       4.500      SLICE_X31Y6    U_core/prev_btnU_reg/C
Low Pulse Width   Slow    FDCE/C   n/a            0.500         5.000       4.500      SLICE_X44Y7    U_core/num2_reg[0][0]/C
High Pulse Width  Fast    FDRE/C   n/a            0.500         5.000       4.500      SLICE_X47Y25   U_anode/blink_counter_reg[0]/C
High Pulse Width  Slow    FDRE/C   n/a            0.500         5.000       4.500      SLICE_X47Y27   U_anode/blink_counter_reg[10]/C
High Pulse Width  Slow    FDRE/C   n/a            0.500         5.000       4.500      SLICE_X47Y27   U_anode/blink_counter_reg[11]/C
High Pulse Width  Fast    FDRE/C   n/a            0.500         5.000       4.500      SLICE_X47Y25   U_anode/blink_counter_reg[1]/C
High Pulse Width  Fast    FDRE/C   n/a            0.500         5.000       4.500      SLICE_X47Y25   U_anode/blink_counter_reg[2]/C
High Pulse Width  Fast    FDRE/C   n/a            0.500         5.000       4.500      SLICE_X47Y25   U_anode/blink_counter_reg[3]/C
High Pulse Width  Slow    FDRE/C   n/a            0.500         5.000       4.500      SLICE_X47Y26   U_anode/blink_counter_reg[4]/C
High Pulse Width  Slow    FDRE/C   n/a            0.500         5.000       4.500      SLICE_X47Y26   U_anode/blink_counter_reg[5]/C
High Pulse Width  Slow    FDRE/C   n/a            0.500         5.000       4.500      SLICE_X47Y26   U_anode/blink_counter_reg[6]/C
High Pulse Width  Slow    FDRE/C   n/a            0.500         5.000       4.500      SLICE_X47Y26   U_anode/blink_counter_reg[7]/C



---------------------------------------------------------------------------------------------------
Path Group:  **async_default**
From Clock:  sys_clk_pin
  To Clock:  sys_clk_pin

Setup :            0  Failing Endpoints,  Worst Slack        5.569ns,  Total Violation        0.000ns
Hold  :            0  Failing Endpoints,  Worst Slack        0.560ns,  Total Violation        0.000ns
---------------------------------------------------------------------------------------------------


Max Delay Paths
--------------------------------------------------------------------------------------
Slack (MET) :             5.569ns  (required time - arrival time)
  Source:                 U_core/count_reg/C
                            (rising edge-triggered cell FDRE clocked by sys_clk_pin  {rise@0.000ns fall@5.000ns period=10.000ns})
  Destination:            U_core/num2_reg[3][1]/CLR
                            (recovery check against rising-edge clock sys_clk_pin  {rise@0.000ns fall@5.000ns period=10.000ns})
  Path Group:             **async_default**
  Path Type:              Recovery (Max at Slow Process Corner)
  Requirement:            10.000ns  (sys_clk_pin rise@10.000ns - sys_clk_pin rise@0.000ns)
  Data Path Delay:        3.878ns  (logic 0.580ns (14.956%)  route 3.298ns (85.044%))
  Logic Levels:           1  (LUT2=1)
  Clock Path Skew:        -0.113ns (DCD - SCD + CPR)
    Destination Clock Delay (DCD):    4.786ns = ( 14.786 - 10.000 ) 
    Source Clock Delay      (SCD):    5.087ns
    Clock Pessimism Removal (CPR):    0.188ns
  Clock Uncertainty:      0.035ns  ((TSJ^2 + TIJ^2)^1/2 + DJ) / 2 + PE
    Total System Jitter     (TSJ):    0.071ns
    Total Input Jitter      (TIJ):    0.000ns
    Discrete Jitter          (DJ):    0.000ns
    Phase Error              (PE):    0.000ns

    Location             Delay type                Incr(ns)  Path(ns)    Netlist Resource(s)
  -------------------------------------------------------------------    -------------------
                         (clock sys_clk_pin rise edge)
                                                      0.000     0.000 r  
    W5                                                0.000     0.000 r  clk (IN)
                         net (fo=0)                   0.000     0.000    clk
    W5                   IBUF (Prop_ibuf_I_O)         1.458     1.458 r  clk_IBUF_inst/O
                         net (fo=1, routed)           1.967     3.425    clk_IBUF
    BUFGCTRL_X0Y0        BUFG (Prop_bufg_I_O)         0.096     3.521 r  clk_IBUF_BUFG_inst/O
                         net (fo=104, routed)         1.566     5.087    U_core/clk_IBUF_BUFG
    SLICE_X29Y6          FDRE                                         r  U_core/count_reg/C
  -------------------------------------------------------------------    -------------------
    SLICE_X29Y6          FDRE (Prop_fdre_C_Q)         0.456     5.543 f  U_core/count_reg/Q
                         net (fo=76, routed)          1.907     7.450    U_core/led_OBUF
    SLICE_X41Y6          LUT2 (Prop_lut2_I1_O)        0.124     7.574 f  U_core/num2[1][3]_i_3/O
                         net (fo=16, routed)          1.391     8.965    U_core/num2[1][3]_i_3_n_0
    SLICE_X39Y3          FDCE                                         f  U_core/num2_reg[3][1]/CLR
  -------------------------------------------------------------------    -------------------

                         (clock sys_clk_pin rise edge)
                                                     10.000    10.000 r  
    W5                                                0.000    10.000 r  clk (IN)
                         net (fo=0)                   0.000    10.000    clk
    W5                   IBUF (Prop_ibuf_I_O)         1.388    11.388 r  clk_IBUF_inst/O
                         net (fo=1, routed)           1.862    13.250    clk_IBUF
    BUFGCTRL_X0Y0        BUFG (Prop_bufg_I_O)         0.091    13.341 r  clk_IBUF_BUFG_inst/O
                         net (fo=104, routed)         1.445    14.786    U_core/clk_IBUF_BUFG
    SLICE_X39Y3          FDCE                                         r  U_core/num2_reg[3][1]/C
                         clock pessimism              0.188    14.974    
                         clock uncertainty           -0.035    14.939    
    SLICE_X39Y3          FDCE (Recov_fdce_C_CLR)     -0.405    14.534    U_core/num2_reg[3][1]
  -------------------------------------------------------------------
                         required time                         14.534    
                         arrival time                          -8.965    
  -------------------------------------------------------------------
                         slack                                  5.569    

Slack (MET) :             5.569ns  (required time - arrival time)
  Source:                 U_core/count_reg/C
                            (rising edge-triggered cell FDRE clocked by sys_clk_pin  {rise@0.000ns fall@5.000ns period=10.000ns})
  Destination:            U_core/num2_reg[3][2]/CLR
                            (recovery check against rising-edge clock sys_clk_pin  {rise@0.000ns fall@5.000ns period=10.000ns})
  Path Group:             **async_default**
  Path Type:              Recovery (Max at Slow Process Corner)
  Requirement:            10.000ns  (sys_clk_pin rise@10.000ns - sys_clk_pin rise@0.000ns)
  Data Path Delay:        3.878ns  (logic 0.580ns (14.956%)  route 3.298ns (85.044%))
  Logic Levels:           1  (LUT2=1)
  Clock Path Skew:        -0.113ns (DCD - SCD + CPR)
    Destination Clock Delay (DCD):    4.786ns = ( 14.786 - 10.000 ) 
    Source Clock Delay      (SCD):    5.087ns
    Clock Pessimism Removal (CPR):    0.188ns
  Clock Uncertainty:      0.035ns  ((TSJ^2 + TIJ^2)^1/2 + DJ) / 2 + PE
    Total System Jitter     (TSJ):    0.071ns
    Total Input Jitter      (TIJ):    0.000ns
    Discrete Jitter          (DJ):    0.000ns
    Phase Error              (PE):    0.000ns

    Location             Delay type                Incr(ns)  Path(ns)    Netlist Resource(s)
  -------------------------------------------------------------------    -------------------
                         (clock sys_clk_pin rise edge)
                                                      0.000     0.000 r  
    W5                                                0.000     0.000 r  clk (IN)
                         net (fo=0)                   0.000     0.000    clk
    W5                   IBUF (Prop_ibuf_I_O)         1.458     1.458 r  clk_IBUF_inst/O
                         net (fo=1, routed)           1.967     3.425    clk_IBUF
    BUFGCTRL_X0Y0        BUFG (Prop_bufg_I_O)         0.096     3.521 r  clk_IBUF_BUFG_inst/O
                         net (fo=104, routed)         1.566     5.087    U_core/clk_IBUF_BUFG
    SLICE_X29Y6          FDRE                                         r  U_core/count_reg/C
  -------------------------------------------------------------------    -------------------
    SLICE_X29Y6          FDRE (Prop_fdre_C_Q)         0.456     5.543 f  U_core/count_reg/Q
                         net (fo=76, routed)          1.907     7.450    U_core/led_OBUF
    SLICE_X41Y6          LUT2 (Prop_lut2_I1_O)        0.124     7.574 f  U_core/num2[1][3]_i_3/O
                         net (fo=16, routed)          1.391     8.965    U_core/num2[1][3]_i_3_n_0
    SLICE_X39Y3          FDCE                                         f  U_core/num2_reg[3][2]/CLR
  -------------------------------------------------------------------    -------------------

                         (clock sys_clk_pin rise edge)
                                                     10.000    10.000 r  
    W5                                                0.000    10.000 r  clk (IN)
                         net (fo=0)                   0.000    10.000    clk
    W5                   IBUF (Prop_ibuf_I_O)         1.388    11.388 r  clk_IBUF_inst/O
                         net (fo=1, routed)           1.862    13.250    clk_IBUF
    BUFGCTRL_X0Y0        BUFG (Prop_bufg_I_O)         0.091    13.341 r  clk_IBUF_BUFG_inst/O
                         net (fo=104, routed)         1.445    14.786    U_core/clk_IBUF_BUFG
    SLICE_X39Y3          FDCE                                         r  U_core/num2_reg[3][2]/C
                         clock pessimism              0.188    14.974    
                         clock uncertainty           -0.035    14.939    
    SLICE_X39Y3          FDCE (Recov_fdce_C_CLR)     -0.405    14.534    U_core/num2_reg[3][2]
  -------------------------------------------------------------------
                         required time                         14.534    
                         arrival time                          -8.965    
  -------------------------------------------------------------------
                         slack                                  5.569    

Slack (MET) :             5.655ns  (required time - arrival time)
  Source:                 U_core/count_reg/C
                            (rising edge-triggered cell FDRE clocked by sys_clk_pin  {rise@0.000ns fall@5.000ns period=10.000ns})
  Destination:            U_core/num2_reg[3][0]/CLR
                            (recovery check against rising-edge clock sys_clk_pin  {rise@0.000ns fall@5.000ns period=10.000ns})
  Path Group:             **async_default**
  Path Type:              Recovery (Max at Slow Process Corner)
  Requirement:            10.000ns  (sys_clk_pin rise@10.000ns - sys_clk_pin rise@0.000ns)
  Data Path Delay:        3.878ns  (logic 0.580ns (14.956%)  route 3.298ns (85.044%))
  Logic Levels:           1  (LUT2=1)
  Clock Path Skew:        -0.113ns (DCD - SCD + CPR)
    Destination Clock Delay (DCD):    4.786ns = ( 14.786 - 10.000 ) 
    Source Clock Delay      (SCD):    5.087ns
    Clock Pessimism Removal (CPR):    0.188ns
  Clock Uncertainty:      0.035ns  ((TSJ^2 + TIJ^2)^1/2 + DJ) / 2 + PE
    Total System Jitter     (TSJ):    0.071ns
    Total Input Jitter      (TIJ):    0.000ns
    Discrete Jitter          (DJ):    0.000ns
    Phase Error              (PE):    0.000ns

    Location             Delay type                Incr(ns)  Path(ns)    Netlist Resource(s)
  -------------------------------------------------------------------    -------------------
                         (clock sys_clk_pin rise edge)
                                                      0.000     0.000 r  
    W5                                                0.000     0.000 r  clk (IN)
                         net (fo=0)                   0.000     0.000    clk
    W5                   IBUF (Prop_ibuf_I_O)         1.458     1.458 r  clk_IBUF_inst/O
                         net (fo=1, routed)           1.967     3.425    clk_IBUF
    BUFGCTRL_X0Y0        BUFG (Prop_bufg_I_O)         0.096     3.521 r  clk_IBUF_BUFG_inst/O
                         net (fo=104, routed)         1.566     5.087    U_core/clk_IBUF_BUFG
    SLICE_X29Y6          FDRE                                         r  U_core/count_reg/C
  -------------------------------------------------------------------    -------------------
    SLICE_X29Y6          FDRE (Prop_fdre_C_Q)         0.456     5.543 f  U_core/count_reg/Q
                         net (fo=76, routed)          1.907     7.450    U_core/led_OBUF
    SLICE_X41Y6          LUT2 (Prop_lut2_I1_O)        0.124     7.574 f  U_core/num2[1][3]_i_3/O
                         net (fo=16, routed)          1.391     8.965    U_core/num2[1][3]_i_3_n_0
    SLICE_X38Y3          FDCE                                         f  U_core/num2_reg[3][0]/CLR
  -------------------------------------------------------------------    -------------------

                         (clock sys_clk_pin rise edge)
                                                     10.000    10.000 r  
    W5                                                0.000    10.000 r  clk (IN)
                         net (fo=0)                   0.000    10.000    clk
    W5                   IBUF (Prop_ibuf_I_O)         1.388    11.388 r  clk_IBUF_inst/O
                         net (fo=1, routed)           1.862    13.250    clk_IBUF
    BUFGCTRL_X0Y0        BUFG (Prop_bufg_I_O)         0.091    13.341 r  clk_IBUF_BUFG_inst/O
                         net (fo=104, routed)         1.445    14.786    U_core/clk_IBUF_BUFG
    SLICE_X38Y3          FDCE                                         r  U_core/num2_reg[3][0]/C
                         clock pessimism              0.188    14.974    
                         clock uncertainty           -0.035    14.939    
    SLICE_X38Y3          FDCE (Recov_fdce_C_CLR)     -0.319    14.620    U_core/num2_reg[3][0]
  -------------------------------------------------------------------
                         required time                         14.620    
                         arrival time                          -8.965    
  -------------------------------------------------------------------
                         slack                                  5.655    

Slack (MET) :             5.655ns  (required time - arrival time)
  Source:                 U_core/count_reg/C
                            (rising edge-triggered cell FDRE clocked by sys_clk_pin  {rise@0.000ns fall@5.000ns period=10.000ns})
  Destination:            U_core/num2_reg[3][3]/CLR
                            (recovery check against rising-edge clock sys_clk_pin  {rise@0.000ns fall@5.000ns period=10.000ns})
  Path Group:             **async_default**
  Path Type:              Recovery (Max at Slow Process Corner)
  Requirement:            10.000ns  (sys_clk_pin rise@10.000ns - sys_clk_pin rise@0.000ns)
  Data Path Delay:        3.878ns  (logic 0.580ns (14.956%)  route 3.298ns (85.044%))
  Logic Levels:           1  (LUT2=1)
  Clock Path Skew:        -0.113ns (DCD - SCD + CPR)
    Destination Clock Delay (DCD):    4.786ns = ( 14.786 - 10.000 ) 
    Source Clock Delay      (SCD):    5.087ns
    Clock Pessimism Removal (CPR):    0.188ns
  Clock Uncertainty:      0.035ns  ((TSJ^2 + TIJ^2)^1/2 + DJ) / 2 + PE
    Total System Jitter     (TSJ):    0.071ns
    Total Input Jitter      (TIJ):    0.000ns
    Discrete Jitter          (DJ):    0.000ns
    Phase Error              (PE):    0.000ns

    Location             Delay type                Incr(ns)  Path(ns)    Netlist Resource(s)
  -------------------------------------------------------------------    -------------------
                         (clock sys_clk_pin rise edge)
                                                      0.000     0.000 r  
    W5                                                0.000     0.000 r  clk (IN)
                         net (fo=0)                   0.000     0.000    clk
    W5                   IBUF (Prop_ibuf_I_O)         1.458     1.458 r  clk_IBUF_inst/O
                         net (fo=1, routed)           1.967     3.425    clk_IBUF
    BUFGCTRL_X0Y0        BUFG (Prop_bufg_I_O)         0.096     3.521 r  clk_IBUF_BUFG_inst/O
                         net (fo=104, routed)         1.566     5.087    U_core/clk_IBUF_BUFG
    SLICE_X29Y6          FDRE                                         r  U_core/count_reg/C
  -------------------------------------------------------------------    -------------------
    SLICE_X29Y6          FDRE (Prop_fdre_C_Q)         0.456     5.543 f  U_core/count_reg/Q
                         net (fo=76, routed)          1.907     7.450    U_core/led_OBUF
    SLICE_X41Y6          LUT2 (Prop_lut2_I1_O)        0.124     7.574 f  U_core/num2[1][3]_i_3/O
                         net (fo=16, routed)          1.391     8.965    U_core/num2[1][3]_i_3_n_0
    SLICE_X38Y3          FDCE                                         f  U_core/num2_reg[3][3]/CLR
  -------------------------------------------------------------------    -------------------

                         (clock sys_clk_pin rise edge)
                                                     10.000    10.000 r  
    W5                                                0.000    10.000 r  clk (IN)
                         net (fo=0)                   0.000    10.000    clk
    W5                   IBUF (Prop_ibuf_I_O)         1.388    11.388 r  clk_IBUF_inst/O
                         net (fo=1, routed)           1.862    13.250    clk_IBUF
    BUFGCTRL_X0Y0        BUFG (Prop_bufg_I_O)         0.091    13.341 r  clk_IBUF_BUFG_inst/O
                         net (fo=104, routed)         1.445    14.786    U_core/clk_IBUF_BUFG
    SLICE_X38Y3          FDCE                                         r  U_core/num2_reg[3][3]/C
                         clock pessimism              0.188    14.974    
                         clock uncertainty           -0.035    14.939    
    SLICE_X38Y3          FDCE (Recov_fdce_C_CLR)     -0.319    14.620    U_core/num2_reg[3][3]
  -------------------------------------------------------------------
                         required time                         14.620    
                         arrival time                          -8.965    
  -------------------------------------------------------------------
                         slack                                  5.655    

Slack (MET) :             5.933ns  (required time - arrival time)
  Source:                 U_core/count_reg/C
                            (rising edge-triggered cell FDRE clocked by sys_clk_pin  {rise@0.000ns fall@5.000ns period=10.000ns})
  Destination:            U_core/num2_reg[0][1]/CLR
                            (recovery check against rising-edge clock sys_clk_pin  {rise@0.000ns fall@5.000ns period=10.000ns})
  Path Group:             **async_default**
  Path Type:              Recovery (Max at Slow Process Corner)
  Requirement:            10.000ns  (sys_clk_pin rise@10.000ns - sys_clk_pin rise@0.000ns)
  Data Path Delay:        3.598ns  (logic 0.580ns (16.118%)  route 3.018ns (83.882%))
  Logic Levels:           1  (LUT2=1)
  Clock Path Skew:        -0.114ns (DCD - SCD + CPR)
    Destination Clock Delay (DCD):    4.785ns = ( 14.785 - 10.000 ) 
    Source Clock Delay      (SCD):    5.087ns
    Clock Pessimism Removal (CPR):    0.188ns
  Clock Uncertainty:      0.035ns  ((TSJ^2 + TIJ^2)^1/2 + DJ) / 2 + PE
    Total System Jitter     (TSJ):    0.071ns
    Total Input Jitter      (TIJ):    0.000ns
    Discrete Jitter          (DJ):    0.000ns
    Phase Error              (PE):    0.000ns

    Location             Delay type                Incr(ns)  Path(ns)    Netlist Resource(s)
  -------------------------------------------------------------------    -------------------
                         (clock sys_clk_pin rise edge)
                                                      0.000     0.000 r  
    W5                                                0.000     0.000 r  clk (IN)
                         net (fo=0)                   0.000     0.000    clk
    W5                   IBUF (Prop_ibuf_I_O)         1.458     1.458 r  clk_IBUF_inst/O
                         net (fo=1, routed)           1.967     3.425    clk_IBUF
    BUFGCTRL_X0Y0        BUFG (Prop_bufg_I_O)         0.096     3.521 r  clk_IBUF_BUFG_inst/O
                         net (fo=104, routed)         1.566     5.087    U_core/clk_IBUF_BUFG
    SLICE_X29Y6          FDRE                                         r  U_core/count_reg/C
  -------------------------------------------------------------------    -------------------
    SLICE_X29Y6          FDRE (Prop_fdre_C_Q)         0.456     5.543 f  U_core/count_reg/Q
                         net (fo=76, routed)          1.907     7.450    U_core/led_OBUF
    SLICE_X41Y6          LUT2 (Prop_lut2_I1_O)        0.124     7.574 f  U_core/num2[1][3]_i_3/O
                         net (fo=16, routed)          1.112     8.686    U_core/num2[1][3]_i_3_n_0
    SLICE_X38Y8          FDCE                                         f  U_core/num2_reg[0][1]/CLR
  -------------------------------------------------------------------    -------------------

                         (clock sys_clk_pin rise edge)
                                                     10.000    10.000 r  
    W5                                                0.000    10.000 r  clk (IN)
                         net (fo=0)                   0.000    10.000    clk
    W5                   IBUF (Prop_ibuf_I_O)         1.388    11.388 r  clk_IBUF_inst/O
                         net (fo=1, routed)           1.862    13.250    clk_IBUF
    BUFGCTRL_X0Y0        BUFG (Prop_bufg_I_O)         0.091    13.341 r  clk_IBUF_BUFG_inst/O
                         net (fo=104, routed)         1.444    14.785    U_core/clk_IBUF_BUFG
    SLICE_X38Y8          FDCE                                         r  U_core/num2_reg[0][1]/C
                         clock pessimism              0.188    14.973    
                         clock uncertainty           -0.035    14.938    
    SLICE_X38Y8          FDCE (Recov_fdce_C_CLR)     -0.319    14.619    U_core/num2_reg[0][1]
  -------------------------------------------------------------------
                         required time                         14.619    
                         arrival time                          -8.686    
  -------------------------------------------------------------------
                         slack                                  5.933    

Slack (MET) :             5.933ns  (required time - arrival time)
  Source:                 U_core/count_reg/C
                            (rising edge-triggered cell FDRE clocked by sys_clk_pin  {rise@0.000ns fall@5.000ns period=10.000ns})
  Destination:            U_core/num2_reg[0][2]/CLR
                            (recovery check against rising-edge clock sys_clk_pin  {rise@0.000ns fall@5.000ns period=10.000ns})
  Path Group:             **async_default**
  Path Type:              Recovery (Max at Slow Process Corner)
  Requirement:            10.000ns  (sys_clk_pin rise@10.000ns - sys_clk_pin rise@0.000ns)
  Data Path Delay:        3.598ns  (logic 0.580ns (16.118%)  route 3.018ns (83.882%))
  Logic Levels:           1  (LUT2=1)
  Clock Path Skew:        -0.114ns (DCD - SCD + CPR)
    Destination Clock Delay (DCD):    4.785ns = ( 14.785 - 10.000 ) 
    Source Clock Delay      (SCD):    5.087ns
    Clock Pessimism Removal (CPR):    0.188ns
  Clock Uncertainty:      0.035ns  ((TSJ^2 + TIJ^2)^1/2 + DJ) / 2 + PE
    Total System Jitter     (TSJ):    0.071ns
    Total Input Jitter      (TIJ):    0.000ns
    Discrete Jitter          (DJ):    0.000ns
    Phase Error              (PE):    0.000ns

    Location             Delay type                Incr(ns)  Path(ns)    Netlist Resource(s)
  -------------------------------------------------------------------    -------------------
                         (clock sys_clk_pin rise edge)
                                                      0.000     0.000 r  
    W5                                                0.000     0.000 r  clk (IN)
                         net (fo=0)                   0.000     0.000    clk
    W5                   IBUF (Prop_ibuf_I_O)         1.458     1.458 r  clk_IBUF_inst/O
                         net (fo=1, routed)           1.967     3.425    clk_IBUF
    BUFGCTRL_X0Y0        BUFG (Prop_bufg_I_O)         0.096     3.521 r  clk_IBUF_BUFG_inst/O
                         net (fo=104, routed)         1.566     5.087    U_core/clk_IBUF_BUFG
    SLICE_X29Y6          FDRE                                         r  U_core/count_reg/C
  -------------------------------------------------------------------    -------------------
    SLICE_X29Y6          FDRE (Prop_fdre_C_Q)         0.456     5.543 f  U_core/count_reg/Q
                         net (fo=76, routed)          1.907     7.450    U_core/led_OBUF
    SLICE_X41Y6          LUT2 (Prop_lut2_I1_O)        0.124     7.574 f  U_core/num2[1][3]_i_3/O
                         net (fo=16, routed)          1.112     8.686    U_core/num2[1][3]_i_3_n_0
    SLICE_X38Y8          FDCE                                         f  U_core/num2_reg[0][2]/CLR
  -------------------------------------------------------------------    -------------------

                         (clock sys_clk_pin rise edge)
                                                     10.000    10.000 r  
    W5                                                0.000    10.000 r  clk (IN)
                         net (fo=0)                   0.000    10.000    clk
    W5                   IBUF (Prop_ibuf_I_O)         1.388    11.388 r  clk_IBUF_inst/O
                         net (fo=1, routed)           1.862    13.250    clk_IBUF
    BUFGCTRL_X0Y0        BUFG (Prop_bufg_I_O)         0.091    13.341 r  clk_IBUF_BUFG_inst/O
                         net (fo=104, routed)         1.444    14.785    U_core/clk_IBUF_BUFG
    SLICE_X38Y8          FDCE                                         r  U_core/num2_reg[0][2]/C
                         clock pessimism              0.188    14.973    
                         clock uncertainty           -0.035    14.938    
    SLICE_X38Y8          FDCE (Recov_fdce_C_CLR)     -0.319    14.619    U_core/num2_reg[0][2]
  -------------------------------------------------------------------
                         required time                         14.619    
                         arrival time                          -8.686    
  -------------------------------------------------------------------
                         slack                                  5.933    

Slack (MET) :             5.933ns  (required time - arrival time)
  Source:                 U_core/count_reg/C
                            (rising edge-triggered cell FDRE clocked by sys_clk_pin  {rise@0.000ns fall@5.000ns period=10.000ns})
  Destination:            U_core/num2_reg[0][3]/CLR
                            (recovery check against rising-edge clock sys_clk_pin  {rise@0.000ns fall@5.000ns period=10.000ns})
  Path Group:             **async_default**
  Path Type:              Recovery (Max at Slow Process Corner)
  Requirement:            10.000ns  (sys_clk_pin rise@10.000ns - sys_clk_pin rise@0.000ns)
  Data Path Delay:        3.598ns  (logic 0.580ns (16.118%)  route 3.018ns (83.882%))
  Logic Levels:           1  (LUT2=1)
  Clock Path Skew:        -0.114ns (DCD - SCD + CPR)
    Destination Clock Delay (DCD):    4.785ns = ( 14.785 - 10.000 ) 
    Source Clock Delay      (SCD):    5.087ns
    Clock Pessimism Removal (CPR):    0.188ns
  Clock Uncertainty:      0.035ns  ((TSJ^2 + TIJ^2)^1/2 + DJ) / 2 + PE
    Total System Jitter     (TSJ):    0.071ns
    Total Input Jitter      (TIJ):    0.000ns
    Discrete Jitter          (DJ):    0.000ns
    Phase Error              (PE):    0.000ns

    Location             Delay type                Incr(ns)  Path(ns)    Netlist Resource(s)
  -------------------------------------------------------------------    -------------------
                         (clock sys_clk_pin rise edge)
                                                      0.000     0.000 r  
    W5                                                0.000     0.000 r  clk (IN)
                         net (fo=0)                   0.000     0.000    clk
    W5                   IBUF (Prop_ibuf_I_O)         1.458     1.458 r  clk_IBUF_inst/O
                         net (fo=1, routed)           1.967     3.425    clk_IBUF
    BUFGCTRL_X0Y0        BUFG (Prop_bufg_I_O)         0.096     3.521 r  clk_IBUF_BUFG_inst/O
                         net (fo=104, routed)         1.566     5.087    U_core/clk_IBUF_BUFG
    SLICE_X29Y6          FDRE                                         r  U_core/count_reg/C
  -------------------------------------------------------------------    -------------------
    SLICE_X29Y6          FDRE (Prop_fdre_C_Q)         0.456     5.543 f  U_core/count_reg/Q
                         net (fo=76, routed)          1.907     7.450    U_core/led_OBUF
    SLICE_X41Y6          LUT2 (Prop_lut2_I1_O)        0.124     7.574 f  U_core/num2[1][3]_i_3/O
                         net (fo=16, routed)          1.112     8.686    U_core/num2[1][3]_i_3_n_0
    SLICE_X38Y8          FDCE                                         f  U_core/num2_reg[0][3]/CLR
  -------------------------------------------------------------------    -------------------

                         (clock sys_clk_pin rise edge)
                                                     10.000    10.000 r  
    W5                                                0.000    10.000 r  clk (IN)
                         net (fo=0)                   0.000    10.000    clk
    W5                   IBUF (Prop_ibuf_I_O)         1.388    11.388 r  clk_IBUF_inst/O
                         net (fo=1, routed)           1.862    13.250    clk_IBUF
    BUFGCTRL_X0Y0        BUFG (Prop_bufg_I_O)         0.091    13.341 r  clk_IBUF_BUFG_inst/O
                         net (fo=104, routed)         1.444    14.785    U_core/clk_IBUF_BUFG
    SLICE_X38Y8          FDCE                                         r  U_core/num2_reg[0][3]/C
                         clock pessimism              0.188    14.973    
                         clock uncertainty           -0.035    14.938    
    SLICE_X38Y8          FDCE (Recov_fdce_C_CLR)     -0.319    14.619    U_core/num2_reg[0][3]
  -------------------------------------------------------------------
                         required time                         14.619    
                         arrival time                          -8.686    
  -------------------------------------------------------------------
                         slack                                  5.933    

Slack (MET) :             6.051ns  (required time - arrival time)
  Source:                 U_core/count_reg/C
                            (rising edge-triggered cell FDRE clocked by sys_clk_pin  {rise@0.000ns fall@5.000ns period=10.000ns})
  Destination:            U_core/num2_reg[0][0]/CLR
                            (recovery check against rising-edge clock sys_clk_pin  {rise@0.000ns fall@5.000ns period=10.000ns})
  Path Group:             **async_default**
  Path Type:              Recovery (Max at Slow Process Corner)
  Requirement:            10.000ns  (sys_clk_pin rise@10.000ns - sys_clk_pin rise@0.000ns)
  Data Path Delay:        3.398ns  (logic 0.580ns (17.071%)  route 2.818ns (82.929%))
  Logic Levels:           1  (LUT2=1)
  Clock Path Skew:        -0.111ns (DCD - SCD + CPR)
    Destination Clock Delay (DCD):    4.788ns = ( 14.788 - 10.000 ) 
    Source Clock Delay      (SCD):    5.087ns
    Clock Pessimism Removal (CPR):    0.188ns
  Clock Uncertainty:      0.035ns  ((TSJ^2 + TIJ^2)^1/2 + DJ) / 2 + PE
    Total System Jitter     (TSJ):    0.071ns
    Total Input Jitter      (TIJ):    0.000ns
    Discrete Jitter          (DJ):    0.000ns
    Phase Error              (PE):    0.000ns

    Location             Delay type                Incr(ns)  Path(ns)    Netlist Resource(s)
  -------------------------------------------------------------------    -------------------
                         (clock sys_clk_pin rise edge)
                                                      0.000     0.000 r  
    W5                                                0.000     0.000 r  clk (IN)
                         net (fo=0)                   0.000     0.000    clk
    W5                   IBUF (Prop_ibuf_I_O)         1.458     1.458 r  clk_IBUF_inst/O
                         net (fo=1, routed)           1.967     3.425    clk_IBUF
    BUFGCTRL_X0Y0        BUFG (Prop_bufg_I_O)         0.096     3.521 r  clk_IBUF_BUFG_inst/O
                         net (fo=104, routed)         1.566     5.087    U_core/clk_IBUF_BUFG
    SLICE_X29Y6          FDRE                                         r  U_core/count_reg/C
  -------------------------------------------------------------------    -------------------
    SLICE_X29Y6          FDRE (Prop_fdre_C_Q)         0.456     5.543 f  U_core/count_reg/Q
                         net (fo=76, routed)          1.907     7.450    U_core/led_OBUF
    SLICE_X41Y6          LUT2 (Prop_lut2_I1_O)        0.124     7.574 f  U_core/num2[1][3]_i_3/O
                         net (fo=16, routed)          0.911     8.485    U_core/num2[1][3]_i_3_n_0
    SLICE_X44Y7          FDCE                                         f  U_core/num2_reg[0][0]/CLR
  -------------------------------------------------------------------    -------------------

                         (clock sys_clk_pin rise edge)
                                                     10.000    10.000 r  
    W5                                                0.000    10.000 r  clk (IN)
                         net (fo=0)                   0.000    10.000    clk
    W5                   IBUF (Prop_ibuf_I_O)         1.388    11.388 r  clk_IBUF_inst/O
                         net (fo=1, routed)           1.862    13.250    clk_IBUF
    BUFGCTRL_X0Y0        BUFG (Prop_bufg_I_O)         0.091    13.341 r  clk_IBUF_BUFG_inst/O
                         net (fo=104, routed)         1.447    14.788    U_core/clk_IBUF_BUFG
    SLICE_X44Y7          FDCE                                         r  U_core/num2_reg[0][0]/C
                         clock pessimism              0.188    14.976    
                         clock uncertainty           -0.035    14.941    
    SLICE_X44Y7          FDCE (Recov_fdce_C_CLR)     -0.405    14.536    U_core/num2_reg[0][0]
  -------------------------------------------------------------------
                         required time                         14.536    
                         arrival time                          -8.485    
  -------------------------------------------------------------------
                         slack                                  6.051    

Slack (MET) :             6.191ns  (required time - arrival time)
  Source:                 U_core/count_reg/C
                            (rising edge-triggered cell FDRE clocked by sys_clk_pin  {rise@0.000ns fall@5.000ns period=10.000ns})
  Destination:            U_core/num2_reg[1][1]/CLR
                            (recovery check against rising-edge clock sys_clk_pin  {rise@0.000ns fall@5.000ns period=10.000ns})
  Path Group:             **async_default**
  Path Type:              Recovery (Max at Slow Process Corner)
  Requirement:            10.000ns  (sys_clk_pin rise@10.000ns - sys_clk_pin rise@0.000ns)
  Data Path Delay:        3.256ns  (logic 0.580ns (17.816%)  route 2.676ns (82.184%))
  Logic Levels:           1  (LUT2=1)
  Clock Path Skew:        -0.113ns (DCD - SCD + CPR)
    Destination Clock Delay (DCD):    4.786ns = ( 14.786 - 10.000 ) 
    Source Clock Delay      (SCD):    5.087ns
    Clock Pessimism Removal (CPR):    0.188ns
  Clock Uncertainty:      0.035ns  ((TSJ^2 + TIJ^2)^1/2 + DJ) / 2 + PE
    Total System Jitter     (TSJ):    0.071ns
    Total Input Jitter      (TIJ):    0.000ns
    Discrete Jitter          (DJ):    0.000ns
    Phase Error              (PE):    0.000ns

    Location             Delay type                Incr(ns)  Path(ns)    Netlist Resource(s)
  -------------------------------------------------------------------    -------------------
                         (clock sys_clk_pin rise edge)
                                                      0.000     0.000 r  
    W5                                                0.000     0.000 r  clk (IN)
                         net (fo=0)                   0.000     0.000    clk
    W5                   IBUF (Prop_ibuf_I_O)         1.458     1.458 r  clk_IBUF_inst/O
                         net (fo=1, routed)           1.967     3.425    clk_IBUF
    BUFGCTRL_X0Y0        BUFG (Prop_bufg_I_O)         0.096     3.521 r  clk_IBUF_BUFG_inst/O
                         net (fo=104, routed)         1.566     5.087    U_core/clk_IBUF_BUFG
    SLICE_X29Y6          FDRE                                         r  U_core/count_reg/C
  -------------------------------------------------------------------    -------------------
    SLICE_X29Y6          FDRE (Prop_fdre_C_Q)         0.456     5.543 f  U_core/count_reg/Q
                         net (fo=76, routed)          1.907     7.450    U_core/led_OBUF
    SLICE_X41Y6          LUT2 (Prop_lut2_I1_O)        0.124     7.574 f  U_core/num2[1][3]_i_3/O
                         net (fo=16, routed)          0.769     8.343    U_core/num2[1][3]_i_3_n_0
    SLICE_X36Y6          FDCE                                         f  U_core/num2_reg[1][1]/CLR
  -------------------------------------------------------------------    -------------------

                         (clock sys_clk_pin rise edge)
                                                     10.000    10.000 r  
    W5                                                0.000    10.000 r  clk (IN)
                         net (fo=0)                   0.000    10.000    clk
    W5                   IBUF (Prop_ibuf_I_O)         1.388    11.388 r  clk_IBUF_inst/O
                         net (fo=1, routed)           1.862    13.250    clk_IBUF
    BUFGCTRL_X0Y0        BUFG (Prop_bufg_I_O)         0.091    13.341 r  clk_IBUF_BUFG_inst/O
                         net (fo=104, routed)         1.445    14.786    U_core/clk_IBUF_BUFG
    SLICE_X36Y6          FDCE                                         r  U_core/num2_reg[1][1]/C
                         clock pessimism              0.188    14.974    
                         clock uncertainty           -0.035    14.939    
    SLICE_X36Y6          FDCE (Recov_fdce_C_CLR)     -0.405    14.534    U_core/num2_reg[1][1]
  -------------------------------------------------------------------
                         required time                         14.534    
                         arrival time                          -8.343    
  -------------------------------------------------------------------
                         slack                                  6.191    

Slack (MET) :             6.282ns  (required time - arrival time)
  Source:                 U_core/count_reg/C
                            (rising edge-triggered cell FDRE clocked by sys_clk_pin  {rise@0.000ns fall@5.000ns period=10.000ns})
  Destination:            U_core/num2_reg[1][0]/CLR
                            (recovery check against rising-edge clock sys_clk_pin  {rise@0.000ns fall@5.000ns period=10.000ns})
  Path Group:             **async_default**
  Path Type:              Recovery (Max at Slow Process Corner)
  Requirement:            10.000ns  (sys_clk_pin rise@10.000ns - sys_clk_pin rise@0.000ns)
  Data Path Delay:        3.249ns  (logic 0.580ns (17.850%)  route 2.669ns (82.150%))
  Logic Levels:           1  (LUT2=1)
  Clock Path Skew:        -0.114ns (DCD - SCD + CPR)
    Destination Clock Delay (DCD):    4.785ns = ( 14.785 - 10.000 ) 
    Source Clock Delay      (SCD):    5.087ns
    Clock Pessimism Removal (CPR):    0.188ns
  Clock Uncertainty:      0.035ns  ((TSJ^2 + TIJ^2)^1/2 + DJ) / 2 + PE
    Total System Jitter     (TSJ):    0.071ns
    Total Input Jitter      (TIJ):    0.000ns
    Discrete Jitter          (DJ):    0.000ns
    Phase Error              (PE):    0.000ns

    Location             Delay type                Incr(ns)  Path(ns)    Netlist Resource(s)
  -------------------------------------------------------------------    -------------------
                         (clock sys_clk_pin rise edge)
                                                      0.000     0.000 r  
    W5                                                0.000     0.000 r  clk (IN)
                         net (fo=0)                   0.000     0.000    clk
    W5                   IBUF (Prop_ibuf_I_O)         1.458     1.458 r  clk_IBUF_inst/O
                         net (fo=1, routed)           1.967     3.425    clk_IBUF
    BUFGCTRL_X0Y0        BUFG (Prop_bufg_I_O)         0.096     3.521 r  clk_IBUF_BUFG_inst/O
                         net (fo=104, routed)         1.566     5.087    U_core/clk_IBUF_BUFG
    SLICE_X29Y6          FDRE                                         r  U_core/count_reg/C
  -------------------------------------------------------------------    -------------------
    SLICE_X29Y6          FDRE (Prop_fdre_C_Q)         0.456     5.543 f  U_core/count_reg/Q
                         net (fo=76, routed)          1.907     7.450    U_core/led_OBUF
    SLICE_X41Y6          LUT2 (Prop_lut2_I1_O)        0.124     7.574 f  U_core/num2[1][3]_i_3/O
                         net (fo=16, routed)          0.763     8.337    U_core/num2[1][3]_i_3_n_0
    SLICE_X38Y7          FDCE                                         f  U_core/num2_reg[1][0]/CLR
  -------------------------------------------------------------------    -------------------

                         (clock sys_clk_pin rise edge)
                                                     10.000    10.000 r  
    W5                                                0.000    10.000 r  clk (IN)
                         net (fo=0)                   0.000    10.000    clk
    W5                   IBUF (Prop_ibuf_I_O)         1.388    11.388 r  clk_IBUF_inst/O
                         net (fo=1, routed)           1.862    13.250    clk_IBUF
    BUFGCTRL_X0Y0        BUFG (Prop_bufg_I_O)         0.091    13.341 r  clk_IBUF_BUFG_inst/O
                         net (fo=104, routed)         1.444    14.785    U_core/clk_IBUF_BUFG
    SLICE_X38Y7          FDCE                                         r  U_core/num2_reg[1][0]/C
                         clock pessimism              0.188    14.973    
                         clock uncertainty           -0.035    14.938    
    SLICE_X38Y7          FDCE (Recov_fdce_C_CLR)     -0.319    14.619    U_core/num2_reg[1][0]
  -------------------------------------------------------------------
                         required time                         14.619    
                         arrival time                          -8.337    
  -------------------------------------------------------------------
                         slack                                  6.282    





Min Delay Paths
--------------------------------------------------------------------------------------
Slack (MET) :             0.560ns  (arrival time - required time)
  Source:                 U_anode/prev_rst_reg/C
                            (rising edge-triggered cell FDRE clocked by sys_clk_pin  {rise@0.000ns fall@5.000ns period=10.000ns})
  Destination:            U_anode/flag_reg/CLR
                            (removal check against rising-edge clock sys_clk_pin  {rise@0.000ns fall@5.000ns period=10.000ns})
  Path Group:             **async_default**
  Path Type:              Removal (Min at Fast Process Corner)
  Requirement:            0.000ns  (sys_clk_pin rise@0.000ns - sys_clk_pin rise@0.000ns)
  Data Path Delay:        0.506ns  (logic 0.209ns (41.328%)  route 0.297ns (58.672%))
  Logic Levels:           1  (LUT2=1)
  Clock Path Skew:        0.013ns (DCD - SCD - CPR)
    Destination Clock Delay (DCD):    1.950ns
    Source Clock Delay      (SCD):    1.439ns
    Clock Pessimism Removal (CPR):    0.498ns

    Location             Delay type                Incr(ns)  Path(ns)    Netlist Resource(s)
  -------------------------------------------------------------------    -------------------
                         (clock sys_clk_pin rise edge)
                                                      0.000     0.000 r  
    W5                                                0.000     0.000 r  clk (IN)
                         net (fo=0)                   0.000     0.000    clk
    W5                   IBUF (Prop_ibuf_I_O)         0.226     0.226 r  clk_IBUF_inst/O
                         net (fo=1, routed)           0.631     0.858    clk_IBUF
    BUFGCTRL_X0Y0        BUFG (Prop_bufg_I_O)         0.026     0.884 r  clk_IBUF_BUFG_inst/O
                         net (fo=104, routed)         0.556     1.439    U_anode/clk_IBUF_BUFG
    SLICE_X46Y30         FDRE                                         r  U_anode/prev_rst_reg/C
  -------------------------------------------------------------------    -------------------
    SLICE_X46Y30         FDRE (Prop_fdre_C_Q)         0.164     1.603 r  U_anode/prev_rst_reg/Q
                         net (fo=2, routed)           0.117     1.720    U_anode/prev_rst
    SLICE_X46Y29         LUT2 (Prop_lut2_I1_O)        0.045     1.765 f  U_anode/flag_i_2/O
                         net (fo=1, routed)           0.180     1.945    U_anode/flag_i_2_n_0
    SLICE_X46Y29         FDCE                                         f  U_anode/flag_reg/CLR
  -------------------------------------------------------------------    -------------------

                         (clock sys_clk_pin rise edge)
                                                      0.000     0.000 r  
    W5                                                0.000     0.000 r  clk (IN)
                         net (fo=0)                   0.000     0.000    clk
    W5                   IBUF (Prop_ibuf_I_O)         0.414     0.414 r  clk_IBUF_inst/O
                         net (fo=1, routed)           0.685     1.099    clk_IBUF
    BUFGCTRL_X0Y0        BUFG (Prop_bufg_I_O)         0.029     1.128 r  clk_IBUF_BUFG_inst/O
                         net (fo=104, routed)         0.823     1.950    U_anode/clk_IBUF_BUFG
    SLICE_X46Y29         FDCE                                         r  U_anode/flag_reg/C
                         clock pessimism             -0.498     1.452    
    SLICE_X46Y29         FDCE (Remov_fdce_C_CLR)     -0.067     1.385    U_anode/flag_reg
  -------------------------------------------------------------------
                         required time                         -1.385    
                         arrival time                           1.945    
  -------------------------------------------------------------------
                         slack                                  0.560    

Slack (MET) :             0.669ns  (arrival time - required time)
  Source:                 U_core/count_reg/C
                            (rising edge-triggered cell FDRE clocked by sys_clk_pin  {rise@0.000ns fall@5.000ns period=10.000ns})
  Destination:            U_core/num_reg[0][3]/CLR
                            (removal check against rising-edge clock sys_clk_pin  {rise@0.000ns fall@5.000ns period=10.000ns})
  Path Group:             **async_default**
  Path Type:              Removal (Min at Fast Process Corner)
  Requirement:            0.000ns  (sys_clk_pin rise@0.000ns - sys_clk_pin rise@0.000ns)
  Data Path Delay:        0.593ns  (logic 0.186ns (31.381%)  route 0.407ns (68.619%))
  Logic Levels:           1  (LUT2=1)
  Clock Path Skew:        0.016ns (DCD - SCD - CPR)
    Destination Clock Delay (DCD):    1.960ns
    Source Clock Delay      (SCD):    1.446ns
    Clock Pessimism Removal (CPR):    0.498ns

    Location             Delay type                Incr(ns)  Path(ns)    Netlist Resource(s)
  -------------------------------------------------------------------    -------------------
                         (clock sys_clk_pin rise edge)
                                                      0.000     0.000 r  
    W5                                                0.000     0.000 r  clk (IN)
                         net (fo=0)                   0.000     0.000    clk
    W5                   IBUF (Prop_ibuf_I_O)         0.226     0.226 r  clk_IBUF_inst/O
                         net (fo=1, routed)           0.631     0.858    clk_IBUF
    BUFGCTRL_X0Y0        BUFG (Prop_bufg_I_O)         0.026     0.884 r  clk_IBUF_BUFG_inst/O
                         net (fo=104, routed)         0.563     1.446    U_core/clk_IBUF_BUFG
    SLICE_X29Y6          FDRE                                         r  U_core/count_reg/C
  -------------------------------------------------------------------    -------------------
    SLICE_X29Y6          FDRE (Prop_fdre_C_Q)         0.141     1.587 r  U_core/count_reg/Q
                         net (fo=76, routed)          0.197     1.784    U_core/led_OBUF
    SLICE_X29Y6          LUT2 (Prop_lut2_I1_O)        0.045     1.829 f  U_core/num[3][3]_i_3/O
                         net (fo=16, routed)          0.210     2.039    U_core/num[3][3]_i_3_n_0
    SLICE_X29Y5          FDCE                                         f  U_core/num_reg[0][3]/CLR
  -------------------------------------------------------------------    -------------------

                         (clock sys_clk_pin rise edge)
                                                      0.000     0.000 r  
    W5                                                0.000     0.000 r  clk (IN)
                         net (fo=0)                   0.000     0.000    clk
    W5                   IBUF (Prop_ibuf_I_O)         0.414     0.414 r  clk_IBUF_inst/O
                         net (fo=1, routed)           0.685     1.099    clk_IBUF
    BUFGCTRL_X0Y0        BUFG (Prop_bufg_I_O)         0.029     1.128 r  clk_IBUF_BUFG_inst/O
                         net (fo=104, routed)         0.833     1.960    U_core/clk_IBUF_BUFG
    SLICE_X29Y5          FDCE                                         r  U_core/num_reg[0][3]/C
                         clock pessimism             -0.498     1.462    
    SLICE_X29Y5          FDCE (Remov_fdce_C_CLR)     -0.092     1.370    U_core/num_reg[0][3]
  -------------------------------------------------------------------
                         required time                         -1.370    
                         arrival time                           2.039    
  -------------------------------------------------------------------
                         slack                                  0.669    

Slack (MET) :             0.673ns  (arrival time - required time)
  Source:                 U_core/count_reg/C
                            (rising edge-triggered cell FDRE clocked by sys_clk_pin  {rise@0.000ns fall@5.000ns period=10.000ns})
  Destination:            U_core/num_reg[3][3]/CLR
                            (removal check against rising-edge clock sys_clk_pin  {rise@0.000ns fall@5.000ns period=10.000ns})
  Path Group:             **async_default**
  Path Type:              Removal (Min at Fast Process Corner)
  Requirement:            0.000ns  (sys_clk_pin rise@0.000ns - sys_clk_pin rise@0.000ns)
  Data Path Delay:        0.845ns  (logic 0.186ns (22.005%)  route 0.659ns (77.995%))
  Logic Levels:           1  (LUT2=1)
  Clock Path Skew:        0.264ns (DCD - SCD - CPR)
    Destination Clock Delay (DCD):    1.959ns
    Source Clock Delay      (SCD):    1.446ns
    Clock Pessimism Removal (CPR):    0.249ns

    Location             Delay type                Incr(ns)  Path(ns)    Netlist Resource(s)
  -------------------------------------------------------------------    -------------------
                         (clock sys_clk_pin rise edge)
                                                      0.000     0.000 r  
    W5                                                0.000     0.000 r  clk (IN)
                         net (fo=0)                   0.000     0.000    clk
    W5                   IBUF (Prop_ibuf_I_O)         0.226     0.226 r  clk_IBUF_inst/O
                         net (fo=1, routed)           0.631     0.858    clk_IBUF
    BUFGCTRL_X0Y0        BUFG (Prop_bufg_I_O)         0.026     0.884 r  clk_IBUF_BUFG_inst/O
                         net (fo=104, routed)         0.563     1.446    U_core/clk_IBUF_BUFG
    SLICE_X29Y6          FDRE                                         r  U_core/count_reg/C
  -------------------------------------------------------------------    -------------------
    SLICE_X29Y6          FDRE (Prop_fdre_C_Q)         0.141     1.587 r  U_core/count_reg/Q
                         net (fo=76, routed)          0.197     1.784    U_core/led_OBUF
    SLICE_X29Y6          LUT2 (Prop_lut2_I1_O)        0.045     1.829 f  U_core/num[3][3]_i_3/O
                         net (fo=16, routed)          0.462     2.291    U_core/num[3][3]_i_3_n_0
    SLICE_X37Y6          FDCE                                         f  U_core/num_reg[3][3]/CLR
  -------------------------------------------------------------------    -------------------

                         (clock sys_clk_pin rise edge)
                                                      0.000     0.000 r  
    W5                                                0.000     0.000 r  clk (IN)
                         net (fo=0)                   0.000     0.000    clk
    W5                   IBUF (Prop_ibuf_I_O)         0.414     0.414 r  clk_IBUF_inst/O
                         net (fo=1, routed)           0.685     1.099    clk_IBUF
    BUFGCTRL_X0Y0        BUFG (Prop_bufg_I_O)         0.029     1.128 r  clk_IBUF_BUFG_inst/O
                         net (fo=104, routed)         0.832     1.959    U_core/clk_IBUF_BUFG
    SLICE_X37Y6          FDCE                                         r  U_core/num_reg[3][3]/C
                         clock pessimism             -0.249     1.710    
    SLICE_X37Y6          FDCE (Remov_fdce_C_CLR)     -0.092     1.618    U_core/num_reg[3][3]
  -------------------------------------------------------------------
                         required time                         -1.618    
                         arrival time                           2.291    
  -------------------------------------------------------------------
                         slack                                  0.673    

Slack (MET) :             0.710ns  (arrival time - required time)
  Source:                 U_core/count_reg/C
                            (rising edge-triggered cell FDRE clocked by sys_clk_pin  {rise@0.000ns fall@5.000ns period=10.000ns})
  Destination:            U_core/num_reg[0][2]/CLR
                            (removal check against rising-edge clock sys_clk_pin  {rise@0.000ns fall@5.000ns period=10.000ns})
  Path Group:             **async_default**
  Path Type:              Removal (Min at Fast Process Corner)
  Requirement:            0.000ns  (sys_clk_pin rise@0.000ns - sys_clk_pin rise@0.000ns)
  Data Path Delay:        0.653ns  (logic 0.186ns (28.493%)  route 0.467ns (71.507%))
  Logic Levels:           1  (LUT2=1)
  Clock Path Skew:        0.035ns (DCD - SCD - CPR)
    Destination Clock Delay (DCD):    1.959ns
    Source Clock Delay      (SCD):    1.446ns
    Clock Pessimism Removal (CPR):    0.478ns

    Location             Delay type                Incr(ns)  Path(ns)    Netlist Resource(s)
  -------------------------------------------------------------------    -------------------
                         (clock sys_clk_pin rise edge)
                                                      0.000     0.000 r  
    W5                                                0.000     0.000 r  clk (IN)
                         net (fo=0)                   0.000     0.000    clk
    W5                   IBUF (Prop_ibuf_I_O)         0.226     0.226 r  clk_IBUF_inst/O
                         net (fo=1, routed)           0.631     0.858    clk_IBUF
    BUFGCTRL_X0Y0        BUFG (Prop_bufg_I_O)         0.026     0.884 r  clk_IBUF_BUFG_inst/O
                         net (fo=104, routed)         0.563     1.446    U_core/clk_IBUF_BUFG
    SLICE_X29Y6          FDRE                                         r  U_core/count_reg/C
  -------------------------------------------------------------------    -------------------
    SLICE_X29Y6          FDRE (Prop_fdre_C_Q)         0.141     1.587 r  U_core/count_reg/Q
                         net (fo=76, routed)          0.197     1.784    U_core/led_OBUF
    SLICE_X29Y6          LUT2 (Prop_lut2_I1_O)        0.045     1.829 f  U_core/num[3][3]_i_3/O
                         net (fo=16, routed)          0.270     2.099    U_core/num[3][3]_i_3_n_0
    SLICE_X33Y5          FDCE                                         f  U_core/num_reg[0][2]/CLR
  -------------------------------------------------------------------    -------------------

                         (clock sys_clk_pin rise edge)
                                                      0.000     0.000 r  
    W5                                                0.000     0.000 r  clk (IN)
                         net (fo=0)                   0.000     0.000    clk
    W5                   IBUF (Prop_ibuf_I_O)         0.414     0.414 r  clk_IBUF_inst/O
                         net (fo=1, routed)           0.685     1.099    clk_IBUF
    BUFGCTRL_X0Y0        BUFG (Prop_bufg_I_O)         0.029     1.128 r  clk_IBUF_BUFG_inst/O
                         net (fo=104, routed)         0.832     1.959    U_core/clk_IBUF_BUFG
    SLICE_X33Y5          FDCE                                         r  U_core/num_reg[0][2]/C
                         clock pessimism             -0.478     1.481    
    SLICE_X33Y5          FDCE (Remov_fdce_C_CLR)     -0.092     1.389    U_core/num_reg[0][2]
  -------------------------------------------------------------------
                         required time                         -1.389    
                         arrival time                           2.099    
  -------------------------------------------------------------------
                         slack                                  0.710    

Slack (MET) :             0.738ns  (arrival time - required time)
  Source:                 U_core/count_reg/C
                            (rising edge-triggered cell FDRE clocked by sys_clk_pin  {rise@0.000ns fall@5.000ns period=10.000ns})
  Destination:            U_core/num_reg[3][1]/CLR
                            (removal check against rising-edge clock sys_clk_pin  {rise@0.000ns fall@5.000ns period=10.000ns})
  Path Group:             **async_default**
  Path Type:              Removal (Min at Fast Process Corner)
  Requirement:            0.000ns  (sys_clk_pin rise@0.000ns - sys_clk_pin rise@0.000ns)
  Data Path Delay:        0.909ns  (logic 0.186ns (20.472%)  route 0.723ns (79.528%))
  Logic Levels:           1  (LUT2=1)
  Clock Path Skew:        0.263ns (DCD - SCD - CPR)
    Destination Clock Delay (DCD):    1.958ns
    Source Clock Delay      (SCD):    1.446ns
    Clock Pessimism Removal (CPR):    0.249ns

    Location             Delay type                Incr(ns)  Path(ns)    Netlist Resource(s)
  -------------------------------------------------------------------    -------------------
                         (clock sys_clk_pin rise edge)
                                                      0.000     0.000 r  
    W5                                                0.000     0.000 r  clk (IN)
                         net (fo=0)                   0.000     0.000    clk
    W5                   IBUF (Prop_ibuf_I_O)         0.226     0.226 r  clk_IBUF_inst/O
                         net (fo=1, routed)           0.631     0.858    clk_IBUF
    BUFGCTRL_X0Y0        BUFG (Prop_bufg_I_O)         0.026     0.884 r  clk_IBUF_BUFG_inst/O
                         net (fo=104, routed)         0.563     1.446    U_core/clk_IBUF_BUFG
    SLICE_X29Y6          FDRE                                         r  U_core/count_reg/C
  -------------------------------------------------------------------    -------------------
    SLICE_X29Y6          FDRE (Prop_fdre_C_Q)         0.141     1.587 r  U_core/count_reg/Q
                         net (fo=76, routed)          0.197     1.784    U_core/led_OBUF
    SLICE_X29Y6          LUT2 (Prop_lut2_I1_O)        0.045     1.829 f  U_core/num[3][3]_i_3/O
                         net (fo=16, routed)          0.525     2.355    U_core/num[3][3]_i_3_n_0
    SLICE_X37Y7          FDCE                                         f  U_core/num_reg[3][1]/CLR
  -------------------------------------------------------------------    -------------------

                         (clock sys_clk_pin rise edge)
                                                      0.000     0.000 r  
    W5                                                0.000     0.000 r  clk (IN)
                         net (fo=0)                   0.000     0.000    clk
    W5                   IBUF (Prop_ibuf_I_O)         0.414     0.414 r  clk_IBUF_inst/O
                         net (fo=1, routed)           0.685     1.099    clk_IBUF
    BUFGCTRL_X0Y0        BUFG (Prop_bufg_I_O)         0.029     1.128 r  clk_IBUF_BUFG_inst/O
                         net (fo=104, routed)         0.831     1.958    U_core/clk_IBUF_BUFG
    SLICE_X37Y7          FDCE                                         r  U_core/num_reg[3][1]/C
                         clock pessimism             -0.249     1.709    
    SLICE_X37Y7          FDCE (Remov_fdce_C_CLR)     -0.092     1.617    U_core/num_reg[3][1]
  -------------------------------------------------------------------
                         required time                         -1.617    
                         arrival time                           2.355    
  -------------------------------------------------------------------
                         slack                                  0.738    

Slack (MET) :             0.749ns  (arrival time - required time)
  Source:                 U_core/count_reg/C
                            (rising edge-triggered cell FDRE clocked by sys_clk_pin  {rise@0.000ns fall@5.000ns period=10.000ns})
  Destination:            U_core/num_reg[0][0]/CLR
                            (removal check against rising-edge clock sys_clk_pin  {rise@0.000ns fall@5.000ns period=10.000ns})
  Path Group:             **async_default**
  Path Type:              Removal (Min at Fast Process Corner)
  Requirement:            0.000ns  (sys_clk_pin rise@0.000ns - sys_clk_pin rise@0.000ns)
  Data Path Delay:        0.717ns  (logic 0.186ns (25.928%)  route 0.531ns (74.072%))
  Logic Levels:           1  (LUT2=1)
  Clock Path Skew:        0.035ns (DCD - SCD - CPR)
    Destination Clock Delay (DCD):    1.959ns
    Source Clock Delay      (SCD):    1.446ns
    Clock Pessimism Removal (CPR):    0.478ns

    Location             Delay type                Incr(ns)  Path(ns)    Netlist Resource(s)
  -------------------------------------------------------------------    -------------------
                         (clock sys_clk_pin rise edge)
                                                      0.000     0.000 r  
    W5                                                0.000     0.000 r  clk (IN)
                         net (fo=0)                   0.000     0.000    clk
    W5                   IBUF (Prop_ibuf_I_O)         0.226     0.226 r  clk_IBUF_inst/O
                         net (fo=1, routed)           0.631     0.858    clk_IBUF
    BUFGCTRL_X0Y0        BUFG (Prop_bufg_I_O)         0.026     0.884 r  clk_IBUF_BUFG_inst/O
                         net (fo=104, routed)         0.563     1.446    U_core/clk_IBUF_BUFG
    SLICE_X29Y6          FDRE                                         r  U_core/count_reg/C
  -------------------------------------------------------------------    -------------------
    SLICE_X29Y6          FDRE (Prop_fdre_C_Q)         0.141     1.587 r  U_core/count_reg/Q
                         net (fo=76, routed)          0.197     1.784    U_core/led_OBUF
    SLICE_X29Y6          LUT2 (Prop_lut2_I1_O)        0.045     1.829 f  U_core/num[3][3]_i_3/O
                         net (fo=16, routed)          0.334     2.164    U_core/num[3][3]_i_3_n_0
    SLICE_X30Y5          FDCE                                         f  U_core/num_reg[0][0]/CLR
  -------------------------------------------------------------------    -------------------

                         (clock sys_clk_pin rise edge)
                                                      0.000     0.000 r  
    W5                                                0.000     0.000 r  clk (IN)
                         net (fo=0)                   0.000     0.000    clk
    W5                   IBUF (Prop_ibuf_I_O)         0.414     0.414 r  clk_IBUF_inst/O
                         net (fo=1, routed)           0.685     1.099    clk_IBUF
    BUFGCTRL_X0Y0        BUFG (Prop_bufg_I_O)         0.029     1.128 r  clk_IBUF_BUFG_inst/O
                         net (fo=104, routed)         0.832     1.959    U_core/clk_IBUF_BUFG
    SLICE_X30Y5          FDCE                                         r  U_core/num_reg[0][0]/C
                         clock pessimism             -0.478     1.481    
    SLICE_X30Y5          FDCE (Remov_fdce_C_CLR)     -0.067     1.414    U_core/num_reg[0][0]
  -------------------------------------------------------------------
                         required time                         -1.414    
                         arrival time                           2.164    
  -------------------------------------------------------------------
                         slack                                  0.749    

Slack (MET) :             0.749ns  (arrival time - required time)
  Source:                 U_core/count_reg/C
                            (rising edge-triggered cell FDRE clocked by sys_clk_pin  {rise@0.000ns fall@5.000ns period=10.000ns})
  Destination:            U_core/num_reg[0][1]/CLR
                            (removal check against rising-edge clock sys_clk_pin  {rise@0.000ns fall@5.000ns period=10.000ns})
  Path Group:             **async_default**
  Path Type:              Removal (Min at Fast Process Corner)
  Requirement:            0.000ns  (sys_clk_pin rise@0.000ns - sys_clk_pin rise@0.000ns)
  Data Path Delay:        0.717ns  (logic 0.186ns (25.928%)  route 0.531ns (74.072%))
  Logic Levels:           1  (LUT2=1)
  Clock Path Skew:        0.035ns (DCD - SCD - CPR)
    Destination Clock Delay (DCD):    1.959ns
    Source Clock Delay      (SCD):    1.446ns
    Clock Pessimism Removal (CPR):    0.478ns

    Location             Delay type                Incr(ns)  Path(ns)    Netlist Resource(s)
  -------------------------------------------------------------------    -------------------
                         (clock sys_clk_pin rise edge)
                                                      0.000     0.000 r  
    W5                                                0.000     0.000 r  clk (IN)
                         net (fo=0)                   0.000     0.000    clk
    W5                   IBUF (Prop_ibuf_I_O)         0.226     0.226 r  clk_IBUF_inst/O
                         net (fo=1, routed)           0.631     0.858    clk_IBUF
    BUFGCTRL_X0Y0        BUFG (Prop_bufg_I_O)         0.026     0.884 r  clk_IBUF_BUFG_inst/O
                         net (fo=104, routed)         0.563     1.446    U_core/clk_IBUF_BUFG
    SLICE_X29Y6          FDRE                                         r  U_core/count_reg/C
  -------------------------------------------------------------------    -------------------
    SLICE_X29Y6          FDRE (Prop_fdre_C_Q)         0.141     1.587 r  U_core/count_reg/Q
                         net (fo=76, routed)          0.197     1.784    U_core/led_OBUF
    SLICE_X29Y6          LUT2 (Prop_lut2_I1_O)        0.045     1.829 f  U_core/num[3][3]_i_3/O
                         net (fo=16, routed)          0.334     2.164    U_core/num[3][3]_i_3_n_0
    SLICE_X30Y5          FDCE                                         f  U_core/num_reg[0][1]/CLR
  -------------------------------------------------------------------    -------------------

                         (clock sys_clk_pin rise edge)
                                                      0.000     0.000 r  
    W5                                                0.000     0.000 r  clk (IN)
                         net (fo=0)                   0.000     0.000    clk
    W5                   IBUF (Prop_ibuf_I_O)         0.414     0.414 r  clk_IBUF_inst/O
                         net (fo=1, routed)           0.685     1.099    clk_IBUF
    BUFGCTRL_X0Y0        BUFG (Prop_bufg_I_O)         0.029     1.128 r  clk_IBUF_BUFG_inst/O
                         net (fo=104, routed)         0.832     1.959    U_core/clk_IBUF_BUFG
    SLICE_X30Y5          FDCE                                         r  U_core/num_reg[0][1]/C
                         clock pessimism             -0.478     1.481    
    SLICE_X30Y5          FDCE (Remov_fdce_C_CLR)     -0.067     1.414    U_core/num_reg[0][1]
  -------------------------------------------------------------------
                         required time                         -1.414    
                         arrival time                           2.164    
  -------------------------------------------------------------------
                         slack                                  0.749    

Slack (MET) :             0.791ns  (arrival time - required time)
  Source:                 U_core/count_reg/C
                            (rising edge-triggered cell FDRE clocked by sys_clk_pin  {rise@0.000ns fall@5.000ns period=10.000ns})
  Destination:            U_core/num_reg[3][0]/CLR
                            (removal check against rising-edge clock sys_clk_pin  {rise@0.000ns fall@5.000ns period=10.000ns})
  Path Group:             **async_default**
  Path Type:              Removal (Min at Fast Process Corner)
  Requirement:            0.000ns  (sys_clk_pin rise@0.000ns - sys_clk_pin rise@0.000ns)
  Data Path Delay:        0.962ns  (logic 0.186ns (19.336%)  route 0.776ns (80.664%))
  Logic Levels:           1  (LUT2=1)
  Clock Path Skew:        0.263ns (DCD - SCD - CPR)
    Destination Clock Delay (DCD):    1.958ns
    Source Clock Delay      (SCD):    1.446ns
    Clock Pessimism Removal (CPR):    0.249ns

    Location             Delay type                Incr(ns)  Path(ns)    Netlist Resource(s)
  -------------------------------------------------------------------    -------------------
                         (clock sys_clk_pin rise edge)
                                                      0.000     0.000 r  
    W5                                                0.000     0.000 r  clk (IN)
                         net (fo=0)                   0.000     0.000    clk
    W5                   IBUF (Prop_ibuf_I_O)         0.226     0.226 r  clk_IBUF_inst/O
                         net (fo=1, routed)           0.631     0.858    clk_IBUF
    BUFGCTRL_X0Y0        BUFG (Prop_bufg_I_O)         0.026     0.884 r  clk_IBUF_BUFG_inst/O
                         net (fo=104, routed)         0.563     1.446    U_core/clk_IBUF_BUFG
    SLICE_X29Y6          FDRE                                         r  U_core/count_reg/C
  -------------------------------------------------------------------    -------------------
    SLICE_X29Y6          FDRE (Prop_fdre_C_Q)         0.141     1.587 r  U_core/count_reg/Q
                         net (fo=76, routed)          0.197     1.784    U_core/led_OBUF
    SLICE_X29Y6          LUT2 (Prop_lut2_I1_O)        0.045     1.829 f  U_core/num[3][3]_i_3/O
                         net (fo=16, routed)          0.579     2.408    U_core/num[3][3]_i_3_n_0
    SLICE_X37Y8          FDCE                                         f  U_core/num_reg[3][0]/CLR
  -------------------------------------------------------------------    -------------------

                         (clock sys_clk_pin rise edge)
                                                      0.000     0.000 r  
    W5                                                0.000     0.000 r  clk (IN)
                         net (fo=0)                   0.000     0.000    clk
    W5                   IBUF (Prop_ibuf_I_O)         0.414     0.414 r  clk_IBUF_inst/O
                         net (fo=1, routed)           0.685     1.099    clk_IBUF
    BUFGCTRL_X0Y0        BUFG (Prop_bufg_I_O)         0.029     1.128 r  clk_IBUF_BUFG_inst/O
                         net (fo=104, routed)         0.831     1.958    U_core/clk_IBUF_BUFG
    SLICE_X37Y8          FDCE                                         r  U_core/num_reg[3][0]/C
                         clock pessimism             -0.249     1.709    
    SLICE_X37Y8          FDCE (Remov_fdce_C_CLR)     -0.092     1.617    U_core/num_reg[3][0]
  -------------------------------------------------------------------
                         required time                         -1.617    
                         arrival time                           2.408    
  -------------------------------------------------------------------
                         slack                                  0.791    

Slack (MET) :             0.791ns  (arrival time - required time)
  Source:                 U_core/count_reg/C
                            (rising edge-triggered cell FDRE clocked by sys_clk_pin  {rise@0.000ns fall@5.000ns period=10.000ns})
  Destination:            U_core/num_reg[3][2]/CLR
                            (removal check against rising-edge clock sys_clk_pin  {rise@0.000ns fall@5.000ns period=10.000ns})
  Path Group:             **async_default**
  Path Type:              Removal (Min at Fast Process Corner)
  Requirement:            0.000ns  (sys_clk_pin rise@0.000ns - sys_clk_pin rise@0.000ns)
  Data Path Delay:        0.962ns  (logic 0.186ns (19.336%)  route 0.776ns (80.664%))
  Logic Levels:           1  (LUT2=1)
  Clock Path Skew:        0.263ns (DCD - SCD - CPR)
    Destination Clock Delay (DCD):    1.958ns
    Source Clock Delay      (SCD):    1.446ns
    Clock Pessimism Removal (CPR):    0.249ns

    Location             Delay type                Incr(ns)  Path(ns)    Netlist Resource(s)
  -------------------------------------------------------------------    -------------------
                         (clock sys_clk_pin rise edge)
                                                      0.000     0.000 r  
    W5                                                0.000     0.000 r  clk (IN)
                         net (fo=0)                   0.000     0.000    clk
    W5                   IBUF (Prop_ibuf_I_O)         0.226     0.226 r  clk_IBUF_inst/O
                         net (fo=1, routed)           0.631     0.858    clk_IBUF
    BUFGCTRL_X0Y0        BUFG (Prop_bufg_I_O)         0.026     0.884 r  clk_IBUF_BUFG_inst/O
                         net (fo=104, routed)         0.563     1.446    U_core/clk_IBUF_BUFG
    SLICE_X29Y6          FDRE                                         r  U_core/count_reg/C
  -------------------------------------------------------------------    -------------------
    SLICE_X29Y6          FDRE (Prop_fdre_C_Q)         0.141     1.587 r  U_core/count_reg/Q
                         net (fo=76, routed)          0.197     1.784    U_core/led_OBUF
    SLICE_X29Y6          LUT2 (Prop_lut2_I1_O)        0.045     1.829 f  U_core/num[3][3]_i_3/O
                         net (fo=16, routed)          0.579     2.408    U_core/num[3][3]_i_3_n_0
    SLICE_X37Y8          FDCE                                         f  U_core/num_reg[3][2]/CLR
  -------------------------------------------------------------------    -------------------

                         (clock sys_clk_pin rise edge)
                                                      0.000     0.000 r  
    W5                                                0.000     0.000 r  clk (IN)
                         net (fo=0)                   0.000     0.000    clk
    W5                   IBUF (Prop_ibuf_I_O)         0.414     0.414 r  clk_IBUF_inst/O
                         net (fo=1, routed)           0.685     1.099    clk_IBUF
    BUFGCTRL_X0Y0        BUFG (Prop_bufg_I_O)         0.029     1.128 r  clk_IBUF_BUFG_inst/O
                         net (fo=104, routed)         0.831     1.958    U_core/clk_IBUF_BUFG
    SLICE_X37Y8          FDCE                                         r  U_core/num_reg[3][2]/C
                         clock pessimism             -0.249     1.709    
    SLICE_X37Y8          FDCE (Remov_fdce_C_CLR)     -0.092     1.617    U_core/num_reg[3][2]
  -------------------------------------------------------------------
                         required time                         -1.617    
                         arrival time                           2.408    
  -------------------------------------------------------------------
                         slack                                  0.791    

Slack (MET) :             0.843ns  (arrival time - required time)
  Source:                 U_core/count_reg/C
                            (rising edge-triggered cell FDRE clocked by sys_clk_pin  {rise@0.000ns fall@5.000ns period=10.000ns})
  Destination:            U_core/num_reg[1][0]/CLR
                            (removal check against rising-edge clock sys_clk_pin  {rise@0.000ns fall@5.000ns period=10.000ns})
  Path Group:             **async_default**
  Path Type:              Removal (Min at Fast Process Corner)
  Requirement:            0.000ns  (sys_clk_pin rise@0.000ns - sys_clk_pin rise@0.000ns)
  Data Path Delay:        0.811ns  (logic 0.186ns (22.936%)  route 0.625ns (77.064%))
  Logic Levels:           1  (LUT2=1)
  Clock Path Skew:        0.035ns (DCD - SCD - CPR)
    Destination Clock Delay (DCD):    1.959ns
    Source Clock Delay      (SCD):    1.446ns
    Clock Pessimism Removal (CPR):    0.478ns

    Location             Delay type                Incr(ns)  Path(ns)    Netlist Resource(s)
  -------------------------------------------------------------------    -------------------
                         (clock sys_clk_pin rise edge)
                                                      0.000     0.000 r  
    W5                                                0.000     0.000 r  clk (IN)
                         net (fo=0)                   0.000     0.000    clk
    W5                   IBUF (Prop_ibuf_I_O)         0.226     0.226 r  clk_IBUF_inst/O
                         net (fo=1, routed)           0.631     0.858    clk_IBUF
    BUFGCTRL_X0Y0        BUFG (Prop_bufg_I_O)         0.026     0.884 r  clk_IBUF_BUFG_inst/O
                         net (fo=104, routed)         0.563     1.446    U_core/clk_IBUF_BUFG
    SLICE_X29Y6          FDRE                                         r  U_core/count_reg/C
  -------------------------------------------------------------------    -------------------
    SLICE_X29Y6          FDRE (Prop_fdre_C_Q)         0.141     1.587 r  U_core/count_reg/Q
                         net (fo=76, routed)          0.197     1.784    U_core/led_OBUF
    SLICE_X29Y6          LUT2 (Prop_lut2_I1_O)        0.045     1.829 f  U_core/num[3][3]_i_3/O
                         net (fo=16, routed)          0.428     2.257    U_core/num[3][3]_i_3_n_0
    SLICE_X30Y6          FDCE                                         f  U_core/num_reg[1][0]/CLR
  -------------------------------------------------------------------    -------------------

                         (clock sys_clk_pin rise edge)
                                                      0.000     0.000 r  
    W5                                                0.000     0.000 r  clk (IN)
                         net (fo=0)                   0.000     0.000    clk
    W5                   IBUF (Prop_ibuf_I_O)         0.414     0.414 r  clk_IBUF_inst/O
                         net (fo=1, routed)           0.685     1.099    clk_IBUF
    BUFGCTRL_X0Y0        BUFG (Prop_bufg_I_O)         0.029     1.128 r  clk_IBUF_BUFG_inst/O
                         net (fo=104, routed)         0.832     1.959    U_core/clk_IBUF_BUFG
    SLICE_X30Y6          FDCE                                         r  U_core/num_reg[1][0]/C
                         clock pessimism             -0.478     1.481    
    SLICE_X30Y6          FDCE (Remov_fdce_C_CLR)     -0.067     1.414    U_core/num_reg[1][0]
  -------------------------------------------------------------------
                         required time                         -1.414    
                         arrival time                           2.257    
  -------------------------------------------------------------------
                         slack                                  0.843    





